rainfall_mm,rainfall_intensity,river_level_m,river_level_change,soil_moisture,humidity,temperature,elevation_m,historical_flood_count,flood_risk
112.36203565420875,53.81623953671184,9.72385431116733,2.6543120456107796,68.88756893806504,64.97691706103373,30.827626737981536,2322.0558577404254,1,HIGH
285.21429192297484,63.734511775309784,2.5857954315774934,1.101441927277992,17.202931278934297,82.2722740758816,21.09673977027928,1453.810192192007,3,CRITICAL
219.59818254342153,20.03743190339992,13.085918450322223,1.8996410873443375,31.80968303083651,69.38667464594332,23.876364396583504,2371.095838330831,9,CRITICAL
179.59754525911097,49.98992796855991,9.196743586038622,0.7441931918903513,79.63114118313257,35.83118081782575,33.668991307258025,239.05466487197222,1,CRITICAL
46.80559213273096,45.739678651499894,2.3580582533543137,1.5201383101697528,57.581726831093775,42.99061657484888,40.05224118667176,590.9500243509254,7,HIGH
46.798356100860794,66.62643014306168,14.435070862218103,0.36230374968447476,93.51721556083403,45.35297288216434,15.888752033591027,1663.5720639461547,9,CRITICAL
17.42508365045984,72.48696483850084,7.77548195002981,0.2046360791417814,48.58762675072189,48.05049775513914,18.68307183884283,2842.323207763031,6,MODERATE
259.85284373248055,0.9725417181909446,1.093476778074825,1.3129191446780548,88.28311292325307,69.57823743653529,42.2295758544965,242.77838323090535,6,CRITICAL
180.33450352296265,53.92159352470341,9.402493566226008,0.9925186967359214,50.40598937304138,65.27760458777755,28.140471696377816,148.39096414745563,2,CRITICAL
212.42177333881364,4.146863929578322,3.7979836051921536,1.3181454765999243,98.13234508317868,44.221202685494625,12.158472685400042,486.52101128500993,6,CRITICAL
6.175348288740734,43.908693206188474,12.055401778159537,0.14664232514809195,96.3850943258989,34.7288390418981,31.54780555649531,1930.6363240032665,7,MODERATE
290.9729556485983,23.010618323494256,12.26733110349286,0.46783132726798105,39.62230350004723,42.000254313230265,44.63048622157518,1208.9988916773366,4,CRITICAL
249.7327922401265,24.542127961771296,14.684210337819929,-0.6644081574843628,89.73313033751229,98.90669188330223,37.938142578816006,2480.146090664705,0,CRITICAL
63.701733203482846,28.236680276188526,7.528042965367556,-0.7908945109111771,86.28502367940843,62.79828648540306,34.82964546205611,234.3607914144701,0,MODERATE
54.54749016213019,49.70339592396881,6.824353195916057,0.013828518692065028,28.961235759480655,90.71418532914788,13.321866170650768,605.3139787078092,3,MODERATE
55.02135295603014,26.723997253501537,11.30213408169721,-0.703012562677817,66.18613607049427,89.41267266681903,40.04559138736029,914.0786882853891,1,MODERATE
91.27267288786132,58.615924047222435,1.9870598451288983,-0.5849011654610372,16.541408403083338,65.80636902240116,26.03155374142186,1887.65565833258,6,MODERATE
157.42692948967135,32.36219084590957,8.203732706896863,2.2517136215757483,85.30396485251154,79.46813959223805,40.57160088287822,2061.814617098611,2,CRITICAL
129.58350559263474,5.468256024796689,8.193714001962764,-0.8445052119332428,25.709129515314686,43.49264072888986,18.193113176995173,390.125816012046,3,MODERATE
87.36874205941257,62.70078739872858,1.3420968421558084,1.635771175738971,16.373323124718805,78.18776934488358,7.48204210541731,2832.538032795384,8,HIGH
183.55586841671385,22.86066596741648,6.269761282603704,0.09023099526160205,46.01971859849301,49.06692054843027,24.039038746389846,1036.3115228668232,1,CRITICAL
41.84815819561255,34.62135036794101,12.79927197850803,2.4861827228325057,61.92299247396791,88.24434677279055,15.793504192715107,2145.2429137408435,7,CRITICAL
87.64339456056544,54.835510657752124,12.842304329919903,0.9399691383099982,86.94252627037939,35.860689317623695,33.609171591051926,1582.1390024641423,0,HIGH
109.90855298810752,26.59649257189696,1.488564973795215,0.22230583731130293,97.68182729695629,84.11970710196942,43.284262114241294,683.8191783703777,2,MODERATE
136.82099526511078,4.52685249173725,1.3608132412174627,1.0705557427577381,49.55432613128773,36.99558345980337,32.638966046062556,2541.760402883925,3,MODERATE
235.55278841790408,29.913683761025087,3.9404321550290295,0.5278320761810753,15.44022306867432,91.68324658260163,40.47735718836814,2458.349324011951,5,HIGH
59.90213464750792,75.55588661554427,13.121490938309902,1.2572042586793208,77.42040211232836,51.29431626945026,23.120960544048256,1200.2941246717364,0,CRITICAL
154.27033152408347,51.33875178388465,1.933538776102484,-0.5418685266946071,60.86559306015437,75.80753553814023,35.86562948781207,1774.050605367689,7,HIGH
177.72437065861274,53.71833189337656,10.799952039411695,2.9879620112502043,50.310221036001685,64.12515950341958,38.721737466868134,788.3205738891004,1,CRITICAL
13.935123815999317,50.58257229101119,1.5174842941965483,0.7022235107868702,37.834199091297066,55.64122016836373,33.435025103341694,2075.7578536639785,4,MODERATE
182.26345557043152,15.919371116754943,9.34706780621738,0.3929225588294747,55.21586750591821,75.18092832284475,25.311091442782583,940.8999016088856,5,CRITICAL
51.15723710618746,33.46670912818241,5.341009486787172,1.8408393932650595,40.48116440113279,96.32660863858666,30.034644384614722,2535.35462845906,7,MODERATE
19.515477895583857,60.07518386906546,11.833709444488004,0.4555976259813299,78.13106809726243,32.88888231622353,33.020279827155214,667.8076107462774,2,HIGH
284.66566117599996,8.109831804252732,3.505356732380454,2.3330972201150306,58.9504326843377,94.3196999118173,15.123376128857075,64.11419999902313,8,CRITICAL
289.6896099223678,22.22822208717698,9.588027440849398,0.817082897441701,88.91629967387007,72.63571585147095,37.38317043659939,820.153965064397,4,CRITICAL
242.51920443493833,22.10552867726829,3.535238018638274,1.8782336530617396,58.91895231844978,86.51200105383367,43.01298155869093,589.3364096492703,7,CRITICAL
91.3841307520112,34.56151420756048,10.704904246682307,-0.5701871342324538,31.443617200593703,56.87124674039943,23.60957260719744,1534.6935903802744,3,MODERATE
29.30163420191516,78.42949927537481,13.105170518411231,2.384476742220447,86.598269400893,63.02900823863296,33.0426873243951,627.0358091365974,8,CRITICAL
205.26990795364708,5.400203734705755,1.9020269869014006,1.9428719471124394,60.14971404370395,90.81955262608147,34.481036231614155,2294.3058147440943,7,CRITICAL
132.0457481218804,41.496079550447604,12.998935328932554,-0.15313288615213727,28.615693432920512,59.03935788668761,31.489901900859213,739.2845012519317,4,CRITICAL
36.61147045343365,14.349174560976836,8.90362881621447,-0.4188559610168534,66.11570289605999,67.42616967243595,26.884604333145422,2126.765176139714,2,MODERATE
148.55307303338105,77.65412363277953,1.9066573630053596,0.2651693949024976,42.19450884481848,31.413644615903305,40.26591818299242,1743.8433505808975,0,HIGH
10.316556334565519,9.064280378197136,6.4131278303956805,2.9042823441276173,85.99650510628592,41.10186040866296,22.957068370755778,2959.0245722862155,4,HIGH
272.79612062363464,32.288080188927296,2.4129044022764683,0.027326298268234517,50.79697647818885,74.91805555823598,7.444118259464143,2999.7049114875103,4,CRITICAL
77.63399448000507,59.03079878676849,10.505218332998542,0.8245088357865331,75.37972222966751,80.1883830744714,38.78225502848641,2611.187728285643,3,HIGH
198.75668530619458,56.364354242195624,11.383022016269244,-0.8799190971306547,18.598258687261342,70.78206557491495,31.959250892662027,2284.750440510278,9,CRITICAL
93.51332282682328,33.818290951514584,1.5869478040919844,0.5889101182649301,45.64219116721116,40.031702539292745,38.97034505998586,1171.6401137217097,9,MODERATE
156.02040635334325,27.72193343621746,7.592097790419665,1.285280061732411,98.49172928251588,61.17838000044844,10.541897697787771,2264.7646468512844,7,CRITICAL
164.01308380298389,31.808990284229644,12.219375840388757,2.8124984500318604,82.76142605294335,54.85663364542329,6.230117620388653,2870.893100496882,2,CRITICAL
55.45633665765811,21.142101052691142,14.042445623264948,1.0669441797602577,24.39467221302358,64.69629408245618,42.37498161530005,89.6651746784236,9,CRITICAL
290.8753883293676,16.426635096543983,7.70276800112655,2.276429304710751,34.998764452952955,90.92303241878659,10.909132234022971,1622.9858065892615,8,CRITICAL
232.53984700833436,38.6431758047112,14.254188354171106,1.1885105702756023,39.683422797072495,84.31030070610564,37.386093282818074,669.6349470775351,2,CRITICAL
281.8496824692567,21.482700485408586,8.035334556840446,-0.8368599462579276,68.53290044459011,35.879265097241124,37.928397687225434,1682.4714212891743,3,CRITICAL
268.44820512829466,22.99693319178001,5.91285741899862,0.26003310075909614,78.129528354069,92.3216438442195,33.34820802196012,1410.0123274814957,5,CRITICAL
179.36999364332553,52.54048507796456,12.723046928293432,1.302198031324413,77.45739479271188,63.02370058048765,10.250488443714838,1735.7903730258074,8,CRITICAL
276.562270506935,77.48298653599137,7.394740656871336,2.8023758637244973,55.888665067576255,82.07035014201989,31.6959449824323,1661.8674198277981,9,CRITICAL
26.54775061557585,48.29097604475001,7.078537658467845,2.4365214390049332,82.97384840543361,39.80274618850465,40.56346333307462,2881.1189767223145,1,HIGH
58.79485872574356,6.158357365197302,7.354687341147424,-0.08657754328460943,49.337027448172755,76.95036679949337,22.02126579203533,1665.5146046255136,1,MODERATE
13.56818667316142,6.046689108325358,12.70177502804618,-0.11956067992334596,21.149250876600572,46.54282123266206,21.540674175143955,2541.7716226121047,1,LOW
97.5990992289793,76.11385766764528,12.479123125320783,-0.19530813154439697,60.79976574884319,60.6866627998652,22.714332383176764,973.0644546665226,4,HIGH
116.6031869068446,23.78326322458669,6.052799886603168,2.6899955852100126,95.7071246140996,31.18040090574731,8.290875627048258,1325.5400525973257,5,CRITICAL
81.40470953216877,7.365358886598035,4.999497898057875,2.4106646124068827,81.36942862532602,40.61274465513332,40.68102276119894,1421.8321586135335,2,CRITICAL
248.6212527455788,47.92356697203053,7.378920360586939,2.099533729011795,62.083058292301814,36.445634518653385,39.76731455922042,850.6095691394315,2,CRITICAL
107.02599800807678,49.89190226322129,8.591587646056634,0.5709404568969103,68.21250943141872,46.78209210567809,44.91637287161145,1151.7749792043066,1,HIGH
84.28035290621423,51.88038560949505,3.5750581594199544,1.0175228171950672,93.75058243320154,37.00126630170256,28.40732565993654,1803.5689768109903,5,HIGH
162.80882494747453,21.392162228603304,11.909326270733859,0.8573269791806113,48.55085149914645,78.43370186336934,35.047665458055434,1748.9595346475064,0,HIGH
42.27726749242879,1.2088547371580027,7.297241485986343,0.013592430237490571,39.825472504837364,32.032793154645354,13.106876252292189,1916.577326828972,8,MODERATE
240.6590942262119,77.20122955635775,5.010683226299394,1.0201121845950678,97.95174085004041,73.24183504374986,31.701152728966782,1068.4173879520204,9,CRITICAL
22.365193103931247,20.0714436552882,1.6023148944598593,-0.8780138085889821,87.70988201593,39.849548157790196,30.989313950295628,961.1778555561101,3,LOW
296.06608098015516,54.0821030442038,3.582677406054104,-0.47275850601016334,39.07392261567421,96.16130200245279,41.0483494336645,1842.6212906074059,1,CRITICAL
231.67343078899722,56.530389590296764,14.239217576339755,2.5463583846757856,51.74025376248305,95.3165851176898,38.23170891356297,415.9280103140244,5,CRITICAL
59.61470446025172,48.800593366358854,4.576495302292899,2.006719068125693,47.35703161070192,45.785217176467384,42.538658504710526,774.0339997257771,4,HIGH
1.6566351370807197,25.032591537091857,2.5328893405055295,0.6914736362363483,23.418611080429052,73.00949087561207,39.7533389080643,145.54065611992573,2,LOW
244.63842853645025,21.68770030112526,6.910091874824898,1.068601449135509,96.20373914319332,31.96037236307209,39.74775579595408,236.3803407363188,2,CRITICAL
212.05720315428513,47.81346261621625,4.60631615040373,0.4799955438399097,46.38811880977829,95.22519801358219,7.548933067548731,745.2821721966144,4,CRITICAL
218.7021504122962,69.28765068893532,0.5273887540679123,1.9631194686426898,88.77961743741172,66.60911157341968,38.838478107838235,78.19725528481871,3,CRITICAL
231.38110400578373,75.73869831387165,4.847178259191259,2.1367487169283184,27.042060491259857,33.02562059924453,29.299135780124725,751.3235644206353,4,CRITICAL
22.21339552022711,8.47246435230061,8.161629359092029,2.0531407608126364,59.30837295734978,53.97499951056962,20.21777807063845,1971.8294427248375,1,MODERATE
107.53971856328178,12.386289007817588,8.275685580299504,1.8904468993377983,12.156524661184283,35.379462330286394,7.260584975522493,202.09909383742047,0,HIGH
34.760717857538914,75.57890070264637,5.34838381765333,-0.1819826452288167,78.77984354580776,57.50611075613519,32.10695099072187,1321.47529982803,4,MODERATE
258.93102776267807,58.92281826678341,6.7095413437890095,0.3518799169619151,62.282250842165055,76.89484395129261,18.128070021504698,2741.0641850202574,0,CRITICAL
186.98943804826737,70.63950598638185,14.482768773521496,0.8793817399346997,66.30306251227773,62.892293562900775,23.71105059944139,2378.028790197695,2,CRITICAL
99.26940745579475,16.210610730827455,5.660227158454674,0.32317196571062246,14.654879429918811,56.86055223036181,32.26913748220537,930.2037568386745,7,HIGH
19.067505085807092,47.00686968875215,3.8734021988997447,2.019760800633316,28.993449718775388,38.34099318783254,41.47098188096572,2775.920327991108,7,MODERATE
93.29469651469866,56.091167553397895,3.652005661001402,0.3174140969998187,16.689778511822215,47.145733198555945,38.01747662419994,1002.34656030822,8,MODERATE
97.55499660802411,54.408950835757814,6.866469190562013,-0.44707165285865136,36.00228842234306,37.01003014168458,23.023885164143994,236.09617908593623,0,MODERATE
218.88185350141922,32.65213526933585,11.39280223075416,0.5961618081932163,66.4695106913936,86.52491121596626,20.511326297855156,2982.2867511689783,3,CRITICAL
191.26724140656393,1.2315913353046781,3.0898227628270982,2.9196577311295213,60.956738588563766,39.46678795893058,14.591189553761899,2612.6671310237316,5,CRITICAL
266.16382277289796,46.63408454434105,10.639441907111522,-0.09647434826569645,65.09348394520512,71.67613565842254,19.89707004703873,1408.4796942372552,6,CRITICAL
141.66447754858478,20.2481231343687,0.3172473502412443,1.4486346357729163,59.43261442401049,53.99182895121921,9.441855491675932,2005.8020420933635,4,HIGH
35.87827378149051,36.020339691431225,6.28399466975919,0.7318921993588252,34.572591610827345,45.81848692586284,43.84422033459018,2020.259672012877,6,MODERATE
213.9734361668985,76.60648120670538,11.637975978041803,-0.7159017294026935,32.005674760998275,74.76279076444726,27.956697758383157,599.5570475767718,9,CRITICAL
228.23551458506924,31.922825411394776,5.080994336616471,0.951506423992238,22.335371518292312,61.990161656385844,10.112233711808516,616.1449267978243,7,CRITICAL
168.38315927084886,67.18412853315414,8.456056521680992,1.8086573145932499,86.41637874131429,58.010182709919135,19.11224037063623,1419.3504959884408,9,CRITICAL
231.2901539863683,15.08324845994009,3.074688492388662,1.052879903311275,65.483142268712,71.4996403424555,26.88156574482624,2736.48795761034,5,CRITICAL
148.13867890931724,53.796839842002306,11.129930866892584,2.4884242549863242,26.785991125365378,64.38873399430005,26.315425465634785,49.78144907854093,3,CRITICAL
156.81984881459823,78.16055635511547,0.7841865490313943,0.15574806663033058,25.948844183911557,51.24389459860926,6.420134748745294,2351.866795129091,0,HIGH
128.2623055075649,8.151448069834943,12.788139673132505,-0.6550033147841403,88.5732041373523,69.13429014356763,43.03364136916446,191.42981546966934,4,HIGH
7.625738023228557,0.665595378175361,2.972945796325022,2.7462624466320245,76.84577773869874,76.86490035854862,16.015027258997783,1445.1019023516913,9,MODERATE
32.367428097991336,34.686623410609144,13.11597047562496,0.512785398112876,69.34591719148342,31.8685211010798,5.6473867572756475,1920.8610425589598,9,MODERATE
9.428755706020276,7.410038644109376,5.28793861950776,1.3056222058145335,46.61776967853698,62.611021023537276,8.057760358011299,2066.542615905745,9,MODERATE
190.92312337913413,59.87074797409851,10.840253617117298,2.168012504520784,33.57780078506658,34.03782992084806,28.20779612991908,194.26820557541592,3,CRITICAL
94.306794322898,73.16389310788472,4.788379466792827,0.29725465550232233,98.15056868015414,43.04837898476777,10.511420827003874,1267.4387798042253,4,HIGH
152.57120734941083,34.721677816700705,13.588675068519713,1.8646581527104447,81.75156175205201,69.23561138545811,6.668991714140131,1759.8350362969275,3,CRITICAL
272.2699421778279,20.696931372435277,1.8995568827756153,-0.45832460072868786,37.160130082264885,90.63322406859065,20.185058656508453,216.81570117190066,8,CRITICAL
74.78766874466248,34.75226552052878,2.6777968390889804,0.16517498882202108,86.28083166506453,91.79639754319393,29.910447693607544,422.58177865402314,2,HIGH
123.11487691068892,57.875825428000084,7.395451877382034,-0.42115745545392036,78.30387537532134,34.89608070970419,9.473592193664494,1997.6739887220347,2,HIGH
226.6653415629146,0.7243329264296783,1.229076585572192,2.2449222336054313,36.73724948901985,59.337356040069466,17.53311328605262,1574.481825840142,9,CRITICAL
68.63944964748674,47.15631915877577,2.939702770526429,-0.10940305909285852,48.38975688174757,70.81045381031859,21.710426864981688,502.2494105795058,6,MODERATE
23.093972948637898,49.063334790990325,14.156495733180215,1.8696142216208411,26.735810085192398,40.29489331852404,11.378403911470688,1615.0132240059058,1,MODERATE
86.92543587413041,51.01505975167484,14.647344917218307,2.7731935889826103,19.994719994029843,83.58025517213402,25.242955938668405,2739.823272864359,8,CRITICAL
48.366386176201324,19.361766398470177,5.643889939956329,1.111088836275508,75.04858295557271,82.09646809060672,8.408563476070835,66.4510026305845,7,HIGH
278.90929570277194,57.12421787025014,13.849290315209034,1.1601167690427507,34.076067161847995,93.23387095947562,6.860739853802746,1935.0486449878467,5,CRITICAL
242.43611386932508,7.3113189065421125,8.172370135101476,0.8441342723912482,83.80534291716282,30.594020845841012,25.79341468620539,239.47829512391894,8,CRITICAL
190.02112695312704,15.941626917344065,4.046136988106506,0.303560573574571,99.60478403629835,45.16789707923019,14.915878910035026,39.219340034808525,2,HIGH
261.43817705631534,70.19760373235856,10.53598081620898,0.9026201236996685,16.89578325366838,87.90306999717252,8.8149523159211,468.95037620868874,3,CRITICAL
241.10162306973433,59.09785205812531,9.883527098622858,1.4112301290670377,52.57316125753302,76.94060355788548,21.956503499505292,1280.2617629246795,6,CRITICAL
55.97101766581075,1.09964432090762,14.836879786631,2.9439662886826374,82.18563033797227,92.60728975889435,41.60562958069579,2410.9851169662197,0,CRITICAL
267.76769954699336,19.87010082958402,3.9757093111392496,2.751058237272897,81.00558068871102,34.002575817118654,33.9676978661662,859.7207798815848,0,CRITICAL
161.8026725746952,17.152518639453163,10.080892539926031,2.448611833172487,78.39974424978716,71.78747760015099,37.6246366138811,1884.5061729185006,0,CRITICAL
242.23204654921875,21.664506242957806,0.7803563254417034,2.5565221428194334,41.40954417717198,69.83326024255719,39.87655955034546,1245.2467811068138,7,CRITICAL
268.82738997704797,19.804781622390912,1.7046905804507912,0.8713967331681718,50.84679301165471,32.497209145237264,43.905109655856755,718.3087400587037,5,CRITICAL
95.40104249155917,5.002103659427659,0.05877562426639893,1.6297773087098593,63.547152160732324,65.94654538387385,35.52986294056692,1552.4564005629188,2,MODERATE
33.01557735830303,36.71524132774563,14.991910215895096,2.5802668917448566,97.65465252159315,72.66642179169469,29.336316877579186,2396.444181310417,9,CRITICAL
68.3805487625825,58.61867798289321,12.034105457212167,0.5718030599654123,39.47925438446436,43.39052219414751,19.61703521208989,2500.8272627673095,6,HIGH
128.1323365878769,48.53853797739491,11.800845221003112,2.847049913381875,93.0829498945172,49.13307081872641,12.265729462308643,2542.6282049941656,5,CRITICAL
245.40442977674795,53.82973348784638,7.645891129322695,0.663144248276732,34.242122636244474,74.8243142408416,32.46639495933177,1028.9022814138386,4,CRITICAL
258.21917497690305,6.491934282899132,4.501006243581599,1.4043306615728626,99.0167018926334,62.78106633199708,44.797999444877675,2384.499072852944,2,CRITICAL
2.085639159357211,76.11925681414297,2.268964266940139,1.8392188530894877,70.32373181448327,90.06095602978289,23.69434738475676,652.2917962245455,3,MODERATE
153.22419077326973,67.07934670744199,4.270121082696955,2.8023680523037533,51.71603323226959,53.96672362064318,33.94717472371231,2220.506801703792,0,CRITICAL
125.22330094463369,64.40722547965302,5.639568328937087,-0.02153490379093581,65.20513852572444,48.66617608717408,24.803697999726246,2846.1855902923976,8,HIGH
66.63234314121908,65.8387044033414,11.344651454704412,1.984523912954569,34.52780521361861,98.94061582413899,22.277336934539065,60.95662737905243,4,CRITICAL
35.95961020010484,74.6168406506209,8.094926833547285,1.0832623445763288,34.675647176031994,93.77950390910584,21.412224542396604,1332.2845149128182,1,HIGH
101.28455142108838,43.54031728909582,1.1622543983322404,0.07422856248256426,20.219908945914447,32.029492149928586,25.184987317267904,1950.3575454737338,8,MODERATE
282.87291117375577,16.02256142941007,0.2704351343836836,2.1064273591855622,20.26452679348589,83.95100307145961,19.675826474615,2111.291796052908,6,CRITICAL
96.96087960622657,49.34268862820329,1.5349826930109471,1.2088891206953862,41.29045673220202,37.72343416776421,34.950932872872315,544.7415196422226,7,MODERATE
155.63718652300983,59.43051949343512,6.15748070546069,1.6438952825987032,78.65699301067345,31.923963638055966,39.97088106366066,2917.1061602110067,2,CRITICAL
210.90568766855336,59.03339146832203,13.997893755735275,0.2916042743116041,64.71740508383462,49.15868611764442,40.31541226580737,1853.4907965534994,6,CRITICAL
109.0888807137882,41.71592193335041,9.561037218138324,0.9250958073104201,19.232610429791873,48.8542115342773,14.107948537033037,509.73499166023794,0,HIGH
291.5346248162882,5.476697546686244,12.027388498132726,1.4694170039522683,86.70128724783198,87.35231336428753,40.83636554925963,81.15708490329556,5,CRITICAL
288.7341884826334,29.689035074410228,6.995618917568228,0.619643257079376,64.12308642910597,79.74670721599847,18.6620492742042,2354.127312393532,9,CRITICAL
75.53468874760925,73.66132867706858,5.424991247925642,-0.20650984060919475,96.47700191063018,98.712659913241,17.372306619411905,257.5201235474681,5,HIGH
149.17455176771563,46.75591278059408,1.626005590749341,2.846561969261216,70.31669206700869,79.80590302182729,34.07024229592943,440.3317447893049,9,CRITICAL
90.2634929450309,43.066555460457074,13.138995332793074,1.0458701601704696,25.76573773337629,59.277888727923354,17.18785360345158,1732.9934800299582,5,CRITICAL
85.45214831324029,21.50828115057548,11.747400435418543,1.935681481150802,52.640502607704,78.92493626616519,7.118656224388404,1818.4464002798668,2,HIGH
11.06608420635984,29.47591359332631,2.5217714639658766,0.6441887742242325,68.36478377924837,99.96213470304815,19.94471089241232,2066.923613405347,5,LOW
182.86930019396905,71.62768713225354,7.683908458143907,0.42052705610286534,12.543823094497991,79.70993177937697,33.858624014333955,1192.6717577375898,2,CRITICAL
150.80370696865845,53.317043802146856,7.3106221188186735,0.6286571938684999,11.341923773932711,83.31769491862228,18.07833681080706,2326.2180335211324,9,CRITICAL
15.443625374996806,62.990962140186625,9.376373290297929,0.6367865751425992,21.646270053871113,95.68555106331816,30.18236223980586,2923.588626855348,8,HIGH
83.59393927098343,36.34763384541241,14.192803409868919,1.1767204637678144,32.64979915409236,37.95558829181783,31.404777770525214,827.8629303780514,6,CRITICAL
272.4797657899961,50.41977755649263,8.696571626437194,1.1738794799254526,48.6594211168608,79.33490054134089,34.349440469054244,2115.0252772830786,3,CRITICAL
71.86856720009173,19.8706886994566,8.103259001679278,0.9886152635314867,53.86964263838095,89.55641705772143,40.88521865243746,2786.8365841375676,2,HIGH
43.46846162736693,56.436866422678904,0.7548439940199592,-0.46085686033024764,22.42248480441071,96.80650201546251,22.302579970737256,2065.134552598787,5,MODERATE
146.8358280832689,34.20810669626698,0.943612140270359,0.9843019140021245,70.60524212042478,44.76785027981896,11.657283066498284,2049.706305959893,8,HIGH
295.6951362331802,35.403641185179644,2.8102018699018334,-0.32358439831739405,63.652425552688136,65.27503054069709,17.757028617275576,686.8422558739156,2,CRITICAL
72.61658145345012,51.94578596615053,0.4870615753762242,-0.49545685481693935,36.501768895704416,77.63883933511373,22.286690206959435,1614.687996952685,7,MODERATE
201.64066422176356,74.90244971751413,11.150293433550186,2.730582869364671,11.229389509176281,47.32274106509362,33.55565877312452,1696.318073941649,5,CRITICAL
228.48588459861529,5.120507728689674,10.849954559909447,1.419800052590817,16.988312381796167,72.03310042751917,5.52488502246534,2106.3860961187393,3,CRITICAL
71.2912631977199,65.97945898776061,2.040843516474644,1.637960232498337,45.25252979597555,48.03051477485995,17.631415337595158,2990.5279206906243,4,MODERATE
218.46490458355788,23.39064883297545,12.541183511929214,0.6071746813334551,23.85769160491155,53.34199143721531,36.19370324077267,120.258591180411,2,CRITICAL
110.33493981577597,35.51355636051022,2.3217905226916797,2.635923567659457,43.91376455331738,60.906308755760556,31.834308133227815,214.39333057711076,1,HIGH
189.69174917807385,1.7530663020007164,4.517633804960382,1.5517219583186619,66.53643440593197,67.04330691225968,34.26959894342421,252.29120690413788,8,CRITICAL
190.0589132282684,24.083686226745044,3.7346534874204753,2.07667947809435,59.25136850913552,61.455611013760546,37.47243077756779,2234.0778207770913,2,HIGH
160.73240522242753,40.210499410410435,5.584606478595717,0.47424987611085534,30.805829482365482,64.52368638515505,36.32942875511849,426.3343094300574,5,HIGH
27.08693101632249,4.494086187795121,3.819956488349428,2.840047523276502,40.94402421328772,50.901212940180486,32.287326646111126,1874.9065859812288,4,MODERATE
250.5907486767714,39.28765835065321,7.334263896576781,2.28184516063326,65.26280786037856,41.127556581584145,22.58646129482362,987.5132561225062,9,CRITICAL
96.23401949152075,74.16885030867418,6.111118220320281,2.4157938520581745,87.47695252391038,33.31449841287876,44.34393315512616,1382.8134695079186,7,CRITICAL
55.95555311995627,8.431457448624418,14.798542361689899,-0.3112229302969829,77.78920948649895,43.71851057441674,27.76292782360295,662.6762162558935,4,HIGH
12.232542466429175,61.15525824604035,0.838895251923385,0.0838528314848781,59.80600241500734,70.73605490540481,13.110768374753565,2600.9975526875355,7,LOW
177.26788295647253,32.773684270079414,2.1327206458102745,0.14250639873430826,42.60636984848376,85.02808134621927,16.712514204191375,1766.7279660058186,4,HIGH
203.26930855268472,52.41389716194704,0.7923884086290373,0.08363689298748467,42.85461497876249,41.84733182100262,32.7424982388188,2834.798525475113,9,CRITICAL
4.976348678356846,20.818927838818347,9.387617924735636,2.4216326484171518,89.14755792379565,37.59887504408539,41.98958260797854,1732.2968241189021,5,HIGH
153.6279174897843,12.759381003308663,0.8176391612057937,-0.8724608191656316,13.531921843649176,82.45032523844752,12.148805168235901,389.24593117890106,4,MODERATE
67.94873255938138,12.837009141698115,12.54659606064185,-0.6956000440769028,98.91843799782349,51.36108313761028,8.293859829831455,529.1938928386569,1,MODERATE
193.55183712283497,5.639355651451572,7.679079460228917,0.09565948251961487,69.7937869766406,96.60496074591467,40.261241921680245,2967.4404495761846,9,CRITICAL
52.309928701497434,14.851736392099442,7.905114368723006,-0.2005081014022254,71.30239291651515,80.00225794272612,41.611119156513375,2182.184288045986,9,HIGH
207.28132143073978,53.13755079911746,8.423917615682914,-0.07256154446860652,13.419805357426794,52.87292330701216,16.055173812635978,166.85067508668718,5,HIGH
116.02060389016123,70.53524894748064,2.562205594593161,2.1917727570132,64.4976347402145,50.26799234555935,20.091428974849595,2117.267395003301,6,HIGH
281.01899662102034,65.13005484729294,2.9653545467173132,1.2525063755681876,53.63002540814023,66.65888703899164,31.407519899914334,1248.2756794926427,2,CRITICAL
41.256283243797974,54.810744789958726,4.78225984309507,-0.976917354828128,19.52010162046603,35.54012677947466,18.197200833698993,935.4809927331078,2,LOW
102.31990531507755,8.834549072888214,8.902446237327771,0.717291062816781,35.01298096924232,38.23735588517093,40.08634833080212,479.10116531699214,6,HIGH
34.042056372176724,23.134995703675987,3.1517666391032177,0.6315397074014357,90.1283010592286,42.31005169213348,9.30314810855451,2522.913784578566,9,HIGH
277.4080854835688,24.784550025797518,1.7449759069989184,-0.5442189222218259,59.498957427935764,84.23065153131921,6.5192888384078085,210.24730938752006,3,HIGH
263.2018060142943,19.996555711809698,14.551753296276482,1.7045671544058285,47.20749176565179,65.97001514883857,13.33944826971158,883.7096778913282,1,CRITICAL
77.38248831454668,41.20045277677785,0.3297272221443437,1.8083887535179644,16.541394025672986,30.739698594211006,16.44351112819876,933.021023600599,8,HIGH
197.99521381025372,42.8443051903738,12.040461080040325,1.8835728762083908,74.2709374662075,77.14615692304763,9.517063651555002,499.497746211231,8,CRITICAL
245.16666006036476,28.550878013688816,11.820527243625332,1.9138837822343682,73.25657410564293,59.65831250623479,7.627617173625869,1534.3909521948735,5,CRITICAL
166.5602434798387,28.30313269891488,4.45821170767644,-0.9997886922708128,65.26392462753071,65.75966554746586,35.22430854007193,54.87382789646002,1,MODERATE
158.89517350680194,66.2844478324865,2.034399240109701,2.8156832153868887,55.92363815985843,44.98813703890549,11.571062636090295,916.9070359230192,2,CRITICAL
72.55568727013551,63.14342786557485,2.1844297005813513,2.256835068218652,49.04059619866354,68.62475598758726,41.55688796265216,2802.215743218531,4,MODERATE
27.930830341769763,24.62366653445965,10.461474258557887,2.615926786357141,63.394398368919305,98.5407267826042,19.71998645792384,945.378116639177,4,CRITICAL
269.16472738599805,73.10307550986074,9.642098866292605,-0.9374268187702635,31.005590655556603,35.1411283704033,31.824232388853815,1094.16897357812,8,CRITICAL
270.12541714899913,76.22520136020049,11.7411851137708,2.7354351831429575,94.71331577598829,49.874217976510145,14.016084590752008,1430.0318437375333,9,CRITICAL
189.93043718198038,26.139403362403264,14.06221758598657,2.2391541147524188,62.99150762622066,47.00983150025809,14.612910739674675,1693.8462570573947,2,CRITICAL
101.70893731461021,28.35399590344439,10.37891044899888,2.3488765718347944,38.00731999189389,47.398451752582574,27.988368114703015,2429.951761565817,1,HIGH
104.76287238379827,40.45073227375671,2.337773048271652,-0.626850461112126,50.471186579664156,56.50944502957641,27.425717005839445,587.1572450049325,9,HIGH
217.7867036610718,75.28966500269388,3.65163925148116,1.9551121156743907,82.51163099892031,87.26768493209173,35.74916912048325,2617.8042040338205,7,CRITICAL
269.1330779857731,70.10555465138492,12.632905963096718,2.839666758568364,24.54544546572677,93.90010829750712,35.31253222777064,2277.4970842887906,6,CRITICAL
266.1259272795352,8.205437006687184,3.1395911375131287,1.7141893656726426,36.355206021423434,44.15505612212813,31.827510586546445,2173.497997291435,8,CRITICAL
233.96266375728715,31.418459461713297,1.087834754317221,1.2822456184984259,71.15572204628998,68.00649565636789,22.96522263573964,278.677629669613,2,CRITICAL
192.60949384628634,44.269695179981746,10.549200810633756,2.782518710995988,38.39402858340015,74.58292805158362,40.62561545122469,84.48925612426235,5,CRITICAL
25.24198949851465,40.2505978041232,6.0378953323521305,0.771748486937744,81.32515136753193,66.52792320546914,29.90313960885195,1790.1578487060904,4,MODERATE
48.48861422838413,15.509045434951414,13.800600788188554,1.3971742652419148,21.740813845962474,60.385347593784374,44.607939618494285,2592.1392083190203,4,HIGH
269.56625655812377,68.70534169345237,9.753826066404923,0.9053531739774647,78.64175534091477,43.43828541014665,37.774792717374346,1761.635563139095,9,CRITICAL
181.928717897877,54.15526263974699,1.3562846668749113,2.7313848854411966,16.151654336550962,64.17535514394669,6.772392449533049,655.4398990276819,7,CRITICAL
2.7591154849888944,67.03266998814429,14.217848508804911,-0.695661092937971,11.13333514007453,58.085037939793025,17.82375628321271,289.7492958886554,0,MODERATE
30.441462859809633,68.70114234795777,3.8783589546036885,1.0044788033013927,90.84011669489459,85.68943537515888,27.87502865883807,2104.79742939685,0,MODERATE
199.05053073241675,59.868468293259184,5.058187356094287,1.7478097655417533,62.32052952390688,83.45230514140965,33.85878151485949,2170.875426407072,2,CRITICAL
1.518475153865606,35.136848099977385,6.033906205253131,2.1676261536889476,41.66442073781303,39.37990768439695,27.01345991047766,534.1444680475838,1,MODERATE
48.2424154252496,48.843740401233966,0.7683644460646988,1.3320745897765454,30.933517326746536,36.19633367941473,36.445216898487274,104.0071401796781,1,MODERATE
164.62013680997583,12.829232489579452,7.447731333459073,2.635670976485816,65.51972049347344,93.5707760259252,16.306226110293785,1236.684869405127,1,CRITICAL
207.568559307808,53.891633397992614,1.8497773661293837,2.767965787535487,55.81019651830644,67.48558722751484,12.356482049313001,1756.501732356406,3,CRITICAL
195.58837785078015,14.34026045914246,6.014554900325276,-0.7427231072256659,99.24379979769867,90.04606560978135,7.156667351590804,2123.88718051023,0,HIGH
67.28079283816794,55.51596724081254,5.260646819881265,0.6094821581654974,98.48943879883711,34.07057843964808,27.93254978286088,2433.6361272756503,9,CRITICAL
213.65376640426075,18.36785286031749,11.59260125139755,-0.9061639131153822,67.15221095274487,66.85609315651412,32.54398082701981,1839.4015333740624,8,CRITICAL
71.17472624904002,9.404104012017598,12.047557674490967,0.3176666294977717,49.85834554953015,67.75985602033654,18.045988684774464,350.4242136234854,4,MODERATE
97.61990944778032,13.222759211436594,2.3011932358363203,1.1474728718824085,54.202687222119586,90.2491422779505,29.543367394235066,2054.093382984396,4,MODERATE
223.94742153540724,0.15937081752562143,5.498267810688393,2.6431797220397955,71.42311596131758,36.83269987607952,7.08628923413317,2952.8463958267484,8,CRITICAL
194.8898697141644,57.49916942828242,5.600297415477476,2.3862172898616114,19.141708981184323,46.831189457313656,8.971733851872145,2718.6420621002635,4,CRITICAL
254.76702314825337,58.59208392467033,2.2711566590412757,-0.4900010933120571,39.55168664296464,58.45768197209092,33.07019089033993,2617.573349623148,7,CRITICAL
197.28386769010302,41.194667993060754,11.976802575767858,-0.6278785010364172,16.774501690324346,90.60890327939595,19.722788208691952,920.4670570078557,0,CRITICAL
170.49258100064148,12.909024084430696,10.608424925031349,1.3570693550266681,16.60246835652276,95.7218320549397,31.853361244120222,2257.348765832922,0,CRITICAL
28.102430348427742,6.68434700085518,2.8557267944555207,1.1284718898351307,27.625531770481036,99.49072337155395,38.26884481119672,2556.2882689761336,3,LOW
110.31474091783005,1.5303173149829608,5.500828628906985,0.06551056572009539,53.67279291339042,97.1435440520965,39.104897499044675,2041.4120898011643,7,MODERATE
79.56071030451764,13.259854157217656,1.5870753728477132,2.597812338215341,80.62968890465103,30.415922909104808,11.886705818578038,766.674034572582,2,MODERATE
73.19689301372507,71.26844279865173,9.423098956395659,2.709465637846214,53.69463020492853,33.33958390177104,24.45142289405386,2862.425236187376,0,CRITICAL
291.9031664257337,19.32294733613454,1.820578868229295,0.6104457533606507,40.192894950478276,40.33247734103121,34.35706894529946,1363.441846146854,8,CRITICAL
117.92931740002813,28.341706177377255,14.789012529373768,2.561210228454081,17.411769130308233,54.42034677391912,35.959223850676416,406.82056482432057,8,CRITICAL
267.613966553134,8.427638758506655,11.710231120317935,0.5357955770518905,59.526597086481665,88.0942621690871,36.38703922915511,347.13812727102817,8,CRITICAL
189.34158779917885,17.788904379853623,5.853578243759926,1.9472673273188006,34.41417278348591,92.48593367348363,14.126693375223379,1949.6065821511563,8,CRITICAL
238.44339106249453,41.53796566241641,8.678458984190316,0.9037688701908966,65.34407601254327,43.07840844062081,12.701392708950934,1324.3747463218826,1,CRITICAL
150.79112793155764,48.620214647652205,13.670127243246132,-0.509667373971268,97.94689652191765,73.37649061337962,28.600498730947837,301.5619480333116,3,CRITICAL
173.07116538790774,19.628185133296885,8.311489205937391,2.711736804948086,20.018288932979516,94.21533895456936,34.643431909528786,2226.286425025162,1,HIGH
147.75530814565917,4.618572738009377,2.6174772959693278,0.8163863735101464,29.091285884974592,62.461221515192456,17.765580621367732,2401.9889984306865,6,HIGH
58.57289633941335,31.28262953019189,5.68055033371739,1.9379481612896146,52.57850842894373,37.24805003669488,9.188206274496862,2181.738579743625,2,HIGH
216.7356345784516,18.73626967410673,12.64717297544618,0.4686952577251686,97.17524338113365,62.04695550592375,33.6698553164031,622.7374154983585,8,CRITICAL
84.23170873225673,17.564313858384153,9.663195239844269,-0.9244764856950614,79.46287986429961,56.30564316016401,16.98791325520018,2075.530858868287,6,HIGH
7.294789929436152,76.78902421707642,9.760865765007004,-0.5978785652326564,90.84062738465471,70.43605972462049,11.654508972468873,51.95395262526759,7,CRITICAL
193.64168877215033,49.30403887405792,13.002322285327338,0.9848779179596976,40.034336362821364,60.70610790849726,10.908941135885266,929.2341762416595,8,CRITICAL
53.13320382211468,44.55027545376767,13.40959586193757,1.7598574285054496,99.28346264007351,31.214214879760256,17.596381901068654,1208.4881635944803,7,CRITICAL
282.1375753058743,33.262008281865754,13.796888576691545,0.3389413063171163,19.254953445774166,99.57984133895698,28.70712263654982,2509.0359076787945,6,CRITICAL
286.1785731007762,34.31554667441154,1.4227378987973416,1.7819538367106014,14.767561544149075,68.04781664113997,19.336089547752664,1183.3752317468247,8,CRITICAL
274.45931706613453,43.27240030704647,8.161890029446514,1.7945423577278241,87.00423643486253,63.15415288392267,5.826474063737264,53.58294964440691,0,CRITICAL
111.04761007663332,55.71438456288858,11.10764281827478,1.8157436293113234,93.45383831862875,96.82321600528378,8.876337387112443,1069.992307247468,3,CRITICAL
4.6369849586602285,56.17168769454636,11.353902676905207,0.9700874160820336,18.15268217914916,40.910225731095395,16.620129887944763,1506.7938131106757,3,MODERATE
278.4955687763176,13.735512616435965,9.100743029550058,2.659544600486016,20.208468407125736,43.246632178167374,31.388179285883673,2848.034264284865,4,CRITICAL
128.4552444951943,40.009020166130156,2.5018100277551127,0.9567860719224623,12.985674198019643,86.56103243439485,8.940602938741353,2824.2822252928436,7,MODERATE
289.99644571310085,32.956647602728154,11.961308309124965,0.8010607739865527,19.40568063784517,48.258175601750615,27.426274140027274,559.0046338998064,9,CRITICAL
289.08599312677586,69.64215730155074,10.801670002724185,-0.20247672395749206,28.84778351202528,85.9458974404069,9.79543483296017,571.7366943835656,0,CRITICAL
255.90283664020802,50.51351369747011,1.2920365732355443,0.23062034942534604,97.30689570190009,49.00734380359518,13.46461309397526,506.8767402643605,5,CRITICAL
88.3346676208757,42.600325313278546,6.957147370115644,-0.8306620299267866,70.10742000157124,32.32313411575011,11.88754110223051,2370.9873585940277,8,HIGH
115.52931858057758,9.23157137431339,2.6096609928270538,1.534141174464681,80.06977229666879,66.19103067207013,7.68914542283242,37.94568029785097,9,HIGH
255.34100145505707,48.45103114587292,5.062155685694578,-0.005857024291628488,79.852546332237,43.7680503888803,31.853192695463612,398.98805061179445,7,CRITICAL
95.0766015468833,9.376312454418674,0.2712163830852815,0.2166210179418604,58.15663748012932,83.04924050527298,23.536141895441382,1623.119702299415,1,MODERATE
50.847824005827746,26.976526045260165,6.004948026161373,2.0832580866572847,81.77400799417154,74.88397432625037,38.24213763589353,757.7349593225613,6,HIGH
167.04037873750505,11.42735718514655,8.248153817343157,0.3088847326458155,63.62267791509727,94.65218675845425,8.955633599292678,295.222245553001,4,CRITICAL
280.8464322482343,55.36589176194951,9.293738892406303,-0.03121643194743129,38.30914878430218,84.8091850086015,10.78931733352289,1092.4364767548263,1,CRITICAL
208.8089390024919,16.50016910689221,9.95235517693065,-0.323769003465177,60.499909789156064,42.654316838850875,17.258309254018023,837.1386630795295,0,CRITICAL
171.01835102680948,31.34874985504208,12.544369696536899,2.0994336087278236,58.01577275210621,86.01107656653573,35.63463947755233,1543.090833412568,1,CRITICAL
29.15294813123056,71.65398220950229,3.2319436091359504,-0.48117496803989246,84.11077483833886,74.92159313698163,17.23035292622795,2938.1161096139836,9,MODERATE
184.50216800975093,16.345310671917623,1.8072273365770193,0.8150150410014141,98.35544956434931,76.82661492324374,21.336748299947704,390.4278177084569,5,CRITICAL
297.01615503127897,40.62440511670233,12.773057578468885,1.0277204643087776,46.993830887883746,88.25840201791041,17.064142651886584,1130.725580405601,7,CRITICAL
42.02520457095721,33.54173289328176,2.3491922233897484,1.7495596507428584,78.70516105972237,70.16768484322581,8.208971672041198,2797.3153532599745,2,MODERATE
155.49889570912103,1.4499232836583786,14.62140122004293,1.533133929331982,18.978670363432016,62.6202460047109,42.5773449158475,2633.081669611591,4,CRITICAL
263.21192157838664,63.42064908582502,12.638073440979555,2.242882691780699,79.91482325034598,74.56487247511096,26.941559682847554,1194.9276836571562,1,CRITICAL
222.23058532626132,5.523672505167978,7.5131490883439875,-0.8209942642950474,43.42752207939089,50.857020027085134,36.51332752741987,2102.880728268815,7,CRITICAL
209.10472229858038,37.94040167815629,14.721321373830378,0.1857628991175888,13.5451146600718,42.78179917609695,31.33428368741184,281.8139004724098,3,CRITICAL
210.7452251961328,44.854263595115995,1.460650936620063,0.12053647510151899,42.69215607059595,73.16114866498725,25.570171162479003,2143.372345519973,9,HIGH
107.84734536592654,50.27411652916697,4.545986417626525,-0.4159323776315671,64.95784758294803,46.36938583598344,8.587130266375205,2919.1160338645295,5,HIGH
88.07755327934801,55.09053034463005,9.573366225609172,0.15671301542577254,20.73251509133199,35.59405765426247,30.709341810812173,1621.714695445891,2,HIGH
242.80834664355407,20.261790681817207,5.250103027097682,0.2390612565716137,93.16310431872292,30.038792920967772,11.214814237473284,1505.5008765625546,7,CRITICAL
243.03401840375423,0.7983021326759498,13.925588279711878,1.0875378477099131,16.990517194555473,72.5823580980047,21.575326774251064,578.2094867116928,7,CRITICAL
260.1216955740311,57.875492988392956,0.9843913226672635,1.6548179157050242,93.70060478498496,55.350414843616576,30.164525739217215,1908.6888327437298,2,CRITICAL
273.9721657669414,42.85252794780629,8.241177480914468,0.5244020544472563,73.64237661421178,82.66176794714193,36.289160018884935,1779.5030967211665,8,CRITICAL
153.40271965828134,66.8894162565799,8.862994010926718,1.8778809252535247,39.674095787278326,56.26234788191717,32.401807028344784,1962.7605172377366,9,CRITICAL
150.45488840615988,65.71106903205555,9.790921856658361,0.3446613543183199,45.16753129381839,64.02024137667587,31.861341162185152,97.72819432047102,4,HIGH
239.48855369003255,67.46609342303066,3.8349933499772164,0.1611347092590414,76.67284282594697,58.49594809707695,10.9616883670083,1655.1959952802392,9,CRITICAL
194.98917923332954,38.80757279836321,5.4684964127979665,1.1647522234280974,64.13239907930867,75.54023537765423,18.845141602863514,1792.9058336221717,8,CRITICAL
210.590063177311,26.69027166694925,12.655207944974665,-0.9051345587768376,70.44786293094506,54.92974134104777,6.716490906407766,638.4398035301505,6,CRITICAL
238.7378008308303,63.3246562073096,2.9241415345523976,-0.6808435054639985,45.0248154862132,97.46373549596163,33.77907572705858,640.8319153158374,9,CRITICAL
267.00160254526986,36.1035290423404,12.40301770760043,0.6718781743461082,53.90321336268391,95.53028906189711,43.10343925269677,843.1301421626305,2,CRITICAL
101.39854705546074,14.67537571227476,8.439831343541137,2.771650845567026,99.0880735634104,89.36195318600969,15.564415607163031,2140.930343347168,5,HIGH
112.6748857919832,68.39792156491795,11.432812667911232,1.8860471193736945,29.253058344974594,94.42101894009237,8.507868366492373,1826.6728693264677,9,CRITICAL
28.194581952260698,70.60479014178779,10.704110493952074,-0.647493721997769,47.607056786991826,61.43977819215737,24.022803070146143,2540.3726854310576,1,MODERATE
173.4840422988522,37.304780491213606,3.112672430773185,2.385272051123495,36.26408688165706,67.55012777526446,39.26792892510275,901.0625440924326,5,CRITICAL
10.782682139022626,6.055978184782997,8.532191046508093,1.929203082432724,78.86003593958648,81.94648147907711,27.078967810871188,2737.9628184671883,4,HIGH
139.67940543973805,31.0260871933545,13.015847292076385,1.4437861028106127,78.76113630991486,78.73021474569788,6.871086007604532,2236.244362710408,2,CRITICAL
162.793390412273,64.28301275700827,6.48174355202894,2.2811718424367093,36.32009148976563,92.34750169238296,43.97088962111784,1197.1347766408169,6,CRITICAL
85.96237563848533,72.14192228369829,14.498861553349752,0.6164393909718284,17.32512849696846,80.14317190796868,38.145996398504025,303.8809555638586,3,CRITICAL
177.24997817070323,16.27781939980767,6.783226501525771,-0.11399579658458903,11.028940900498364,99.85192957599224,10.263763082060407,785.8113142126979,5,HIGH
9.150074981714829,5.357888962021722,2.1417845500182704,1.0480935564350373,48.47054799182369,54.39540598821137,41.87191026014035,2871.169287300254,8,MODERATE
11.204456624764326,70.18803625062709,5.841520201165099,1.1953670223738952,46.93038349021938,88.30984195675926,23.027531544207545,944.8828601345565,5,MODERATE
246.78016819789747,31.152395118310025,14.275536095858058,1.1533054880396483,98.95508907758766,78.83443759828648,19.87591962299765,1003.1048612442121,3,CRITICAL
108.05719242337886,43.34087714140506,4.795812740097814,1.2602951659204211,52.28218681279117,78.3970511650513,23.44213322108753,584.9750146711967,9,HIGH
38.11815379556543,77.44526496406071,13.021472398005942,2.794819672956723,33.07765326178786,52.80849163914992,38.382878274837886,2424.4147913935208,1,HIGH
156.6729780164413,5.325178233137828,13.218760225228348,2.6089824923849254,90.21064969283206,84.99212546961158,31.379187131471433,841.4198061219865,8,CRITICAL
230.99806592958325,51.865440596167645,5.252797864979416,2.5028681462357576,54.196115468822065,93.02632156433194,7.369938095989101,1004.1695801391899,3,CRITICAL
64.74630824905296,5.928433805989366,1.2488648707594818,2.2056672436345086,63.925807168952005,45.29839230643941,43.30417484464684,1254.7573631262474,3,MODERATE
186.86714274570008,30.037514277320028,10.868368637382273,2.7737124290611415,18.61018393853914,73.78477859816928,10.911365339132711,1312.5102737283369,1,CRITICAL
25.604239498130397,64.30516361547573,4.672684485209791,-0.606021433282387,44.462476659679666,57.44943803719426,34.822718069414044,1245.7955554367647,4,MODERATE
15.504516350582309,34.67777862045075,11.743854213863585,0.060493045782958,94.9801307026408,99.2683683506414,30.445461217125242,1521.1562122166913,5,HIGH
159.4063894704444,79.77458831223603,6.639822723906496,0.9802237826183395,63.055484575788284,63.51829710821771,12.501121917862434,2447.2483812568817,9,CRITICAL
162.19053648303196,44.724742795728176,7.279001135139324,2.386137972493621,41.00516696282155,45.98241216578599,11.829283044521986,2461.4694214112255,5,CRITICAL
191.22897044946197,25.692972210876277,11.668641101228053,1.02066284609093,66.31004625684338,56.730033765528276,39.81310374818768,2398.9731386147737,2,CRITICAL
217.82740011679846,17.60890607238025,5.735449965924419,1.9921389573663548,91.93699806203045,75.76868728716383,21.787796939983885,321.3520205671328,8,CRITICAL
292.75562383876036,28.041642742892947,6.646910179843718,-0.44416037900433514,34.6591540425331,35.32625599447034,31.18306056696554,2403.042833758946,6,CRITICAL
154.8901044903586,29.802661900764065,5.642857031544332,0.009655251906240725,55.4605046623607,72.25213441548664,25.16284015426693,378.35028498999884,2,HIGH
96.88694188237379,5.497094217916878,5.510107729159199,1.9271043801506895,96.28215885205798,95.18573314252286,34.09414068303838,391.6768347557288,3,CRITICAL
238.5558584306111,29.565935954141853,7.889198653521891,-0.3410639644491038,25.51565289686074,89.52539513604953,24.16969500157322,2844.631059472183,6,CRITICAL
81.24967537862227,37.139081579137994,12.13199166751726,0.40542373861970704,74.76975330370404,34.73714756605884,16.495196610222735,2461.805577222513,7,CRITICAL
131.69142621169084,57.81902017910437,5.426524678838488,0.059465031254285705,65.3032907382684,99.53729151173476,19.535334839859857,1666.1831912666657,5,HIGH
23.536914402679788,52.53835877772864,7.86382080806605,0.3994467768899139,71.17076180265713,78.91088465927155,39.363107778013706,2627.411209344029,3,MODERATE
7.605223024637253,56.70125241833234,10.060909881639013,1.8332961963118812,41.60976676008127,41.35965770198166,23.72138771690908,2968.3066348045513,1,MODERATE
288.7945244033775,0.6690945501485679,4.041591694554826,0.47138872457120407,38.24914361353885,30.869126241859643,13.537973289784372,1839.713358562697,9,CRITICAL
250.79403615366175,17.413391966442884,4.162842073535888,1.2210532904317608,71.57887035295334,41.98978454045059,42.38421552309013,1846.4373422049237,7,CRITICAL
208.7922618281094,52.93474307198852,14.001196905351822,-0.6002724917823614,29.39889565940908,88.6723144480017,36.86401825993508,2268.1925468965856,0,CRITICAL
122.68588332428097,38.719149454379775,10.85301859996633,2.220070772938511,47.76892703731046,31.514752746161463,7.226645842247965,711.7740780486916,8,CRITICAL
51.98829602125373,0.4250780534676757,8.657800143349633,0.47955450259249943,26.93571814476262,46.320311253266055,44.95771847922071,518.0320873260221,7,HIGH
46.93111280132582,64.35957139454578,9.71580081630918,1.5941366361333698,10.747435701099677,83.01139167344128,32.79706785760409,2283.550635044916,2,MODERATE
75.0728694493786,61.82476586322699,0.4394916465512755,1.9015584066473306,97.30516240342625,71.02773751286946,11.410663961623477,1047.8162890824249,9,HIGH
164.76799941183614,43.87353303948501,9.271544483425453,-0.1613563115531984,48.853268079077715,84.79149972521343,14.486707251943859,422.50966179168336,3,CRITICAL
214.3787768100187,5.31706606210177,7.642633098363029,2.5386999398134,97.24146529778427,82.23053526787515,32.697819249661876,958.3356232348943,9,CRITICAL
198.0592130153194,61.32120396260677,8.186245196691535,1.4648970064278117,22.629116779104347,33.542097098526334,36.19044221116488,1088.7378662662347,3,CRITICAL
83.98016908378285,46.697087018509116,5.391357402462257,0.7149005670059259,62.86301015117375,92.47579933659061,14.561437725992246,2896.378425326958,1,MODERATE
286.4595841989582,62.55679817263673,1.2221084656941283,-0.27065926568712184,28.087662951211563,45.89222839975881,15.278754155970834,2099.9199390420113,9,CRITICAL
221.36907500873056,60.13975939166723,2.9000885041807827,2.769203751604827,81.10667142669473,68.73747081608346,17.284827794882432,1601.951825851207,4,CRITICAL
166.30621575342022,64.24016575662696,14.261170698190076,2.0202728165265005,80.53326898848778,75.10017095694451,28.92073459346547,2907.241953274163,2,CRITICAL
183.51622387030568,41.44064531236999,6.130493434064009,-0.1679017490670045,20.13464341353806,41.80397476195668,11.872647132051078,2711.3564266130584,0,HIGH
125.88001872833698,11.2259614554812,7.000247337462962,0.350843098896898,92.08580075887502,98.3361879690682,9.1697279553911,1545.762552710196,1,HIGH
74.31929685034724,53.692597870375096,0.7906468478015849,2.238697032352293,27.516668248290216,64.17091692611163,32.15456356342054,2718.9253134234027,6,HIGH
106.79180359537848,49.63790280415765,0.5634934431597088,1.7827106528613559,65.16796074304243,34.03498869181754,36.1639175917268,1224.8278810267166,0,HIGH
227.35383313931072,59.380254975926974,10.757721705701366,2.0631371708628974,98.70702580789336,95.60834313444883,25.037176176660218,706.6535827627414,1,CRITICAL
4.3180465889267605,13.590480484058824,8.07141996181667,0.7648044088517296,89.41568812897275,71.03874902352877,19.553308410735415,713.3809669298137,9,HIGH
34.82179215207487,15.598015992023138,7.630589763244,1.8659050505686676,96.09075357050521,78.94352385869635,22.281708541059054,1993.7002628375376,6,HIGH
13.800792606525825,71.23276137754628,3.64686795634003,0.5459748914556548,40.83388940963075,66.76230529539569,20.536313354878075,1513.1895557076857,0,MODERATE
12.218640695691041,59.99822387616567,11.171260974448833,-0.15494833224721427,19.501807799751703,88.43165683438772,43.39939632950701,1983.6735240762312,6,MODERATE
256.6381752033022,72.65827909602584,2.523548686627378,1.5307081393654398,26.95121859605051,32.31934235352476,35.72359620876561,2064.5063735012664,7,CRITICAL
211.0973578140071,60.69722569311366,2.8490211549153006,2.9040557023951767,55.04454055689524,48.78648556940034,13.323488594004411,86.5221612351985,1,CRITICAL
142.25214872619756,47.77242447922415,6.910682570224132,0.24240388558131842,81.39067104459899,62.875384948188454,20.367566082159204,181.037985196749,3,HIGH
29.350248195300445,52.33061896222989,4.294197931679113,0.8438783688501585,23.513827976548768,35.362253141959705,26.760491654524394,1607.3796252419247,6,MODERATE
147.4847625350497,71.13023391520079,3.7119447184971954,1.6960054842794143,69.37583790346814,79.41346685286608,29.51943448254754,589.2857237250291,0,HIGH
142.0415312341697,46.304540360955244,9.678564668299975,1.1660251284899514,39.12198436355607,57.55643898389485,23.727355841150683,1904.9506310372303,5,CRITICAL
51.960560973004554,50.59130594627099,9.764576178278167,2.373711182836197,40.70818651529382,49.08675931877008,37.405065400478364,1665.5135027285312,4,HIGH
130.15549477139191,12.518137280288046,12.367756046998938,2.0469708258780637,69.57259571421338,30.236519276588858,35.704240778329265,1765.5658679452558,5,CRITICAL
119.55142031921203,37.91369760928822,6.265628504594638,-0.7668111845505718,52.02994775798982,80.38812182249676,25.20631674512667,921.3170318964118,7,HIGH
184.75502941566495,57.31176895664792,1.0962763653922536,2.993684935695096,83.08299637233945,88.36665162110032,39.177175471269216,1926.733648708132,0,HIGH
190.52809526029313,21.675415865309233,4.104995773821865,2.009609814877869,24.032665869654437,57.652837497704894,35.04358121769543,2491.8880567253686,2,CRITICAL
13.591202931613356,16.180334441962792,14.700081947952254,2.455613265176453,81.09534427903347,69.49525839233559,36.14327394882573,2994.2523357048667,8,CRITICAL
112.38378438794136,25.106144657953244,8.94387862849053,1.6047908483813855,15.781172325167878,45.93806381507189,43.256031177336666,2518.5642707931984,7,CRITICAL
187.75797471427092,19.320050239426678,10.646056272015304,2.425140512187049,27.464849222104448,73.55383523960931,15.658677648368107,1681.3463038462435,3,CRITICAL
150.9408775740263,17.193010962911668,0.11036744438121804,-0.5504681002851624,69.05347430528488,30.849622082064037,15.705926494673967,596.4201832062705,9,HIGH
256.9469523564967,33.98806742944696,7.773085982737813,0.39095134223726236,86.9433090859964,64.2050727969131,40.558090227625605,2050.708710837066,8,CRITICAL
197.6080894856835,72.62708111068272,0.5629298629770468,2.505683774417971,32.74116649654141,75.09438372884846,35.88905493542718,2814.208280962775,6,CRITICAL
48.88032812442891,40.564771739097466,8.53845318137172,-0.19337915493243107,39.44724452460217,94.27342412608138,42.0618216574251,651.3622884022611,1,MODERATE
21.170624220128953,15.033630465225842,13.811562744541131,-0.6870316056799091,58.34086734580659,56.6935071985599,7.525206412978123,782.8669491691998,0,MODERATE
192.72578346189468,6.157733550469926,14.526286957506118,2.152475759780876,29.04155258403721,83.56331420867208,30.110283090463863,464.0454593667204,0,CRITICAL
7.9533931624865435,55.692491611034015,8.108290130833863,2.341944622573185,83.00406354287551,71.83809209604505,10.785133524937898,2215.430498006677,2,HIGH
175.732674382039,30.623901154911024,6.873072078783239,-0.34939112724039756,79.62729805051848,94.89084790475565,25.155887931703305,1231.5532802025045,9,CRITICAL
282.0690724274873,65.74647572682875,14.17525641372741,2.417383931130862,23.076254076920343,57.88643729616014,11.22987727413777,206.83300388142453,1,CRITICAL
172.64225336276368,52.760861491261615,10.104147479950427,1.7470711823886784,51.74467586349689,52.33667379110916,10.12314035939517,2627.350974641035,3,CRITICAL
116.45097786195657,63.69931604330948,0.9734891930761419,1.0803307328663356,79.73449899891592,92.09993990859007,5.486733815281326,1681.8622760136486,7,HIGH
192.98646553270595,21.7556831534759,6.985883665012463,2.32100077112554,40.35965779930733,33.44710809858024,30.209552495316174,1006.6609901610602,4,CRITICAL
137.47586714745498,55.38871379688465,3.603675276964559,0.6769969972758632,66.97961404459585,39.546977505357376,19.360904667603442,1045.069268662069,4,HIGH
163.68503679478047,21.124958775497504,7.047064821730223,-0.22402417510641115,14.519180931181545,35.76831042088311,9.207531395158867,884.9486361689021,5,HIGH
282.43944263295754,75.12547835602332,6.831983580095426,0.13941070644245457,64.78198844763861,89.01769696034819,17.913511109252394,1377.3309137300726,4,CRITICAL
115.83079134023228,50.90994252266995,8.73217204222113,1.0206560731732592,23.73876820005463,30.742519635922356,11.757763658063398,1024.384231694672,4,CRITICAL
288.35716914717426,25.96094401402737,5.351557355238769,1.125323170692703,84.75249926030062,90.31600088479337,42.667793260066375,1652.879986130416,6,CRITICAL
271.6051925868191,21.560948983381813,2.4640567418389208,2.2223233057649345,41.990451722243066,61.588745675988676,17.800195430453925,2325.0814117684567,5,CRITICAL
58.737340436788934,15.27412680573148,7.555791518849344,2.1654108946093378,35.33984764553762,30.281769519777953,18.358140931575594,2029.894624664233,9,HIGH
20.808390262549636,55.57127671149822,12.45304326518643,1.3254662288182995,85.68000790403364,58.115162404842934,38.59432013598342,897.481540407269,1,HIGH
30.233400413227997,17.497249039834184,9.960183421014035,2.1231419334619055,14.51296207646292,43.07605887315249,30.910230451440167,1595.648214388542,0,MODERATE
5.466547695464918,47.62426127419913,5.075517988878238,-0.23290616682531606,45.69479194009103,73.70803412305142,33.406864296120055,2523.5759565385074,0,LOW
28.33288822677852,21.170802154028586,14.032845341382858,-0.7997418916268226,43.300318651752825,77.55511529451526,30.440072159558422,223.2545795333219,3,MODERATE
204.90203202490704,52.95751558350949,13.683113568737733,2.4945352905388005,35.63203368245958,64.12692992835,42.847851357942616,253.32585562097617,1,CRITICAL
21.356594538068695,65.19517828324314,3.140225990761482,-0.6977820249489217,92.05788988013293,32.8363667807769,13.280033262321806,1677.3868027882652,5,MODERATE
95.69268908812839,62.242019451572254,0.5912637768054446,-0.01324628102401082,77.583555416505,75.92901630570412,44.561569670231826,1924.5630826016136,8,HIGH
253.46259329083637,60.868106474462536,11.119630625261433,1.7812757984975383,15.75308477727449,88.94271485238649,38.23824710226053,650.0107870121942,9,CRITICAL
6.981580720747759,15.017792455380166,12.414153920237299,0.6377917505092365,74.32187044914586,80.4226994128481,28.55890355505369,2240.755977540724,9,HIGH
244.34054477668073,7.070795758761497,14.517968489270329,2.5052558796620352,57.45692198159146,88.0970543268723,31.494864975849957,1945.864863581368,7,CRITICAL
84.55643243201997,55.915906278990846,13.34754591132466,0.19191917864907815,91.07811049614213,44.03566664856212,30.95303506002456,2771.4020193441334,3,HIGH
35.449448286496875,29.467777103548105,9.008021523096222,-0.9525146133225628,38.16510556135226,92.22215577595378,7.335848962366156,523.4835215384394,1,MODERATE
209.02114960924519,34.58769811226779,7.950785088185713,0.20262256224297648,61.67457996486246,52.55354154535739,13.720659941277544,2259.095310766872,0,CRITICAL
188.68285403396519,2.491927423471285,0.4176157689387944,1.3123001967393266,55.06797472668874,30.93833699763937,43.45883538098997,269.25640993813573,6,HIGH
263.2416040581159,20.766115942003935,3.6998467026716675,0.5037535016131733,54.06048156048452,89.03741524303496,26.37457715437517,1704.5713803633346,9,CRITICAL
220.52131314116573,2.694112309957122,6.894221275993896,1.139491023035021,51.049485956549134,95.92748882753087,20.134144130476482,1664.6475157074544,2,CRITICAL
241.04427911545457,70.33486180809982,9.427558501253518,2.506392475340075,28.506652797905314,75.88907381921442,35.481538535563004,1177.387433047287,5,CRITICAL
84.61037177139194,19.471734657482436,8.35877749977616,2.649940216921474,78.01389302431535,46.20056413243972,25.98075770623238,2536.82202005233,4,CRITICAL
53.231863133916846,44.586973565840644,11.139539845225357,0.06389625861644843,50.62024294653598,47.62211249977713,5.526510857275904,33.02452146231646,4,HIGH
225.1844254922575,3.118345652890433,4.196503963305613,0.8485618930796028,96.26646475023452,62.661501140493364,34.449503868604715,1570.134617657592,1,HIGH
242.0504217801792,53.34779130445264,8.474289114787098,1.1965760609658047,33.47275844734987,92.84817557209936,34.28870240211445,667.1175785088585,8,CRITICAL
297.151542600202,25.84218766032751,1.322133650861882,2.7964498275529883,71.4469455664337,40.471835930329085,11.605948484398976,2235.62588496697,3,CRITICAL
123.78530307342794,71.83353495661326,6.204982853748104,2.9944692766575387,94.66453716751975,87.81815687084409,43.26640353696853,148.34093039216955,9,CRITICAL
111.60542573783495,71.04945511472286,11.252412494319016,-0.05837100463389344,69.71124907144832,50.39119660936052,13.956325261644572,2498.0329707811015,0,CRITICAL
232.92388822259906,26.023249468939824,10.40101280143566,1.9079194853832617,88.41456168556552,86.60103186003685,23.30997469528797,2517.5148355867154,1,CRITICAL
102.24106207590535,72.07687165523743,14.859641057582685,0.5121242489327806,84.47328637813055,94.4189838321077,9.589438450436587,2501.9407169624387,8,CRITICAL
279.2271976810694,79.69261387990231,4.16836688981634,-0.9675672124551471,42.410594394010346,59.92457103960241,29.131292778023536,474.65420966335614,6,CRITICAL
257.52382555290353,66.03325312991585,7.472839487609687,-0.9629899102563906,64.01115459455468,55.55354578738716,20.0180448022885,1898.6114253119138,9,CRITICAL
128.6982082125055,67.58970782041831,4.942956206609951,0.842264030249023,24.063520583022004,86.15549232799113,19.12693848838822,62.814730366501024,1,HIGH
225.2613203374492,19.920698888727195,6.609046710887621,0.9533396520173385,58.19732944260396,67.06380176655759,38.07907508883789,2546.9285220418155,6,CRITICAL
226.3628622254047,46.1361919086205,12.854251948040822,-0.9097212137062294,30.73797746329035,77.91143339242379,5.38246851401913,2174.466076655689,3,CRITICAL
30.93716065077978,5.380473117389428,10.263136127827298,1.7477096670972099,76.93631334572011,73.59804658728257,36.9178708356969,1602.838118079773,9,HIGH
270.76587200387,7.593434945733577,13.236617870213726,0.17601355437981248,57.525257970291214,40.70221919513574,27.857942629923148,2197.162470627919,1,CRITICAL
151.57571173435716,79.91140896266324,3.052666624978297,1.2395724061437976,47.01046263684945,89.13532522026932,44.443940539207965,301.0858080222812,3,CRITICAL
247.9372398323225,26.131139954072875,13.10041676762157,0.20367629266167508,34.191738655027976,43.704257798919535,28.57772882416996,1595.3943798870318,4,CRITICAL
96.01488030918352,59.85471296390771,0.8964341126757663,-0.33146274052277125,99.88286336571582,95.25975008495466,7.215165365918317,888.0039456130074,3,HIGH
268.65696854886016,64.53320424214532,13.328989206557287,0.6286949543955012,16.453946879643944,47.53999039955035,7.025813057749053,2918.4060004044595,2,CRITICAL
116.76050362024894,68.64186168057833,4.936106691910918,-0.07090654083799697,13.920461251517802,81.37166812916193,40.32611945487328,2574.2114928592273,5,MODERATE
3.251295444089508,79.81026379217252,4.718814501210997,1.1392039076766722,29.55316604444781,49.92587754455144,38.64856582044212,2205.161573585251,0,LOW
271.6145929257791,19.319718820549426,7.6813286504799585,-0.20468587885408018,97.39652127650376,52.244978601080476,18.835603023280928,2802.567953044201,7,CRITICAL
27.38600303584007,3.2280661487759765,14.110352815848476,1.0336239065785082,98.1314351487986,51.70012969476137,29.72129936724549,1053.5930476051117,4,CRITICAL
95.79409127712447,32.89532143956688,0.7167204702210805,-0.37048594052452977,68.94349612949225,82.35245778182582,24.58365428222401,2704.62209898478,7,MODERATE
285.01859011524147,10.406453586315756,5.283464626061179,1.6838988379431399,89.20960004857642,68.97705825785752,43.68656220544209,989.2099316779968,9,CRITICAL
285.1821440812668,1.79407113296441,12.848579830250037,2.0157507377656962,29.256555775671586,91.80667190932479,42.99843603507566,2203.734224679636,3,CRITICAL
172.03136643698582,28.83414617131889,5.940817161532001,-0.5584230630002649,97.48378847589612,51.51609034428314,44.35356034163098,2214.522397093818,3,CRITICAL
189.55116365093977,62.69906008601892,2.987353463956005,0.8712096481493568,22.85063651256082,78.4394765439721,39.65795122537057,74.68263183319854,4,CRITICAL
134.53365659349592,45.29445529800567,6.371912719971177,-0.7165131973805057,19.101266936349244,82.70640197641774,41.38206363100405,1095.9579008690216,4,MODERATE
87.96323150941936,25.022239136828325,5.78328752237504,1.3927297821680096,20.09903853225456,40.60374791209707,13.691151150685457,77.9093637773237,5,HIGH
98.59936361097479,52.34736043941758,13.731243022000552,0.057617191718581484,61.58151309453082,58.041255012386785,38.24027155959098,2991.334212478541,4,CRITICAL
201.75553682311153,18.561454424704856,11.429015636146456,1.1104978273548314,80.28769606462471,63.79722460452878,33.354284528170986,384.14635025112926,4,CRITICAL
225.71235883130402,1.150515685766802,7.576733336160095,1.0698440375371647,43.00004600871698,54.8981172926062,43.51146035312281,1637.5764690313658,7,CRITICAL
237.47371311775456,61.14827091491419,14.825558500823567,2.6974173847752017,98.01063890075139,52.54788171783967,27.850473137704775,2375.857591512659,5,CRITICAL
236.88544283836617,49.89944678912073,6.97916296913885,1.1963328902748915,49.097812430649654,78.04939257983494,8.406686668422253,619.7655347374596,1,CRITICAL
27.36183091460711,60.9842099600768,0.8735674623041284,1.3319939188732626,23.540369569589465,45.1106478361642,28.89595564748612,1465.4569509245084,3,LOW
148.32609141077444,3.115041335013249,3.9341148272247732,0.6066125030575211,51.9370073367523,79.657352167579,32.46323712085151,1830.1377075450296,3,HIGH
17.267628004993284,66.96957022645218,6.541057203289689,2.7963184127312672,71.11334488801958,95.45309374735113,13.812841148497132,497.41016809872525,4,HIGH
164.85866469712067,49.56209600290427,2.3535393621918015,2.1087436377584385,84.90032024539408,69.56382648244258,20.764535340509134,2340.0952705363848,5,CRITICAL
132.45915041201312,45.07162805701121,14.213476894860644,0.14162116121136625,51.28914609609336,72.80039657176319,28.9401365620672,912.0226424243086,4,CRITICAL
266.3112548274899,49.96912384916253,11.502733467266596,2.3768383431049283,63.42461434442507,34.82528914868624,19.964229492660223,648.8487674897442,5,CRITICAL
105.2745037656236,69.15465974946913,4.0243080064165895,0.7295854407403599,34.0610240942968,90.51338325324798,19.997908689546556,1683.7004643835023,7,HIGH
35.12010492828176,46.95492052471256,8.862068002768737,2.3146685741343758,68.13248737649626,49.98134510399059,10.323465566911896,1242.7346103759548,3,HIGH
42.89750461585076,46.476030391054344,10.821737356643581,2.291552273174008,98.73747495553093,73.05358158699954,42.62986892310664,2762.452115016525,2,HIGH
228.45318951524166,79.25433256526127,14.11918393360197,-0.24451925294858246,14.414821532901447,98.53785188213617,35.01977537980386,2642.586840630499,8,CRITICAL
185.46541899487832,60.53841336548544,13.224530237631159,1.8045645255343077,89.7877603634651,71.68518204009655,5.04973755464408,1460.384976898872,2,CRITICAL
30.336802836837073,35.383504436090824,7.727883392073205,0.16257187722612443,60.60542524907705,80.72966412250642,35.62453136088661,1090.6060486822807,7,HIGH
25.23204183449923,56.59176000263422,11.619789296895263,0.18997067997067285,32.68887936060699,61.172373275662636,34.59179970631435,990.0435852611704,9,HIGH
210.290739437736,31.13843773534308,8.432171307413775,0.18539230752232294,95.94007390083321,34.22560904605402,5.38923840622092,817.339596782892,4,CRITICAL
21.828901909258057,18.31003699867992,8.290558350683101,1.9022729902397928,53.5018872753009,85.83195446428519,19.784171904550583,1642.7526040631822,8,HIGH
246.55801778710688,47.74815015102075,1.7211293750728784,-0.08069583282985571,39.852122650604706,32.449918888479,29.269907613021225,2418.8362421089396,2,CRITICAL
211.87266814694885,74.25456784911611,1.8920648702422809,-0.9963766590156391,26.334786544375703,79.04604802214979,23.110026074321436,946.0546924466022,9,CRITICAL
24.40463419256993,74.33116160123701,7.943004225336861,1.8609474139305324,32.00069892309959,31.604510120474586,36.11944474882029,586.4803872704829,9,CRITICAL
25.451314225557574,27.352422248439225,4.032923174685099,-0.3152610246594989,84.95641374322983,90.36136656036695,22.01833330537736,1436.9417424261947,7,MODERATE
295.99187355035264,42.214197297735595,0.3155535369070295,-0.5820704187686614,65.29690083854493,41.03452250830864,11.15451877815348,225.72256205704628,6,CRITICAL
112.2812387268361,16.930871885588896,10.842588058503184,-0.04993551762375947,92.19210575394844,65.99900468097857,44.056624970953145,2109.8114382665262,6,HIGH
111.19264412006727,79.65048875991067,0.4872989503524744,0.519602089290816,30.877160694200725,71.80054931382031,14.681599711041864,1564.7076335797622,9,CRITICAL
243.83987017725076,78.48943262943486,8.929152616560819,0.9036253098928029,20.902471646401132,62.028178516138844,33.70769242165329,1499.1969277591054,8,CRITICAL
284.17457321515764,51.96071437659579,8.087906911909716,-0.8217198371494767,10.5478777878031,53.8534442544221,10.726252466562878,915.327231059067,7,CRITICAL
295.8003191468613,64.35312477419787,14.532220358667066,2.882293330509442,55.70758338543944,62.74700073266802,18.160504551357306,2715.926843844575,2,CRITICAL
226.0134555776825,57.208012902696,7.263197090214625,1.8642522136782325,99.84762373437893,51.799102771681106,22.68110433721695,289.64914971166706,5,CRITICAL
112.87787565927474,47.452657523157455,0.9540215456669604,0.2927762612973446,72.5468741936775,60.66856429566042,12.689280181082555,2612.0755464833537,5,HIGH
25.050215009600628,4.267839759111816,8.275319517096925,0.2747890291415893,37.75551327686315,55.12390936986215,22.99838305474438,1142.5815031994496,4,MODERATE
233.14407477823104,36.38114740421288,12.616442559241522,0.7941701974738375,88.91727247235545,69.63433764550017,11.286512919669999,2644.2580776055665,2,CRITICAL
167.52127492074152,53.98290417339284,14.952739264221599,1.5049792910521318,80.35500393891637,46.65469135714884,27.360261559435607,2191.709145830503,8,CRITICAL
127.26660277409289,54.20252911069477,6.455147605336087,-0.41450773364412896,11.387364946888534,99.20595884398088,31.54853010080776,330.42876545287413,6,HIGH
271.9063155284208,29.849809473790685,4.804481137451138,-0.2442807449401907,83.51744324869202,65.06089673675159,7.497371361120431,2497.978133797874,3,CRITICAL
33.359244691845404,75.33535893264245,13.599799454279983,2.4377383313342036,37.04740815146464,43.591345419015674,39.84528484328672,2052.886964424525,5,CRITICAL
147.78753128725774,13.38856257894248,2.8686319361418207,0.025019695556290245,23.470611812524098,63.39467246970907,12.40563540168142,116.25970048773839,4,MODERATE
3.4060934302257206,40.02875569724485,9.231433725493899,0.5207799919007101,30.36977557633671,90.64905906673769,14.014497012812953,418.43399268681645,0,MODERATE
140.5981925982379,55.27071812406582,6.085716362714216,2.485087403800468,52.17218239376251,31.52647551870769,31.45399360332252,1914.1716063903716,1,CRITICAL
16.890982704551206,55.77086447134474,0.6162354743333293,1.6525913175992901,48.23811343612099,77.56878833751021,23.750042417376562,1994.549498583249,0,LOW
35.64537488042158,51.89111654150524,5.2093271145854665,0.36684751736675336,35.999856943680406,68.35774577557495,24.975823966842626,2245.021269856033,8,LOW
35.257874033131465,22.023057076148813,3.978427837540119,1.734798182898483,25.499648998632942,41.869059605909484,10.126199382525307,2166.331294309446,8,MODERATE
194.76309063481906,12.496525494929758,10.291367309152303,-0.9212671384743452,78.60077106779524,87.22335075134444,37.22943287505633,1985.3694649164656,4,CRITICAL
223.813463779627,50.87522614613687,14.231857465378772,1.942570640045461,99.10988053614254,55.821923566180395,29.6821698441684,2303.391927204339,7,CRITICAL
175.01062952914788,47.94416929115502,4.020707810679566,0.9480641620649579,80.00124223777213,50.566142017085525,10.41528173237824,1733.7554035592711,9,CRITICAL
288.65176454236257,14.348480823139278,12.171989087275227,2.252728589137845,36.63432709043871,87.96876342998307,19.95997468102384,797.1583288628756,3,CRITICAL
112.46117385711122,56.41113164564507,0.8303972540761428,2.8185506080258733,32.032806527092006,74.69675323341653,37.416397309401205,2738.8823089175403,0,MODERATE
85.71362588455823,36.413759338692515,8.071815150597198,2.7031541979782734,29.58992884593444,92.87813585723771,27.734201839464827,74.27781217729424,3,CRITICAL
260.5797384568381,53.420847328252236,1.0582509556484188,2.637060173821363,22.302556704013266,74.09185925698395,9.345951165317219,1112.3539252170408,6,CRITICAL
67.0787515558358,66.98936638161206,14.01049486695959,1.0486798237355486,59.61974947230711,81.85723605524808,19.91108183157147,2192.0334734295466,1,HIGH
288.9667618321834,13.578274286153853,11.495269208360853,0.44056845655575216,64.48603347580098,88.5512127381729,14.707775938229384,1292.9250026260295,1,CRITICAL
3.6463424069449024,1.5315894397469343,9.869248668068884,0.8601412989226911,73.49523945968235,33.831774513695585,25.698622146149056,94.00653429044264,5,MODERATE
290.9636480122917,62.328206911662946,12.358445724369965,1.759584013253443,71.21920338403012,84.32342712085662,38.73444515487958,216.6230912863153,8,CRITICAL
12.947973585172834,48.775794012209275,9.712796933552447,2.535991107484747,36.30999801550442,72.95945372947037,22.450685392176794,1952.9393600321,2,MODERATE
267.3429341094213,55.97116556976974,14.534165957614368,-0.17205478799952179,39.72799048571619,34.865545756063526,22.333681214732923,2895.296506227793,6,CRITICAL
158.31033272588996,67.0523979990914,10.709369217971572,2.672772633846812,71.33630818981041,65.60045453081005,41.214036093081475,1664.553634786807,9,CRITICAL
297.8894388357901,64.22487478596004,13.869879143733701,2.2607209278795564,41.45028767052655,35.772065458876774,28.047416500290897,1530.138297710832,8,CRITICAL
22.13896942061966,76.87361175430597,7.756978380159571,2.9154240607129385,29.136087065738174,81.51630412062556,27.647643495896276,968.6091349076764,8,CRITICAL
166.15628532039622,42.874806308169454,1.75596619472794,2.5210070931267485,43.69025383270656,68.25511997285182,15.476395675015574,784.9382081208681,3,CRITICAL
290.7907606857297,39.07965061279243,7.922665821345257,0.11974931876762662,34.487574182017994,96.75014761886081,29.308909913485053,82.53524563372845,1,CRITICAL
156.92935325104463,32.150975991258406,1.9030924209463995,-0.5761763546238092,17.948144909672003,42.81947601002389,28.036418696695854,833.4055055686041,0,MODERATE
188.81959144057876,12.295283427536363,8.887402187646076,-0.5510357120336455,84.71250120489881,72.4223416764265,20.87405881367456,1358.3491137784522,5,CRITICAL
208.72460669538515,45.8085786305618,7.237395907914944,0.1648932743131044,86.78002502413327,44.810749419934396,44.62782263596722,609.8903534858715,4,CRITICAL
136.36231943033198,22.1610019460783,9.338630967491726,1.456734895938157,29.777527015019153,72.98454893091788,40.27563859792347,280.2970056746591,5,HIGH
188.26742402521904,73.70460097703804,0.1507047158224739,2.21728130438869,15.829497957268156,80.58547916525995,34.98345160307262,2158.8290444187155,6,CRITICAL
175.29429357693007,46.655264342167804,2.9226073748304615,2.597001227926259,76.49446936160615,80.5613030530677,26.49382353652002,2685.96840182284,8,CRITICAL
270.3474031472967,47.42721444064881,7.369956478681964,1.495013537476931,29.03757632770723,87.05517934778268,23.48239207578521,2811.580767667515,9,CRITICAL
13.63391410243736,28.393972870160802,14.257553423837022,-0.9774747490077851,45.40919404931742,89.74851595708216,12.395895808927975,1861.6362109210281,9,HIGH
84.2889568776691,4.159148158216599,5.7541356053273764,-0.25473289392586596,15.772172701364493,35.40902083870239,17.229498960584948,177.26825614585977,5,MODERATE
285.12344522296763,2.5395012298390895,6.36558039080452,-0.6010951845865282,30.364262628259166,54.028700995068284,35.95843199292841,2227.770637286085,5,CRITICAL
267.0791351672749,33.8668115322558,10.720441335099332,0.45329790227604017,81.36120504966722,78.0985764251864,23.149958157502056,348.0840096804214,2,CRITICAL
136.69702583571387,6.765230247779028,9.05689135929177,1.0054039745349836,82.39568022236817,64.90104011738485,40.29078066278005,2015.8493907097154,7,HIGH
186.03977934046102,48.54775644321113,4.483892251474998,-0.8264112856857566,28.637634239893938,43.34731627283541,10.91644545382115,2342.5101905286697,8,HIGH
83.2143548943398,70.4778404511726,6.162245933511416,0.39391190318262126,40.23224605960206,68.68966991166886,25.33388384054546,2183.076838262889,0,MODERATE
56.436347917128394,70.63318532149778,3.2654969828584868,-0.28328130149870967,22.081457718436923,58.52049569363007,30.87862736085235,2856.6137411681693,5,MODERATE
139.10952148199465,52.72363281057859,14.490321886953128,1.5882806650354957,16.675536725643013,57.30267943580135,25.67393825231704,2219.6759277128212,6,CRITICAL
106.00566840781585,16.898546517834482,1.9595157233603961,0.8570894772973601,99.29545430035685,86.68276022049648,40.56907566339949,2085.765138385789,7,HIGH
175.0968335552616,69.03974650870977,5.577551768496292,0.9812705877356351,69.00345561203554,58.531883368252686,44.58253127316559,799.9946531056452,9,CRITICAL
23.320391089495452,70.88747482505666,0.3875845833001679,0.7107671521338443,58.78868582784869,31.851815383629692,9.63338633365479,2775.810685578987,7,MODERATE
292.31844229984995,15.732286796236696,3.326692379003196,2.824078841946268,78.89486503647696,34.06443372237639,10.19819616307684,555.0407349666174,6,CRITICAL
295.86322334388086,58.99408686165418,11.707067075702323,-0.14105949951374708,85.60694437189517,89.93708291841341,10.212964542404844,2716.5919021899167,7,CRITICAL
209.44851420592354,22.921563914169838,3.017628484333192,1.0666570393754973,82.60432912402548,97.24205670087649,32.2470838428211,951.7343791708129,8,CRITICAL
160.8289099032361,64.21122498823438,1.2009510379344839,1.9440694734613437,11.488550436088895,78.18865355189953,19.90704381983352,407.8875097554528,9,CRITICAL
92.85828488589833,79.77903199228821,7.116797697667849,1.2273776525382503,26.812710837144863,55.50578058700562,34.33258645063624,2483.5154212680886,6,CRITICAL
244.1385059120846,2.402080426351425,0.14953852101777743,2.7160835428672043,68.94147719060479,95.70202210563092,21.21885891547915,27.43645173047085,2,CRITICAL
205.41935176616377,71.78926926327455,1.2714923163949976,0.5118734225651367,43.818341302356664,76.3962160463015,30.104268853282544,2499.6231866888756,8,CRITICAL
48.78508180346739,49.810442687892646,12.114388043444627,0.8547032230927121,98.42343859549963,89.10334844395364,35.79432022715574,801.6892892970083,0,HIGH
273.2781553481527,77.8706095331857,11.572100172894096,-0.6459107391410863,69.88643133744287,83.60966128259065,26.928636426196825,2656.4693928117513,7,CRITICAL
246.7611728769507,37.20076140211421,13.72708230607344,1.435996444207714,96.08940178562858,56.53975210408147,26.580143618000243,2080.607963079906,5,CRITICAL
284.9399739875772,67.7910344457099,12.817731538661242,0.15284787379242415,28.130183348121445,63.50915405955499,8.529373011425378,2005.2263318947585,2,CRITICAL
217.715852516508,4.991525487862178,10.247633448597272,-0.3587638419377246,87.75613253035208,43.029250805766964,21.431269716377393,1108.6522982312333,8,CRITICAL
184.02455878073695,26.822324006263656,0.7849928595099426,1.1781251716180323,38.92170752337028,50.44098703085139,26.831086128997505,197.02086219449754,5,CRITICAL
125.47291088718566,5.361323020096798,11.742729269799863,1.1292410535196424,99.0608327414026,84.46879629005652,23.4792330266564,2493.61783265262,6,CRITICAL
279.818545006204,78.02745067832564,12.682662162608407,-0.6965134351038098,24.191980486583255,92.57848743181758,41.03128000753702,529.2933096260533,1,CRITICAL
259.8191668501225,65.35791258174694,11.986232186579317,1.7928618139778911,56.47058369544939,80.71222962759882,41.26122528477958,1129.3307528463615,0,CRITICAL
13.565601031856822,68.20379369967765,7.627185529620391,1.4950887626034115,81.35600804534097,62.56215876596468,37.87669522355047,1809.0569628170638,0,HIGH
7.910092349175601,75.03721851471154,3.493527579742225,-0.24393086901401118,48.93782325436323,36.05564882578233,20.0119230149248,1457.1161409106526,2,LOW
112.93901006341488,6.808278889582828,12.6799496353309,0.8777394486161754,52.1275654168882,33.986356408891375,33.69196606750137,612.0086928105278,2,HIGH
243.16599923454987,30.847807401066667,10.907442146102078,1.8812916659142398,98.77202159551669,56.202789522899764,20.811538442784393,439.0367435092061,7,CRITICAL
296.18283879448336,5.68279112352017,14.711417615832774,1.117742962165106,48.2777335271038,62.467520313736415,14.303743959030362,387.273891305866,6,CRITICAL
45.12506733105845,16.86344812400229,2.3353889663389937,0.5819563047342808,64.36648905391573,72.63844355493077,18.716105742035264,2591.7634868676187,9,MODERATE
178.23921460564054,18.34926216301379,3.3849687457808257,0.28935383232377454,14.908569460763562,30.454266497089804,7.838585331421419,114.0474562027742,7,HIGH
114.26725698930646,37.528576883806295,3.1769722482225404,1.4415754665762144,85.7989072189234,99.28060233264145,18.271100360185887,2931.502493607685,0,HIGH
290.97431934438094,21.48497339629141,11.88809651432005,2.7564347932409623,68.33512440815892,55.47572183828301,23.429688690446863,611.6154973485341,3,CRITICAL
252.6356769407126,8.078248545420887,2.8036094467517723,1.6869793619099336,46.36180925765322,89.3666264660785,43.2192357912332,348.76044469965285,7,CRITICAL
251.49861141334137,13.399287127528616,0.9998974473495914,-0.701016385454738,11.455258595906777,67.4476693965783,17.536423448784998,1739.3755312348494,9,CRITICAL
140.6079479384911,11.782045084167274,14.97841209878443,0.8427398939285351,63.250193853415354,39.13076181733425,41.098141568220825,258.35815466327597,1,CRITICAL
124.44585070129955,77.84614383298387,0.3722581716772372,2.5632965260425102,11.139204563574598,85.82958867741652,14.154331032939883,1815.310724227513,6,CRITICAL
82.02212157921187,60.74340055347789,12.528660902382985,-0.6221502967956525,10.108325251811612,79.68789524439133,12.638755910369976,2554.867401544567,7,CRITICAL
16.912648995278133,77.42091722156496,5.480502623259792,2.9555028485501733,65.44887059344191,66.92052594504597,25.759818257286597,162.736103972926,8,CRITICAL
259.416712876516,35.179238920632685,12.62423189636723,2.7962775745816852,27.011536060109883,66.0187163933646,31.90045477189624,2403.6084414950615,6,CRITICAL
243.87030273902326,22.269478533012528,8.319307368167175,-0.6869020770804966,27.269879474628578,36.12357240256496,6.773290032091257,1195.5427741267138,8,CRITICAL
299.91530198583916,63.86345577673494,13.524468442295401,2.7336532817982198,68.79444092494694,75.90942640017118,13.842634601888669,495.28208881700573,1,CRITICAL
298.9910511221716,26.100313443291743,13.8928947962194,0.4525303610378488,14.832746914543685,93.78716090280099,23.227346660052657,544.7675111970279,0,CRITICAL
166.62951168078823,23.95066989642786,0.13647271921163995,2.37883666830345,38.206500532710066,36.52714434549509,18.240173439327258,2757.9183402087942,0,MODERATE
230.69622455415316,18.600479376626495,1.1311826398918239,0.6735333508530861,23.448871192781716,48.44580154542334,33.504843173932876,349.6051407831801,3,CRITICAL
283.4297189647284,10.374318257938828,3.755380943562832,0.7634204508100635,62.21587328168805,93.16155814094691,25.446423841652674,2603.012705604658,0,HIGH
254.89421720322343,20.517044881341278,10.039731245452526,1.5369723639101704,69.55886392546563,49.904073687385534,11.414364224156008,1641.8489705311715,6,CRITICAL
74.2044305229593,28.425579877911016,13.32408294767259,2.0979096771039334,74.90222682391392,75.77605705259484,40.77861517260362,136.38741287298848,7,CRITICAL
135.16324059302806,53.91953665165843,6.899129269409442,-0.8648433962070055,32.97080952267089,67.4372715460201,16.716227019334383,1404.1389142376681,2,HIGH
38.747824545448495,5.005187377556126,9.104596744113982,1.372623982108537,18.03247764729256,71.74293235027034,34.24524435857694,2455.999553139376,0,MODERATE
286.2153081776167,16.840555173227436,2.827497791933417,-0.25306802361051606,17.081529124770803,59.10522311040772,36.1966311642164,2184.084307164519,2,HIGH
181.852390335264,64.72189122333411,12.07450250822528,0.38379807145281175,48.35363936056514,50.99940293875978,43.52630801024409,1476.5716047004591,1,CRITICAL
68.59284165103881,11.753753886701661,14.509921670302045,0.39187466462086595,95.12599681564436,33.39734155107683,24.940298660964054,2582.948641494727,5,HIGH
201.510205321757,27.411611721801723,4.0289839937189615,0.8762413608846145,29.595613082232216,82.0996657505915,29.633420618577286,378.68699010508453,6,CRITICAL
185.43847213736876,69.1727137486512,7.422389274008195,0.3365456475046935,33.106744120739435,82.22654235359587,18.395051739181348,2731.6243391092594,8,CRITICAL
107.44881540985214,12.394024891475413,1.2917416575956069,-0.570555526197329,19.079992189527303,76.95080180551062,32.12717173648266,2542.3948012803794,4,MODERATE
34.0672776598887,6.618946849455192,8.387049846944526,-0.41748504589819424,64.50132465045372,75.05436516837344,23.53533943465279,2130.6649404585633,3,MODERATE
201.4719586778399,38.763039606400866,7.541751627700208,-0.8662480577556093,71.18855865524574,47.060199251726836,22.50609458897689,2457.305471543673,0,HIGH
156.092310271138,24.19356090228291,2.166547262326164,0.8809963413150173,67.86380873446839,31.564145363640385,39.218701164644216,1640.5702103911447,5,CRITICAL
231.6955175206918,45.07266915870833,6.630993196771126,2.817790779411954,87.50172187403031,86.61007778198078,7.006753739947547,2031.9840387110473,7,CRITICAL
156.04905033359802,64.30439123867801,5.011569781298449,-0.5372991054075338,53.778325152346454,64.37969749870788,40.27849711327474,1690.5822507091812,3,HIGH
255.65445009556203,10.971879052219453,7.82746312957784,2.785057972012328,22.1011336690358,51.47866914918328,39.08279351314228,1079.177020913689,0,CRITICAL
165.57205163234568,46.4559267643428,8.784815031431988,1.9334460589283742,36.04646176339714,37.135233474639904,25.254650142471565,1715.205176136309,4,CRITICAL
168.28139146061588,40.44070083118911,0.12743367910814263,1.5499952117366527,69.61869760792166,34.39051136309719,24.60811416822513,787.2466909451387,9,CRITICAL
262.9960807975035,11.526302881055965,11.41508974424333,1.5811110212942516,65.18097763674038,54.420670525662416,19.47229472141961,1332.03192910554,4,CRITICAL
121.04485986371911,49.919878842318596,10.695214377926112,2.3069105935851284,57.79028167686663,86.33159453368583,44.766951667269375,856.7107136355247,1,CRITICAL
40.20456853519222,21.89123342886173,5.494295793097833,-0.5723205424807145,71.46679768198184,94.31066245336814,9.446773310153649,386.2056125949392,5,MODERATE
8.634802894001691,39.026745483521,0.7940390335322739,1.019017294262167,67.36517653359695,92.77259552291453,28.60860942514428,979.1483320419204,9,MODERATE
226.5411767020857,6.5817859421649505,11.323988096775755,1.788364553043034,89.31924005184565,94.40005843247584,32.26726360449668,2558.9219101906165,8,CRITICAL
186.0928654060394,36.766724577089846,14.327627407171986,1.3472817802942547,62.741473973046695,93.540774019054,42.373200328677775,1155.6206965140711,5,CRITICAL
211.22393042976708,24.517077443425627,3.602273940330213,2.3311162840931785,80.07412228305009,66.9057326120277,36.20813987427046,2249.05087392723,7,CRITICAL
63.88924845267322,65.79049689482835,4.852869206055568,-0.710913163954594,32.383644036982105,45.35909469898327,30.753888112461873,542.0896056297205,9,MODERATE
40.91144267603093,4.558298159789462,2.7571933422272243,1.7628041579966638,71.03643261301612,85.86326079857743,9.672492672484907,1284.769094319572,2,LOW
4.363399700364578,33.4885819934664,8.654041850172595,1.136110921538871,91.19747065444082,44.95990823968053,19.949340673258696,362.27108661882613,9,HIGH
105.1762676419791,36.67451393051504,2.322620919711824,0.5166434559197737,44.71590951098499,48.70450937295983,10.55366570191941,433.09076883511926,1,MODERATE
176.9753060563899,58.0004861039295,5.342909151920692,0.3610999289361234,80.1193768604782,46.32780252757839,40.24850929862055,1859.9604120724061,3,CRITICAL
117.67321352991969,45.94300600721688,10.455195209013944,1.4833305310967715,75.23103710758919,66.04876825870642,34.98484622254572,1830.295815998053,8,CRITICAL
131.24247660711873,53.376986975534486,8.401739745140226,2.5639814985770593,15.357357718464023,52.527925571835596,35.30147147188917,655.8482839174894,8,CRITICAL
271.2476083481245,62.163942852140494,5.7969384649190285,0.9847037044044611,62.33574786616651,40.7909234737739,31.090260710941763,1433.78111898062,2,CRITICAL
104.4766401069901,68.9762378926551,6.303744027113129,2.2988926563076806,21.717041428072214,61.722138832571765,25.281741477468387,2592.6523775942846,0,CRITICAL
154.19684674794323,25.110039737797642,8.431663239348442,0.6086255273758701,97.0587255007532,91.17350671496169,10.998842378539887,539.120495855919,0,CRITICAL
235.09590382234293,43.04181642911224,0.08797091830741954,-0.5904221488272938,83.02667524305906,69.93869984649805,18.18779546820207,77.24738855907421,3,HIGH
118.96283469638105,67.20864627513599,1.1776480268041478,-0.7539770541654458,19.87514211224081,91.4834924121311,10.476631699075622,1962.9455191774455,3,MODERATE
186.62601006836204,79.15609047720451,13.218871016445174,-0.7946625147052897,20.957679788291056,43.711052955539614,33.99652571409373,179.4246601042813,9,CRITICAL
258.70911262402353,71.16154488350105,1.1681848363693614,0.5206005678306798,63.502646942135705,41.688171157078784,11.4091510408802,2940.221910945889,5,CRITICAL
284.85618709729266,29.717381009950145,10.602053943157577,0.34895100334336826,41.0400256755865,70.29039879888941,33.08454200686742,1836.6684457206654,4,CRITICAL
44.12204427871138,15.613321377492033,13.800572461635788,1.871748094490278,13.141527316579836,62.43302310823911,32.69021558383619,1421.7811314750375,5,CRITICAL
277.97628754844834,39.151402992527096,4.060254064525966,1.9712860063394633,58.74773570497478,76.21208491528698,23.372179159651555,1301.377769272434,9,CRITICAL
147.63488792386147,59.33131614688338,5.557371555892714,-0.7965841246650407,44.906058971726225,85.6238753718747,10.409146164722092,1727.7505623804557,6,HIGH
77.4733164896875,39.405525660263805,8.533821087670745,-0.11550694844394016,19.09688431345684,82.59151069565235,17.592033045361468,290.06082142624047,6,HIGH
137.7407268714784,38.65446906509348,13.22563454457877,0.0970474006355988,82.17283530303844,95.95828215609927,17.803724363022056,2791.4567952820976,9,CRITICAL
294.00977258564313,67.05843368654405,14.128583808906303,1.1904479365712377,92.35690887509254,57.87794864099081,33.015405325731734,1884.4133642845957,9,CRITICAL
147.78542819786088,28.91230232537491,11.09344872166902,-0.42193910437219895,78.0934540612717,44.44707195737266,9.549720776548973,568.2559228805081,8,CRITICAL
98.62548308625246,68.78357398493165,1.2992964128204103,-0.46423512239999853,84.01800790146496,68.563884796352,38.16274584864363,1696.4915402186953,5,HIGH
190.02025629501773,32.54438407613789,10.037312333022761,2.775155556831832,29.484151053950562,37.75201841338299,35.440291607436556,417.1043873823747,7,CRITICAL
72.04368563345793,26.258648454267153,6.154555828089931,2.216811629191124,33.72156558267409,50.2195786332142,12.452276726970958,72.3070983237701,1,HIGH
22.758998432599174,36.31919289597592,7.060514992365924,-0.2773803916353188,28.767478626926895,44.55216386842011,33.766575271155574,1898.940615937714,7,MODERATE
38.66391657319477,60.99575669398948,0.7372258551776556,0.6262712316219639,78.85570882290075,57.75946017579567,31.740527258712874,1952.480358772981,8,MODERATE
38.41375168733173,10.080162229119543,2.865932090195373,0.4224879970302622,95.31253710410473,37.78516025015507,34.92483200443705,1759.4158167541782,3,MODERATE
45.5708080536883,15.71353726976139,11.857704113004717,2.164016296261629,74.51534860605123,32.22892211836685,12.557142217947778,566.7799489928688,4,HIGH
41.64815179482304,76.11558605304735,6.809382495717896,1.0408516659124882,89.33200883916004,75.97558032410222,11.303612886258744,1818.2209783144058,4,HIGH
192.26242344096437,14.03933019050859,4.5249336244672325,-0.4886010520261319,67.48291853948552,72.71742848028634,14.45935943691017,188.40260395506903,1,HIGH
54.56402531974345,45.418185434484364,5.7602861094743725,1.9559682526249755,44.88939105029191,79.58512552270628,19.634868125959027,1835.5302996043285,4,HIGH
103.70018499715896,46.345157332955026,12.815992699885204,0.5875519128996758,48.318545343727465,76.22705081899409,36.74659924143205,1670.970716940704,8,CRITICAL
269.03652297180355,39.16995696401958,11.234985261074353,0.05169699052858823,16.778928895066436,38.00062767996685,34.516957499154,1972.6593959005165,3,CRITICAL
142.1884920788617,51.57961988614549,4.084730957716242,0.5019944880828806,12.831147572142347,50.37552169629524,42.01806369114132,2688.5173051421334,9,HIGH
200.26732155630816,18.386138063809476,1.7625276031855996,0.9910262544275854,72.59280437701696,39.06686269302467,7.345182363944618,2554.067153613819,2,HIGH
51.69596136048895,44.212981422139855,3.779973324661076,0.37246206566803775,49.458600281006255,89.00806814339941,5.462251240567424,2942.3494908563653,6,MODERATE
57.68670564260123,29.77386041975177,13.811346765821005,-0.03237690963296869,59.699356124916655,82.28325587488663,32.96555318803196,2929.1982781509937,7,CRITICAL
12.260584879943659,52.93338077033512,8.72383256774633,0.5940081152159213,60.18951228601747,44.10689020427697,16.171499831766628,2321.5126862537827,9,MODERATE
50.680518921649366,11.297883469851957,8.002203131171743,-0.923308357000407,34.96382319999712,53.891646834292544,18.363155821352702,2870.1304740896294,5,LOW
83.57710170958758,45.6701933471581,8.945903995386923,2.0899913843852556,52.83032597465416,97.663049458495,26.87208103658049,2604.505979949554,5,CRITICAL
53.10314528302405,14.821628430665896,5.490423986197729,-0.3162204257296568,52.368419950093205,71.59115505157561,9.09652492507194,2188.1957006870193,4,MODERATE
26.610760127116684,22.291445049202913,12.10660530479269,-0.824381545477451,44.95844991050713,86.08089181108102,30.70777666192199,244.6450788383905,5,HIGH
36.190761330180244,17.496784025886658,7.849293739503747,1.6147947716203168,83.86078450609634,48.52137243381104,18.005897849246008,166.16866704426553,8,HIGH
138.23363040981772,14.627022389505369,1.7512185415319332,2.095744515294689,50.60476033188363,44.70370441255137,30.308604972039667,2516.0467111671956,1,HIGH
61.90011552173775,66.05687612485336,1.9359768724359445,2.255316526371373,64.32800720553891,84.87418501925839,38.360276522935436,1479.1744564576609,9,CRITICAL
109.28095831442263,22.856605412871225,8.052887197539276,0.9740367306423998,90.59681083427435,78.01107186620081,11.844453333497187,2447.5279194372642,2,HIGH
151.02518125645707,74.16990254915595,14.048553271062588,-0.1785272612400588,87.96102605730302,77.66845504482346,42.23492371658081,952.4964465525537,0,CRITICAL
207.1184485888096,77.59412202761527,4.625281825142981,1.948910708999307,90.13799834012487,68.68442072804356,26.227525642497753,1204.9965778025783,3,CRITICAL
11.793641952329681,45.70083759496779,13.043117532888274,1.7988523086173487,34.30044968185126,69.45048399435842,41.91711060695874,2106.5564286155573,1,HIGH
239.82311967271278,11.440089813258112,11.46143379868319,-0.014917063587307045,13.148423947725654,81.49882537143776,13.309203288071124,2747.6736760576377,5,CRITICAL
188.37011684727233,29.9638594703665,3.7171866436036027,2.613631023451172,33.49601199057963,48.90017367848367,29.182506584169502,281.5291939470801,0,CRITICAL
24.527709584661572,63.818581067857124,0.5451112247436368,-0.582514167668684,35.08366110586378,54.6937926099869,21.15548469294419,2587.2048710111267,7,LOW
262.07358723203316,29.39125829576564,1.527708977135741,2.9307529583653027,91.84242940524712,91.01457393640385,35.96888764624053,2383.1779201405084,9,CRITICAL
276.261720159544,6.9613774642231,10.927409007711603,2.4409912439098584,68.43184595541736,51.620564070851046,29.236357728531853,960.3070267749669,5,CRITICAL
18.323387956459126,44.542792874255035,2.9950460706097006,1.7515945819163008,17.35335636420059,68.24166999655094,24.78061827833274,1078.5455101120476,8,MODERATE
83.06329444416112,67.60966811968278,5.569063807580907,2.7549995531193314,22.184073640999102,79.1847624804679,41.519416257240344,158.4552021212907,5,CRITICAL
241.8603839379184,63.67411097148019,7.525487490096372,1.8892446732948311,24.010851298777787,99.99473787832235,20.084682566867208,66.90702112781959,9,CRITICAL
224.4779071150975,14.009851210428259,10.882022526752442,-0.2381720118798163,66.73795733520308,60.470393204673236,13.79920819592726,1441.4782565460328,6,CRITICAL
55.3563058069132,53.821169152997335,1.6984683488868808,0.768624552451247,76.18726229563028,59.96650136374606,29.324047474083667,304.7081435819854,4,MODERATE
62.80479700101309,17.64034107485177,6.095496079161922,-0.7139879026734586,87.36795195088565,88.98118656035672,29.96113748691255,598.1254069573348,7,MODERATE
111.1416308374146,17.45660276417378,7.2760936371404314,0.5586296891524616,94.65728957256188,86.38521778819043,22.563784862875018,2543.3662545894576,7,HIGH
145.3568955573064,69.92574186441482,8.112405959573096,1.9664120789488346,28.15341016477976,81.1753117214184,24.464401747575295,1721.6646059263483,9,CRITICAL
185.4764314590888,19.97351621921841,12.27540962092825,0.5457734037232695,37.87952362516442,62.42607461863202,43.382136571996,1908.224663053018,8,CRITICAL
110.67409187093172,21.059787721440895,2.5751729256482534,0.32117670187253644,31.62905926703476,52.67573841125011,34.30742765587205,578.6884058791217,5,MODERATE
138.76041483994436,0.05227126090396439,12.117471777399334,1.3814228900412475,42.288541071952395,72.61113378093941,9.42407005930308,2489.41217727417,0,CRITICAL
224.24128144012695,69.65352273004142,10.393176415449783,2.48881811599558,92.31985966813744,91.33563051921487,13.485202834824438,2606.579721870448,8,CRITICAL
11.00496086717937,63.40758505673078,8.33806221298439,-0.8096672298155503,61.76013102454254,91.86442207460107,44.023065377422355,1579.5162292648693,2,MODERATE
75.73108330320622,50.18631480725424,10.49291805603858,0.5418817387989416,76.43727075920492,37.59488415493069,34.05862215174125,2739.4221601984063,8,CRITICAL
214.00487576536574,60.02126111510738,6.180266084274846,-0.36703703273894916,54.11073125141038,59.98451986692055,41.60180504578613,2537.5893023646536,6,CRITICAL
268.5620513061598,12.163885393959344,2.0759637895218686,1.7814170029274785,12.597212200251207,62.53053693391246,17.154458559548882,2199.3460464898253,2,CRITICAL
153.50323263469983,36.66588756700604,9.98647860398051,-0.5771017582754605,15.77759373980329,98.43307572666272,34.67467440346369,2207.5462287670134,8,CRITICAL
159.6340455795947,28.097550987902473,7.870084600284334,1.6592310343209782,58.41307281410972,77.45986106698092,33.56010834094046,334.0725523735726,6,CRITICAL
32.15160340193282,7.502122100561319,9.590622008141633,0.1447234831916293,74.69101313380231,58.50724920834494,16.787599417575002,827.0913923330841,6,MODERATE
134.2237100470364,38.890438817193925,5.0699817154273505,-0.20433274505110122,29.379747477585834,31.82405201899151,27.032653018028213,219.20471505667464,6,MODERATE
159.78517993650695,73.65917202741083,13.602998660097539,2.7454102312999416,74.97186165930736,69.57696120694371,30.09660445081181,45.87000349439981,1,CRITICAL
72.7411510904189,3.2047295240555584,8.810548028633654,-0.9259016930161765,82.95991961351612,36.725318294684925,24.245272433098602,491.76240352405216,3,MODERATE
80.7729692848143,23.31687307950351,1.2810372643631074,0.7511090875582758,47.070773052590006,88.41149701434341,38.08714826632051,2643.8518042878814,9,MODERATE
113.1852489313868,16.603274896456277,6.74705986056643,-0.9134920301528249,77.17773095596945,82.67630623992534,38.31476167191958,734.8246959274336,7,MODERATE
6.0213593333179105,19.051732293255704,11.345340821154515,0.9343721924173161,46.36269552956139,62.23564119357251,39.02402193206227,2911.0588085233308,1,MODERATE
96.62374967495349,72.67476415035003,11.912018425984085,1.0041895111776729,71.0515566509518,60.044754567918986,37.13694276392651,1799.9271786923944,3,CRITICAL
63.434402098963396,37.44552433874321,7.418955791456382,0.2866498855789881,78.75973443875887,92.81372758981381,24.523339087885784,727.0302931513774,9,HIGH
98.24920565337439,37.3039530351855,13.421213562469516,-0.4713528898999053,99.27339564772997,50.19208452926899,20.257531925960286,1501.4497943829542,7,CRITICAL
35.92863954577537,60.84605139642258,4.015026557914464,0.5055501509379012,41.085699585723646,47.431397347473954,38.255051348574824,672.9025716463439,2,MODERATE
267.1581842219685,12.359376320394064,6.158980458573999,1.6890517597302641,46.99367025171503,95.74382029780334,24.608058342250672,2952.241203383474,5,CRITICAL
178.07773606621458,38.981228328004065,13.47895365853455,2.1295832345778365,24.90580534691542,86.64720857274378,14.854855945119274,2544.849652036792,1,CRITICAL
203.73069574334687,34.39881712968478,13.443850747073684,1.1230024095525692,28.36657525616262,87.44379151470363,25.29374129288865,98.19159057134073,7,CRITICAL
236.7513715822015,47.75285524373249,10.285691532370214,1.3593375777590224,72.405550233854,43.66356699931479,10.673992876769685,2844.372573773064,7,CRITICAL
149.53265967871718,79.96461626003509,12.884708206833302,-0.19753451550138923,92.53410311390284,40.03071940016541,32.66517962395196,2168.774019762604,0,HIGH
26.076086426227107,61.55591152656377,1.33159900434349,0.1493213329105978,45.51444564951165,31.82206848719944,18.436851264956253,265.4961310234094,2,MODERATE
161.13196254556433,31.829256241394177,12.974924643116644,-0.3524175597905663,26.18600021519871,46.592905624307605,15.426351937898172,2018.500484052808,1,HIGH
176.05233540626375,66.20424418192376,4.809298598253402,-0.002818599981554648,35.658954944469464,84.19333442000274,43.2603498493898,1947.8415599377427,6,CRITICAL
223.631842255299,13.656669064998415,2.674972686423245,-0.10045287909787293,50.95465343273248,46.80268931349048,36.07523983033231,671.9904625065986,6,CRITICAL
129.4978638689038,2.43709490471681,3.590547545130695,1.0777951455649504,36.15852964288315,81.03722985164134,36.482780108957265,2280.1711660225756,3,HIGH
38.274090838669125,16.355869797141843,6.269527620208306,1.2507550231629176,31.022117480967964,47.633578575719504,29.948878771167337,279.452815872642,7,MODERATE
85.13277173961734,27.23292448914077,3.7678800690670085,2.779789683286018,76.23860398813716,57.67047485654702,38.56691242041188,1478.5466400691184,2,HIGH
108.92468891959052,40.84646059676479,4.808513790247486,-0.21771741159390778,10.706042911656088,98.82136029379859,35.36649924653525,49.57115734600201,8,HIGH
193.77517239948037,49.21033124329598,2.0246772910746316,1.5667028406459838,58.53074746028348,47.13682118988949,28.950948165344663,2906.837716906344,4,CRITICAL
171.23349140067356,72.84845737715374,4.442651483384978,2.2690370759500915,81.43901263267784,56.34594391087873,43.44497607406869,2259.6596226951897,1,HIGH
106.82901776935387,40.78832076403661,8.584257218130018,1.24096585513221,33.96054576857214,51.076102632564954,12.66379798737692,493.3791869557749,8,CRITICAL
295.9545746378939,40.10205157005835,6.627805621365959,0.020014610004302824,64.29623595508156,37.67374904310016,42.73518875979004,1038.1886390548234,0,CRITICAL
181.73244580706614,4.019440785838571,5.200781418538668,0.05020092008000088,70.2010095056756,64.29258994915774,21.057526479954596,498.4758858683653,7,HIGH
71.16803752079835,2.792924212497905,11.196781932856709,-0.8429877877160004,68.95222267645809,56.50834643331016,26.135959336059464,2304.5200431053577,5,MODERATE
30.534741786121124,44.092796953309765,13.402649570899769,0.22177690619392676,50.12646707788459,78.6420960065096,9.909572781772358,195.5110497745912,0,MODERATE
45.85774175529961,35.05428905986756,11.351838343535956,1.9784147160135204,41.19201890882013,87.23161828660824,26.604297556871636,2524.4118335798685,3,HIGH
73.78731851535244,67.13443159842389,4.9800105317651875,-0.8099289711715585,85.23316657250321,68.0974800146947,29.448270074327738,2827.745089730475,2,MODERATE
48.2044119778667,12.854366776947614,11.166632517563306,-0.12281886998067737,78.26013612998779,32.25374954611358,44.90806167234096,2036.3512695627737,6,HIGH
55.97010721539173,1.9977329693639678,2.2797027371107683,1.8249299941271278,38.912965607252126,73.3245649364305,44.00769644286106,654.6370410042739,6,MODERATE
85.52855060815413,35.92310143441007,1.9547698213693638,2.1306062512915065,19.271727499798548,33.87735110146574,43.65589167497149,1093.0684855243812,5,HIGH
52.01207858842645,18.9982845401806,5.184405555542384,0.8212736402477137,16.462679090092227,73.14494265193174,18.935522404082295,1442.1748269306152,9,HIGH
269.0296273879276,3.969149867106996,12.115535535660856,1.7922973539145954,18.484838010904244,77.95209644884319,44.650659949801735,1821.7818211627161,9,CRITICAL
24.07012369849266,57.96786294781032,3.695223708634528,0.5518086746195681,62.45824250728385,43.84373393322629,23.219126063804435,2012.6160076388285,7,MODERATE
157.3534168710764,8.927439996579798,0.9488011334801938,-0.36034701990348994,14.649595824609072,87.35423041052397,39.07345035047602,1671.5598516502707,6,HIGH
123.11904809689845,48.66556000062174,1.9756430280953263,0.5925979740916261,40.32341874676345,93.7759592101834,13.65279876075888,1066.91548404913,3,HIGH
294.7135850725819,22.483980013351132,12.881174527943703,1.3198712808125714,77.78797317228064,86.91608748796737,25.233327186264095,2674.9334960834112,6,CRITICAL
33.611670650415704,13.879684028401762,9.506749271209314,2.792213127411561,36.49133498638403,51.35764331484575,43.640483845104214,262.5483328935155,0,HIGH
119.35667971372249,30.380121833545395,3.79801745054965,-0.7249961916452907,78.69772694621169,71.0650108711944,42.881255876937104,1409.4430416456153,2,MODERATE
290.84112998261065,64.11566209783629,8.32943737992272,1.0295763753798424,77.09203343863497,94.03706044338594,32.34939511285707,2331.1832186330926,1,CRITICAL
259.65213776819405,31.367486152365814,7.913694336380256,0.3156791128428975,32.12444193698947,52.44653083559949,36.91257290212239,201.40054256837468,6,CRITICAL
245.12162128478397,60.061571936884455,9.83153967660992,1.0332467771067781,75.5939962083471,87.40194755857975,12.057067864096055,2121.8989460976777,8,CRITICAL
77.37084811348196,10.038903743932055,3.497813316324245,-0.9040982104938733,77.29989744448906,30.663259188318758,33.8663419793663,2462.7406358049084,4,LOW
51.266276217019744,61.82171357320633,12.966044807915965,0.2521014188063253,45.770853310032415,30.25526919492734,29.72203233341489,1989.2772696106158,8,HIGH
200.5929659773293,18.954665992531893,4.640528431200193,2.27947259010802,28.93784353673664,83.17981622372773,8.662069430049844,58.55193898056086,7,CRITICAL
278.8127967382757,54.191450391109825,10.411974809643553,1.21576693541855,56.91437262026822,83.30133074889848,9.526360263587051,556.8083408539746,0,CRITICAL
167.02886790417892,45.26252438727971,0.24186969558322335,0.8023299712644696,92.92578292001767,85.22840314966056,9.337744710050476,1039.496975098013,1,HIGH
171.48380684096995,74.33157737693499,5.5898569484122085,0.14210028686135834,67.56550591888558,95.10187865217137,33.974277393193425,716.3963062013768,5,CRITICAL
83.99372809808526,30.98580143802512,5.275647269382125,0.1921700911654236,25.563024786453507,38.25344182741989,10.668608329902899,2888.7033778777336,4,MODERATE
230.84787995758106,5.293215106755236,8.152266428745218,0.5324057343623378,71.44812322601679,46.23894894885818,23.709290844578817,1961.749864059105,6,CRITICAL
56.11312456725701,1.5324388441002323,1.0910439266579475,2.3422828398582416,48.448272455365114,93.26074442616653,19.27927223511031,904.9734529076795,8,HIGH
97.1037709212731,66.14868487782024,11.851970605891625,2.8688528272330736,63.23759176198357,42.40653384406474,27.020165630808712,2790.4985460230278,3,CRITICAL
127.63093158492504,41.978851012914575,3.266712026513528,0.7546215254014981,76.06576315207971,77.75604873036087,33.25905948877612,2226.970714439037,7,CRITICAL
152.2831136053365,62.019524146795945,10.155567223230154,0.5734113549910473,56.34526163630003,67.13241000285709,32.38890148885328,868.1294912445851,3,CRITICAL
72.72291972452408,18.754048000921173,12.048181848661399,2.3862031032794513,83.25855771159777,35.823557379605504,25.620796636575065,1149.067076817827,2,HIGH
34.45104742176106,27.606699641058697,8.428154343622698,0.7076212825452144,74.9940021384965,49.9684563359073,23.57339494441542,614.2979977457911,1,MODERATE
183.1860127324898,2.408309776905515,11.113248100829782,1.2080726891826048,65.35660060166596,66.42605515086775,20.912623804890348,2913.800514832149,7,CRITICAL
86.58916597207673,76.91938596592897,9.927904683225083,-0.07623334160502226,23.571353424911635,89.66450816786838,39.476397932175175,1561.543557752418,7,CRITICAL
174.37146642678368,53.42943253606507,5.3329469572801145,1.9740101431163009,85.23541998204115,79.52769427302715,18.2340721949058,2690.2489287439944,2,CRITICAL
46.308814582260695,74.6564070207445,12.13287808550348,1.1279532730831274,94.23150267878344,73.53182130184531,15.374632846699793,1052.5693176302061,0,HIGH
144.34203055644525,21.239712594325788,4.420520548282919,2.2361382009613666,22.326861142836535,64.72230229589903,34.73261974621085,2585.3079772304777,5,HIGH
159.77682976547575,48.91708889805287,8.568193766272758,2.122930920114679,53.94170164900875,50.9078788669894,19.390538467869057,180.5828083129486,4,CRITICAL
15.547061046728071,54.27999746341102,11.180966087123092,-0.13998092691988573,33.2999867773454,38.347143792348284,38.87994399029074,2946.629146222378,7,MODERATE
100.98128345817618,25.403976020607075,5.684338647187614,1.8625422022310496,77.90709766830082,58.63532241962669,18.11554874548579,2737.862413759242,5,MODERATE
40.324403081692274,67.8487388012504,4.541514114261376,2.2002176318054856,74.946667240423,31.99629457379048,33.077792982983524,1102.3447754344318,3,MODERATE
19.012491141830324,75.77291703201982,6.890190152592341,0.3844289631295803,22.679660851335882,44.773912248679544,6.804360251413444,2328.6720526374406,9,MODERATE
296.98806971698355,70.78840941568035,12.269452415237303,-0.30956354839090183,88.93245441354735,60.273836311086185,20.4225152044128,2261.728620892002,9,CRITICAL
96.70615349241689,59.125358075149805,13.948826447184972,-0.9894713776816473,26.287575758020203,59.30236299703405,18.72920699870206,2705.7392953667363,1,HIGH
242.96233375639045,22.197174377996323,8.176251192898352,0.8036146123725927,81.75331230832967,33.10068016978947,37.66714957103694,935.6198437638571,7,CRITICAL
76.39219642912916,22.52928336845054,9.921993079854778,0.4097309261553663,51.128232366520436,71.23421074677039,43.6822161291324,1407.2496158361655,4,HIGH
204.45081666717877,77.06882563568303,13.549104333583713,1.2196393353016357,39.54450642023361,68.47789790972654,23.435251067718458,2597.698845566038,7,CRITICAL
228.06835796690598,0.8227596748553623,1.478202771194136,-0.24783562964485695,24.241533640679215,35.4673012814639,37.99345108615032,2340.1667733229438,4,HIGH
178.69162218235329,57.28399785937156,3.4811786679924754,2.4386621906659007,25.085283053196648,96.02141367223075,32.9877880382946,1192.5308218460318,5,CRITICAL
141.47285656504752,56.499693004420976,10.633500093773737,0.03102086251243863,69.57014992308103,36.95679452656021,43.69543950654773,2540.261194078124,9,CRITICAL
123.55227424418057,49.81516327598379,12.356166928684495,-0.0942815796494001,59.538734915240845,89.83839058661353,37.44434057371299,159.92303691255643,4,CRITICAL
104.66047996289859,79.20870768694927,12.855435424958669,0.9228562259374238,20.987687948610944,30.021681234050416,8.099122638549222,2350.4979828297105,2,CRITICAL
278.8587432743478,24.95035486109802,6.226607652823989,0.995404094977097,20.142807439449268,91.75967665317683,33.53126889528944,636.1622611124278,9,CRITICAL
249.18582233631875,27.197749103459856,1.3400985343780025,-0.13965908485962863,16.50795172955123,31.38038125430188,26.419988616894944,872.6403053148858,7,CRITICAL
289.5080731999538,6.315152235724444,6.566722159494299,0.08744290690366308,76.93906126361897,83.04684223244811,5.6574423172930866,1489.780233914869,2,CRITICAL
37.28916704566342,35.423850923498996,3.4610188531058066,-0.32117904337902026,74.06938767063603,55.318356791017706,15.052518349017747,1360.2088131885223,3,LOW
219.26024256109326,20.883882098787847,4.367946824949362,1.873840713292667,15.258789176911764,81.67517600954238,41.87020980107572,1571.298918472245,5,CRITICAL
281.50213704631136,27.470936174211538,11.584013352562588,2.0803561250163276,60.42430680372757,58.1221643797485,42.04245491147012,1643.431275102631,1,CRITICAL
54.36991984969804,66.76574322045022,1.132906290388303,0.8493139898371305,17.62085397184209,34.963554563228925,36.95401840802538,1007.9525192738608,6,MODERATE
19.94888021003325,74.83876108219965,12.413718262210532,1.8563480907400698,91.33711935480476,83.72546867767548,44.271184131119576,542.1779887907494,4,CRITICAL
222.33619478701772,14.85864576041485,6.415036287362536,1.943741567749782,91.64056772621193,34.98768797249555,37.2618089849682,2310.0740632761717,9,CRITICAL
172.34193395397358,29.800714524277268,8.940958966508926,-0.4468978892887656,72.8409690831817,94.54843051728525,5.408167491409808,1211.9289242796833,4,CRITICAL
252.54863302748163,74.29044496923153,1.344783468535185,2.864712099338147,93.3570029295505,33.568182505416296,16.51337361206047,1527.4057701279958,4,CRITICAL
41.93171298788685,4.944676855137811,5.060386175359194,2.284127788385724,83.03077273723216,63.55276944400608,6.224967289510515,1941.1962206863318,1,MODERATE
238.58019355796705,7.388842248910281,1.3455137852226868,-0.182066155216706,84.56847183343444,80.6124101595557,8.764318749502378,2730.721008473835,9,CRITICAL
60.48819601432336,13.02327913649835,14.423155843216643,-0.25533985701571904,61.27370655129399,57.52725253544264,13.753632678031043,2128.5074367978555,8,HIGH
49.096782859711354,47.61702673014998,12.108924739893757,-0.497355417681669,37.54532783945583,45.206343221470426,25.1423418530209,155.46849225934585,2,MODERATE
49.27973937929788,12.037781680479798,6.894491315346904,-0.4464857498323265,29.60192036047794,83.1363672977219,38.90128013848071,2518.9098829260925,6,MODERATE
244.37241606941464,77.44611051605868,3.3540382248550666,1.9926471961147847,39.44800198350363,84.90062933521085,39.478670246284324,2968.277945080007,4,CRITICAL
199.55916620886003,35.73716218068163,14.001826578747783,0.8786170278064942,66.56458870801558,94.5886488768057,29.64807434229186,1428.0053756067189,9,CRITICAL
156.9196274307358,40.12143682801331,5.168948935904576,2.131736690959469,25.539088224915904,56.33155773017544,42.1270375626494,2909.37920263471,9,CRITICAL
107.64914523705075,19.73268926443252,2.4147664753106213,1.9850195774008217,33.27762129735895,65.43762141481288,25.002493063608323,1651.0396521825853,4,HIGH
263.16016224393246,37.67682019477868,8.447465826809323,1.4184508540208864,52.1254776515918,55.418990999225045,40.56144176532806,1389.6556676984103,3,CRITICAL
117.73353222679062,52.95309061096092,14.156611805172242,1.7454664263147182,30.9745088672154,47.99572752959577,23.162610253280484,1007.5861988878161,9,CRITICAL
244.97983184147313,60.094170956323424,0.05745435750483863,-0.9265771024834328,62.97793027444555,82.5723073076326,16.08900029687529,1979.5135299833496,5,CRITICAL
131.74047257106554,60.30944661679304,3.5718726488099812,0.24711058722008783,93.08584256106968,53.77562915118688,41.65651672401711,704.8648531646329,6,HIGH
113.08332882747227,46.23128901552707,14.076714606156115,1.5512887170376408,77.32804291328138,59.970460939464644,20.51740302715477,332.70397117292487,6,CRITICAL
138.80393570088194,72.34878199950857,2.5662895028574306,-0.9626201860550232,69.97839527340217,58.25715603368195,25.136164353778465,101.16656570095796,7,CRITICAL
90.41336224924262,65.39262778448875,1.6986517745972978,-0.8680922252696264,62.44493283854009,79.88628579527222,18.15442530122709,891.292735891486,4,MODERATE
224.28281405287532,60.563849175890034,8.552808236997066,2.407551929881533,53.91531183313584,94.24569382774759,31.51350401162919,1199.3970798577739,6,CRITICAL
150.81611702774376,4.44844173443685,12.927657349422448,1.736099446768287,26.790747367119373,76.67292429151641,44.80124900024142,1665.1885549181184,3,CRITICAL
69.6638085440452,0.5502369775719451,7.156647265408892,0.061478932481375814,90.5239409884179,63.01078172659628,6.020541954590786,892.3944790572791,8,HIGH
269.87237198237057,16.995782175637835,14.918463850267871,1.751851360474836,32.36824018115527,84.54435803172184,40.993920240284055,2952.4975257085252,4,CRITICAL
115.16736641196343,53.08188751307618,10.187575493069893,2.169826676557053,18.217798982034466,74.86799268854963,5.157042279570616,889.4006013586794,2,CRITICAL
163.06585833419658,32.89579911060366,1.1111236081567162,0.22717713244040505,77.50136613058257,34.24272499824694,19.569115245848444,1334.106657570298,4,HIGH
271.94163328936406,32.19250074394494,14.89248197522963,-0.8558504900032502,25.805398089804974,36.69645104931892,11.744272251580572,327.76297328506297,8,CRITICAL
187.27139877419762,70.7669510583691,6.118413551702856,2.731116498750938,43.470639958705846,32.654186085154336,35.29367122690205,796.6670097444854,7,CRITICAL
35.06941221250922,71.6450278505471,4.311038007682238,0.3807193531825219,12.545643546188176,61.97714283444239,7.024433630286939,164.02977657119345,0,MODERATE
281.94963708404254,72.73402112428685,8.368187753668284,-0.5740729468611745,22.336114828640326,87.80974040372755,27.139398143373118,1687.3357276432375,4,CRITICAL
188.31241592142536,25.110246121202184,4.564613877312965,0.9674274855725895,25.588326768392086,51.91582185459464,16.797045353812507,2258.172755734646,5,CRITICAL
100.47168439712584,55.28446501914094,1.2968626068022848,2.0738711826565353,14.896911497516015,56.89121281647372,10.346809954588085,603.2152467214825,9,CRITICAL
41.78162179901618,21.730654501949573,0.02142514618765079,-0.11341074152976338,69.09912609605607,93.66339758575234,35.872728484105636,1116.374594691891,1,LOW
238.20755678108878,15.248786645955983,6.743750293803934,0.07796020053345343,85.33070162228056,88.58324117216584,13.696673370210268,69.51635564693848,5,CRITICAL
186.02182677855404,14.770596587789537,12.552951333398884,-0.029140052805667338,43.598386572934686,76.5533678667792,13.947008482197557,2521.775726052192,8,CRITICAL
160.03832759289645,27.368609669087522,8.584727784451148,2.9666922113267127,88.71188290463806,48.67626474645759,16.00307140551692,2344.291304296375,3,CRITICAL
268.1677749152873,34.396609582385736,14.988109484151613,-0.21038506507782984,29.201191710411386,38.192903788191046,28.470670553121096,208.4970120053913,2,CRITICAL
236.57916336735923,66.47593368440548,4.302699684707999,1.302080867864496,39.285138120511554,31.12411758760796,31.38663726762993,1107.3054757748257,8,CRITICAL
45.50246391982535,9.591287477816968,4.20682597140083,2.7010585666278573,23.566329372805157,37.49074708230946,5.7041009480537985,2866.7541092714964,1,MODERATE
93.51662033866447,58.79406779159154,2.3962419035091633,-0.412413724488883,65.85032758770987,50.48175105367599,14.674785444551613,1188.2406271153516,8,HIGH
74.54674194433973,42.516393135144426,2.4609538239800277,2.883416791470801,47.78826317832762,68.6253044505647,22.238833700211313,1588.1018566375678,9,HIGH
223.1838877718031,23.0356274140794,4.277798940150717,2.7899089375824984,65.19550121577089,34.480005792667086,18.279078086449324,1078.6237258108583,1,CRITICAL
10.059730420733814,39.42556676262597,11.892600679102907,2.5382879482330503,78.55074148547652,39.53594448229143,40.366826340435445,1796.4715366222204,9,CRITICAL
170.96690546139496,23.99536558216181,13.586351859546719,-0.141773914679991,59.11327144296536,42.675649161555874,36.50834923545675,2934.90748939773,2,CRITICAL
228.73760572220715,47.68655641906448,14.62630754561522,1.5362202240439333,66.48673194116091,74.23874650883144,30.035608621553102,2992.5574603739674,6,CRITICAL
263.02969102852484,34.707513828419536,3.4843448114467894,2.0435658918449606,94.17252829548997,73.10528592860871,18.52169663988159,2328.65063447335,1,CRITICAL
102.62452461477224,13.152442326310299,13.219463184211374,2.944111712785719,36.91578786479588,68.5536008460507,33.02689379384639,1224.8470721009091,0,CRITICAL
246.37719140160385,9.326645964455738,4.923826339160056,-0.2783047116745183,42.324754477055784,47.53509972871577,38.74552051383178,1493.4079584703852,8,HIGH
33.189521086562166,43.73565456577041,1.6926081677532663,2.064103598077186,74.59330255384032,55.978378385311245,28.793215094359468,1083.0593577746702,5,MODERATE
253.93568752035546,72.19304266288827,13.050373882802484,0.3552046797084518,65.0174965349848,36.768280143642016,36.37845867573517,2957.0123971149515,8,CRITICAL
38.24659869959473,27.516614924614842,9.541584519654279,-0.2974941377279907,26.067961408574334,45.85224226306384,34.964198455989916,2129.125711359703,2,MODERATE
119.18618716811018,58.64000857780986,2.470963441215926,0.6855077648554198,43.853257900944115,92.83936585308064,27.869492446412888,1357.8157073918635,2,HIGH
239.1886097338661,52.692908395181355,6.447468862695038,2.1753436485944655,52.105421181224344,98.578422250508,17.48732867286044,56.10350492661497,9,CRITICAL
44.97522820463213,74.52439314475848,4.308865423156015,0.8593992148162086,47.74508541715504,75.33617099482063,34.83128632005087,1571.040574883834,2,MODERATE
68.77541856979245,65.67848138393127,11.051918530652955,1.150092400812194,26.04473274898367,94.17763044163941,13.271854654304258,2952.1060410708214,1,HIGH
216.6757705179199,45.32842071243704,6.801243459364021,2.980637640800485,93.1987082605836,74.99193302809977,36.17953385886135,1578.7215087396946,5,CRITICAL
216.0109609638223,52.56243985872858,14.839199176595773,0.5964371982297041,78.60868855245782,32.32375402738289,37.18186768570132,563.6315227575587,2,CRITICAL
192.3442898655892,71.87091732672279,0.8211747338939268,1.4616030188369593,53.322024889706704,99.77338094904863,37.885795182814924,85.83936637222907,4,CRITICAL
208.18453334013,31.961502766954784,5.3252289920437,0.4609768064614874,71.2054925476153,36.926661118057446,23.916638839138304,1077.017199210143,4,CRITICAL
162.81733300427885,26.14357646862219,7.2285025066496615,0.5711425853148198,90.75544049219697,77.78492610115424,12.699230710816867,2756.319605975889,9,CRITICAL
75.53971767208583,0.8648866908157071,7.547003321224796,1.7825630137816324,22.25567281254141,47.6985342152353,8.98894400264275,2989.731242364125,2,MODERATE
103.70879805117583,66.12408593531714,4.739037335784552,2.751547904379534,32.533574563627994,57.43867790348721,34.73445001951697,2837.196564939768,2,CRITICAL
54.4793150404277,64.07845603226919,10.93860373646352,1.1694358019692856,58.843112253098056,75.21539293606568,40.450455381192526,2193.671579897685,0,HIGH
272.5351684000885,8.35636144801211,13.121206102334622,2.0735997157951194,81.91093342171227,60.55411445153949,31.033534353476266,1683.2653307531527,5,CRITICAL
175.01753842983615,46.148590490616016,14.080789529667946,-0.6431737647321447,13.262940589737465,47.53822412517898,10.766402415534785,1780.244716219111,2,CRITICAL
120.25542502909197,37.11853585335099,12.076400651992893,-0.15536785027229216,98.56163351767245,53.411233081482735,42.39585794070296,1626.1961870940434,0,HIGH
138.6017410932398,9.496727640728917,12.758702959598992,1.0085265636781298,50.941594259415744,53.90836818462235,44.56408058157278,2127.006928670505,9,CRITICAL
284.1850018835446,78.44545816485788,8.258179509299932,-0.9199531054849008,42.33080265595507,97.15267331557496,22.335144397396878,1268.2422155521501,8,CRITICAL
46.00542093482406,17.175670997068437,12.38832339640222,0.011419915050235208,36.345199405579464,85.90291111464157,28.79301157095085,2014.227934768181,0,MODERATE
175.86894960503918,5.378734407244892,4.552558637219283,1.0696051592998645,25.69210368857845,62.098414003558005,36.08914080006631,382.40410257245907,4,HIGH
151.7666036653398,47.587790360152766,5.977181431638216,-0.9401552069747972,81.24165180370251,43.98746442389549,34.45559160200179,811.7720135532217,4,HIGH
183.43627063039435,59.10933417064261,4.753695207278165,0.05818514490416682,95.98727482714868,86.77112771838591,43.71148767733797,2511.289055649716,1,CRITICAL
5.433055146252153,2.595475683774957,7.010810031718881,1.056123277903478,47.22802793608584,41.00277301258615,9.595323643151556,2713.1718136153054,0,LOW
261.63717268324547,52.69741109816177,4.2836942435795455,1.2925969919249827,95.71786252781106,44.73235519994024,28.228994645712227,1626.244547929693,5,CRITICAL
279.6354847450837,42.58335007611635,14.424171633816702,2.703006772221222,84.14178538915307,55.62093742881058,32.677256786923685,114.27413929453854,6,CRITICAL
169.53995507676268,8.261200710003873,4.692669420085022,1.5813824930024314,53.29460147286865,91.62437370963931,40.603936967506804,2782.381240959469,8,HIGH
208.9952471630677,13.801910155708965,1.4706680716640974,0.658943210119975,70.66235612135195,39.22506680438772,39.96438510872603,2112.1514889213136,7,HIGH
276.7498143531887,45.43794378528644,7.902257490756201,2.7214047085322712,49.14857612534166,38.55639349981683,44.119991742451596,1253.803212790975,9,CRITICAL
212.17159029401958,23.70860908106307,0.8564861766776455,2.139531933551177,60.285106739129716,64.57824918136862,25.483138157507163,1803.1692507344992,2,CRITICAL
45.7617128742784,75.06525829210528,1.6581474946287078,-0.19996431554900962,15.224170331665343,49.34873787655722,38.230434672529064,1300.729006635271,8,MODERATE
172.88650805004394,65.49921835872406,3.290840837943694,-0.4766305546047209,72.66371277704798,69.81095591537118,22.091268325093107,1406.7108956615118,0,HIGH
182.01451391485676,78.68537652109305,6.965253748232126,1.7032465429709318,14.754218003572303,61.61456792782565,21.89255511424129,2662.693399665017,5,CRITICAL
127.2392013907158,20.773667116033117,6.498763984635419,1.2395326623079352,83.53764522276846,60.44713744458518,15.13393457891436,500.0310558129924,9,HIGH
220.93327068741684,77.57789062383816,11.995377930041867,2.1586944551710228,84.24522365145017,37.83810793408953,37.72949148076919,328.93402373706556,1,CRITICAL
280.3101044307044,34.498709583324626,11.092119808261701,1.9552202003147459,31.336955880059314,39.87347831748881,44.432604232540626,28.131658648786924,9,CRITICAL
277.6705538720329,27.80150362510037,6.39477440986052,1.5008461354300602,39.12965029322203,87.4755004212795,15.253669133890316,955.7211193241375,8,CRITICAL
135.25181142123964,4.027962157548259,5.005563113634449,2.9455286865155688,53.317934070246395,92.01179163002212,7.245263520842893,459.2930241235936,8,CRITICAL
33.971413752226574,4.22122062876821,4.747031760922479,1.1343589204416347,63.69966162392333,46.42784730196752,37.62169749676029,675.5567755115712,7,MODERATE
295.45235968870037,55.36090047573238,11.609926309410135,-0.5475769739931207,35.8618295567797,37.94223510673383,29.809202101390248,53.49216834282325,6,CRITICAL
251.66942593378025,36.63431955472223,0.7810860933190461,2.3130942592639534,63.32377641687325,33.73916703541574,43.387952022040174,697.0423357693555,5,CRITICAL
37.39880436098005,18.121730082888455,0.1923247426590874,0.007413449382835946,36.8008365906369,72.58083296193277,15.08956876307809,1011.4805141584743,1,LOW
276.2525647852117,49.117624506018615,11.933165878899722,2.109208592575673,14.99416489639546,80.0747248750144,7.841106320051243,114.07113930144635,3,CRITICAL
260.96890861863847,20.228649460008896,7.15719563983574,2.8284283840002056,10.227479484871806,56.09669924422438,24.69769043466006,1831.5542904055,9,CRITICAL
155.65141713782162,46.21054034755381,1.9632170783036396,1.787182055857365,19.103595212658576,77.57731072434477,8.418640918605899,1715.0250396735987,6,HIGH
177.38263072347877,28.736699758615227,3.533489018917519,1.3841206437992044,81.30256301476165,79.90711708916683,15.471600044108298,309.1666199595767,5,CRITICAL
119.70081116103908,65.88417812894552,13.987559296460738,0.8415447027001624,96.52881811450034,95.47395969778337,10.03911443276673,1793.129137004835,8,CRITICAL
16.4284916466094,65.65569286134235,12.89254463437347,0.45763946398161304,48.42695793530973,34.54115464845751,13.965287186403149,2995.9886774544552,4,MODERATE
100.55917249377028,38.188031849792104,10.646775753359588,0.412019003887345,56.14155581049485,43.46042062617558,9.245786112855674,2834.5174793783913,5,CRITICAL
240.85603457940343,28.06552874680125,7.233378455059898,1.5454908228383624,23.21633521660835,34.79681913178917,43.15623997709142,27.95956023563663,9,CRITICAL
1.3896069013808576,29.004783724727563,7.804854392870785,2.0050924677509836,59.59282174121413,90.75957533352774,16.14250853798942,2390.2273677644716,5,MODERATE
100.04975150734326,64.45716205345744,14.628668029259378,1.7140682779376575,23.018941180627916,85.4811012023498,22.755903439702617,1073.7437231847282,7,CRITICAL
119.450608077283,26.25435862380896,14.486556658264307,-0.2063595952257491,65.0092898078947,70.22494494352873,40.94447230536889,209.6810835971897,7,CRITICAL
161.21868088137686,16.72474989654768,3.229035686787514,0.9759487205739648,93.99328008227684,35.856438703582825,32.09286351845897,902.0299768743,5,HIGH
275.95668492382816,6.775067350024546,12.166568494579773,2.166560288732252,27.612868537273563,49.13186510576037,29.721499222470975,978.7748186126277,7,CRITICAL
103.90379830978837,37.33544967075267,2.958639992505252,0.902816312756225,78.81073462513918,50.84038936409618,33.22252761443349,1579.2678331409893,6,HIGH
104.0859605688683,38.570567913587354,3.2030621682592706,1.1464931189419754,12.115218053649164,69.2520237210792,38.152890284215275,1990.0296264611868,0,MODERATE
221.2503744329245,67.27269683223257,10.141395512468652,2.0845441926832886,43.79475171894589,48.063072582570086,40.106770714070436,2252.185724381056,4,CRITICAL
135.66538226694215,17.699095715685118,6.075016478813226,1.645061225060366,19.967365704745816,35.10719047390684,30.70558682660106,752.7910668385347,9,CRITICAL
67.38144688199459,30.47930189347199,13.973166106597803,0.6373796835295704,41.72278974361295,81.15336112973095,40.60029098776231,978.876299340521,9,CRITICAL
135.73185483980802,64.67245911149527,1.3351460234401324,2.581650844776876,25.618322767499514,50.93561481587879,26.415901097019074,938.9774864420109,9,CRITICAL
42.257106113939955,65.88988885991787,7.672884612142395,-0.34973172534608565,43.597449111059866,61.66619239163104,16.091634250736938,1100.9558670002118,4,HIGH
52.91609595186699,30.768886078301456,13.777822956646819,2.982065794361299,47.57705254967773,38.93666444876138,40.20306835535378,2998.975800689889,9,CRITICAL
149.51033182184392,36.729921862934475,13.561704907192578,-0.5245896860950512,37.05320105028265,86.17838123762057,26.658913096523484,2338.271042425729,8,CRITICAL
125.67763485136437,24.262871267942636,2.3479382012361185,-0.9402001155830444,69.09597545258163,69.58723138468403,41.245503502689374,2925.471586500717,6,MODERATE
274.45377032043,74.60439027354496,5.499565501446847,2.560075604595059,92.69668461330187,93.11099383469039,6.606712558023249,2085.4709574502303,6,CRITICAL
108.71816973498993,9.491501259326425,9.286821000700444,-0.02018596653617566,46.05358366947451,64.68300941457333,20.900630061649423,1230.6866909089072,9,HIGH
174.17650508341305,74.6999538401176,2.3909232715710327,1.9187985097868836,27.31088408275193,95.89979702725158,42.912200734498725,1181.4376672083854,1,CRITICAL
189.6792863758591,54.70931614682746,14.52033258068608,2.2440614997282773,34.365048237638504,92.43077430669283,14.98600371033211,1475.9718120256346,7,CRITICAL
3.928336976500091,42.5257722149385,13.721239930914905,2.4359455641284673,86.86007411467321,70.35218995214638,42.66144984153971,1262.2719544260233,2,HIGH
199.06121160501317,2.61272486275967,2.504252685517038,2.966376942656667,61.44757509431331,95.37254067049044,43.156098445169995,2488.4122133563824,8,CRITICAL
53.41079006092543,38.047695345760665,1.8173319189147814,0.17615884015999628,50.95099290762615,52.616212310618664,40.28569256903444,1405.7059988195447,5,MODERATE
288.32109524083654,32.61984840021859,1.2811272421239794,1.8409733677090365,23.467304935803405,55.59495138929479,27.54672180373195,900.930793428321,8,CRITICAL
44.598818325933884,12.897504958009804,13.641654960549467,-0.5384005668766871,50.475457749140375,33.18345659142258,30.87757796322554,2329.0836007160224,8,HIGH
124.38723711810712,52.512768280052555,2.904357146931912,0.6272371654273976,35.0642803021648,71.24406347346971,39.78467993799477,2566.172819956556,6,MODERATE
25.604900423593158,77.69207258946287,6.244273928165321,2.3918867732503615,94.88468150680143,80.53467789502534,36.03588329556737,1272.878289298545,9,CRITICAL
299.0622755537842,44.97510488516201,6.732770484780045,0.4706321842364334,89.56630984741581,84.14634331694722,30.20375397821646,2010.0695442784854,7,CRITICAL
150.65850309937278,57.18026211551567,8.985165663203514,1.3643815221424562,17.55122876453782,40.487140023227234,44.29037631482811,195.23751098714817,1,CRITICAL
178.61550519601315,5.476036205281343,1.0760301562113743,1.0150937748985362,56.49881403351186,61.09113506187502,32.427065453347765,1597.8052588749706,4,MODERATE
20.122943216528245,33.41335966535958,3.4013792610077394,1.5838061244481803,30.255251096320485,42.380424846574094,44.01927969791045,154.043790481614,2,MODERATE
224.98814111975335,9.30867881315967,13.972355803783891,2.8915775575507796,46.969938057186155,76.34891441979741,7.295538984283629,106.98870467351486,0,CRITICAL
62.97167792867573,49.02366684292083,13.626151609028543,-0.7770578939943915,88.91631984263108,41.056246069523766,10.558414829688498,1846.5160545577623,5,MODERATE
269.4162868322141,75.07857265713237,11.719359711085383,1.2958460700065189,57.47630678996903,93.29145787692525,23.058353840019624,923.9394395370617,8,CRITICAL
61.54189214460215,52.942218597731085,0.2910186842732315,2.452115117001139,40.079376403368386,46.14442519629893,20.395178435372607,2232.760744117287,1,MODERATE
57.20631619909997,6.144243865153722,4.9051015274415315,0.92553084699371,28.709951869449736,50.398158640177144,36.30939365428111,2690.326030685125,8,MODERATE
10.964900354428464,28.373296398806627,9.419381030143617,-0.6858912562337087,82.02923734658403,89.56344255056999,11.42456105876815,435.3856977164451,7,MODERATE
141.6200835329998,44.05307035526812,4.127853176602136,1.2421574096670835,66.20662138279124,62.092732710200664,44.043807164459544,2179.078058965193,8,CRITICAL
169.45233997878492,32.256620490660175,13.64380042580666,0.32829556329528176,52.12589143836081,31.67971620600511,17.60263501043656,1553.269594899263,4,CRITICAL
19.71259182850571,66.69152083801379,9.508341927486628,-0.3802328586482564,29.573591847668023,64.6210375841852,22.156948309606378,354.1153654848426,1,MODERATE
232.65828500850319,65.17368037679914,1.078600759746684,2.396138053133892,40.08217367414182,35.91803347660861,15.989801297600916,1961.7459673125595,9,CRITICAL
135.98665042440828,48.94648160825771,13.635083832535546,1.0863980519644865,96.38590840646667,98.97413030811174,28.17454469306189,1836.211073257289,9,CRITICAL
157.31708079827402,29.876635610616418,14.366499872643338,2.7331056495162667,56.80809438452509,71.16780993189217,7.345148016903358,1556.612764854332,5,CRITICAL
132.22882408146845,20.42690990105953,1.1656862758758824,2.2240660184122762,46.062935311892765,47.95728323276849,10.98710022281795,2780.884189587781,6,HIGH
120.2289182625978,8.469945457050345,7.985403522919723,1.7718871750946694,56.92798381134915,69.46023756833324,34.831908136748964,1572.8174943899692,2,HIGH
167.89209939246535,28.391814678924323,4.550464233212557,-0.9798979865387523,80.10896553096478,35.38069723672284,12.460023336192156,2971.7350440416335,5,CRITICAL
46.57207377921375,33.053801376617564,5.892586147221036,0.7112938265529998,40.60980428525819,85.9923912988172,14.420578062266515,1537.501865267371,5,MODERATE
54.57843914858134,54.065834008325886,2.6947682693301283,-0.2100548733918708,26.083550883934798,94.77296377049146,36.719289428993505,365.2390741380754,7,MODERATE
258.53568630405516,52.65278594380588,8.671081530186187,2.643191644195471,62.6442506505143,91.21110717443116,8.732047134290145,1422.0043282035906,0,CRITICAL
283.8346386400898,5.608651171300556,14.369690298733358,-0.3016640612945589,69.86836931329604,53.923032160899396,22.498952910833637,563.3397124141123,3,CRITICAL
111.99279488392588,31.620745234492624,7.546089004074136,0.144240206637142,74.14462026626947,52.803768375035794,5.9225354798890795,1799.4577859479332,0,HIGH
81.22340194306614,14.542309377388953,1.2437187209172174,1.0673470709379966,89.37888316895167,32.456132785141,18.872295972716152,2085.5338820769316,7,MODERATE
193.19986297170473,12.545016425344455,9.300020002161126,0.05345447599231701,43.40567086202017,75.59802510906417,32.95925610443018,1415.937130547139,1,CRITICAL
122.62025132942892,66.18417197897968,5.103344916768855,-0.16054129088351532,16.781940660600263,67.44333489328565,8.604131188689133,311.1548436957817,7,HIGH
7.615906698103458,3.3532173373006025,12.838877843869467,1.3963973004110097,96.2513725267848,62.15424599291389,40.533385071150406,1416.5513677789877,2,MODERATE
46.845779209857106,33.534630072169705,6.5201722247470535,-0.6442819089799046,49.15107346937277,93.53416673342949,41.37996171762864,262.7335599085132,7,MODERATE
214.79166865421925,13.456292461321455,2.892594134133684,-0.7673289651163011,66.09317587058182,41.75152307579924,9.199615005005404,2052.7353474094716,5,CRITICAL
197.6771825730454,70.34641725427792,2.866584340367174,0.48898118074428565,69.9674790815463,30.676638668312762,44.629297455031065,2375.2973100979607,0,HIGH
8.128797751045047,44.56324106200281,11.531462710817406,1.8826578180314493,59.18623378310832,35.13215164845358,16.901182135819557,2887.893375136576,6,CRITICAL
66.59164857988483,18.510450910147842,3.983813974610398,1.219227033095792,28.47317767626431,45.63600064791582,8.364066845264242,463.43027924280017,6,MODERATE
69.32243897642142,40.19418297331011,11.508500912388344,0.6915058738671154,77.96287451045274,32.32998844844199,5.202684579890491,1606.6125998892464,5,CRITICAL
201.56782307961853,58.51890877624926,3.088309661498991,1.2630062568983296,82.33767768736735,65.19905974501948,21.340915830554504,1711.2613552555474,0,CRITICAL
5.913161326309247,76.6494407135547,4.825295530519641,0.4618059386130944,59.76780274156958,51.98633186635046,30.192399428244705,2768.9800706673195,4,LOW
31.232574595372153,17.635680339633517,6.9823045865954905,2.7445853417284516,53.97050445263574,42.633810564769284,18.28716999613253,1889.2843889776125,0,MODERATE
239.97482561195682,70.89454177034762,14.14793774540176,-0.7803804363569027,20.254436481518677,82.50588524640635,38.46869461898491,453.6187440230569,0,CRITICAL
53.563398616300084,74.74432913339922,13.97597137130737,1.6935659161193408,17.555649534980546,44.3115928362771,33.664251022602,1320.3269454103038,5,HIGH
195.82383235556242,73.3136435625653,3.1030781313343168,2.565130659311002,40.56083610071759,78.13235706956553,19.006461278721307,1971.1923349486265,7,CRITICAL
71.45483431401796,50.833148548952785,5.373285618646092,2.2155388349410137,37.976153996565394,54.448543409334725,34.372386664344184,2106.847607566506,0,HIGH
29.832417827803546,50.38565235477662,2.240990826806585,-0.26383586071421306,95.82908058669442,65.82794324637882,42.61950947876999,2591.960515799909,1,MODERATE
72.95165729983623,32.25685065470582,7.6497761897024565,0.18370539592115342,80.52604681990869,95.37069278959238,8.723839941720684,557.9112171363035,4,HIGH
216.68007955669773,60.191830584303034,6.908738260419999,1.8681917548284188,69.3931865733154,32.614614437106894,17.244158406304674,2855.5955973313853,7,CRITICAL
256.7089404318857,42.50352146807455,13.511402436760987,-0.6629177632769379,56.58832801158446,65.01851552342234,23.53303756466773,196.23544780646492,3,CRITICAL
249.0659593700975,54.195045698263556,13.95008066686609,2.247446799330336,25.06307776539862,89.80960722293327,24.919605110190744,2951.611161015328,4,CRITICAL
119.15505888553645,34.27663230790364,5.753510865109382,1.8756277784191613,98.06110049658555,71.1581973859244,26.687825795442947,2576.1459367418975,9,CRITICAL
200.42554097119384,58.51971712345112,7.376069145284841,1.9184265969413703,43.753662841618905,49.38093618756096,17.02507626154594,1987.6128926312704,4,CRITICAL
61.495288624746294,65.95772140836392,13.443543737191996,-0.5990345189296344,19.62330422025203,57.8376794601524,31.690385839293963,2210.2865907879764,2,MODERATE
87.94431907830398,11.71490052822529,12.100617116175922,1.8710421792649234,54.44190061441715,77.61859401100023,30.803380141193188,236.62217763801337,5,CRITICAL
268.90074555633595,66.63437724593824,0.05484467016973915,1.71927250087988,88.6598210451775,92.3568326019662,28.112860250864557,143.60999142546808,4,CRITICAL
3.9005770532208106,43.22372254322458,4.800893462753738,2.323689963287402,89.85619015995965,32.87464616226281,9.550468868435065,323.26207372306925,1,HIGH
25.652559256340425,67.57327272721794,6.326613629041889,-0.833616174974122,10.986932445080253,35.007717532326346,24.078715643837782,280.33224769913056,9,MODERATE
62.3658765438082,34.50413650728117,3.4457442552484756,-0.9075573261288312,89.76661702762597,52.753606652671124,19.249075499575024,1651.1960757389168,3,MODERATE
7.959661162145915,30.3232388306428,2.993574238439081,0.49202839951424293,34.43357957498726,46.29457791062353,24.641538793524905,662.0230815931317,3,MODERATE
54.4306305269392,73.2048586013778,0.566767598935195,-0.4048468646033885,13.507512757158077,48.545162035568424,41.87465742060104,2583.412798876045,6,MODERATE
174.91246829090764,20.093541403872102,9.650545876046408,1.2335379102808877,86.30112433265869,45.488899903811664,24.221253726336332,1348.330896742855,6,CRITICAL
126.42736517774938,67.53698602289145,3.9376543572474847,2.6693956060269954,87.74800803893875,43.70775341986104,5.559231673580474,2092.621219845659,8,CRITICAL
267.8015133230925,38.72164580075233,0.7852076764696964,0.5659189213360629,63.660797185811504,39.14367768085042,22.553469523365237,1965.5618170510763,9,CRITICAL
245.23306852153226,41.12763540410078,3.4646896579209545,2.3798015090904165,61.69903815667225,95.37678922566666,37.82592720197528,973.162056010536,1,CRITICAL
102.54520550936279,24.677462519158723,12.028709292541897,-0.9990365019285341,83.18082453592774,40.09326247343071,36.202436928726726,744.6393691066726,5,MODERATE
77.82703002938774,45.843376049521254,12.7723377246982,-0.32594142616326316,80.76785974392519,44.308264233587536,25.53560294112724,1040.519730183973,1,HIGH
113.90772245018007,26.016895702096903,7.2459936778995395,-0.8783058413836575,90.10949260984337,47.238600678655004,14.990760514372612,2394.0419540725156,8,MODERATE
177.0884827544423,3.141553139332185,6.2410600561302925,0.31258872206027455,59.747270283703315,95.31104111912944,23.603546516581805,1767.105008290463,1,HIGH
80.41909224686287,21.759888427548482,14.667805402526726,2.6327583827860113,97.08823834595279,82.89998935207593,27.548088776727667,775.5452143071425,5,CRITICAL
187.2446723547402,0.5103234725272543,3.0084698938210486,-0.612191505604049,99.65321478400045,85.27896012208603,44.994857530965355,2457.182400320082,7,HIGH
122.82349565737213,78.26838296454854,3.230389242819127,1.4256391069752015,20.489014899876935,37.333078167694865,30.767123606775094,183.18297060871404,5,HIGH
165.61415425559406,77.2597767855798,4.378007655545996,0.8059837564777768,86.45893835987098,88.541691251097,32.77059720250454,2103.5664574710804,2,CRITICAL
130.837958740595,31.612423797784402,2.5913597742163095,2.75387284946325,54.98400319737301,58.57351572721926,24.658165742722076,1328.5204011329465,4,CRITICAL
88.3397278625753,58.26966834717168,5.690483973062799,-0.5099234298516246,44.88097044698489,48.39761183486721,19.179582031301194,2199.245350476347,3,MODERATE
284.535992088647,27.664487872834,13.662513404846306,-0.15188859799108423,65.17650788944435,70.30250584642174,37.51811934588824,2783.834615125412,0,CRITICAL
229.08173824792826,53.687452566878086,9.230217609428614,-0.8818321255540269,15.036900153580632,87.55280340717138,24.797292973569448,2255.101611881774,4,CRITICAL
42.03395272993576,64.43440344367832,6.179198229183955,0.735740998525495,55.58150068903719,84.50565057524366,44.787605198581005,1337.0567588279196,9,HIGH
260.54039276937385,75.74049957537926,14.016161918568223,0.11133159825861716,88.38015130240001,92.29982378067925,23.284822970721763,469.90753091136463,4,CRITICAL
146.2293594748541,32.01698206797376,0.7269634871373348,2.4796237355612836,29.211536452507193,94.96925302108107,7.720011345903095,2422.925907900192,6,HIGH
268.3656680682274,62.66383863648382,3.1541426685279204,1.4197632527910202,48.37509052924826,46.66854499994247,32.30312548360331,1392.9024702256872,6,CRITICAL
239.95657678419457,21.274276050569505,8.488329076526385,1.4563629519028067,94.5532798943388,59.670052591849014,6.865658037032443,244.43072390224677,1,CRITICAL
127.56405134077004,79.22658430349186,9.233289347897687,1.1276427875252097,48.570745402512756,31.0239977443549,15.020063875388132,2162.7850853750606,3,CRITICAL
6.740792496035219,2.0615679011480914,0.5933625984391971,-0.632598651083196,42.25308690991585,91.55251614855419,19.149530111196135,889.7188584314373,0,LOW
80.60320781548383,48.282304520089674,6.045581368606983,0.780074734901421,49.64829833110404,40.820050603233724,34.57934342485311,165.686923925452,4,HIGH
162.49026439826008,52.76047853210617,9.73730947246309,2.998020758834066,56.75074898658007,90.3032368639886,24.76943705630451,2710.1980246227517,4,CRITICAL
190.04346594784417,55.04364456593031,10.471058196051024,2.3409171633840593,66.8792209718322,53.05711253906175,6.1458372524102645,1459.641254439852,3,CRITICAL
77.36630562996069,9.631006303127121,9.57209853774404,2.5738362166684636,82.0623520825058,55.76935129867967,29.673994051036885,857.2639384556043,9,CRITICAL
41.80682222184724,75.08238267785043,4.808448365413868,2.292905436985998,50.68919851878828,32.739257813870154,21.457449497066495,2154.8319424970364,6,HIGH
250.47907103978974,14.494662324006624,1.4028018539686427,-0.5878332262760693,83.57328415811263,52.88151528357237,41.87338039868428,2659.98908549404,5,HIGH
295.32065421106563,49.820272259187284,6.406686696290011,-0.0902069837408015,58.03485952168726,92.18545779608849,24.982492445609417,20.915083600591355,9,CRITICAL
157.70705469080576,17.814086329846795,1.9313165605208322,-0.9875133945743615,40.46324593311799,31.78831807851229,33.35900583757356,2069.799511425618,2,MODERATE
51.50378575449105,24.57731336170167,14.214354877810006,0.21404049951244586,69.21557453074728,58.44292311327077,13.754739693181875,2305.694848174896,1,HIGH
81.69219795581068,43.71668333824995,7.127562990339424,-0.5655703906140297,74.59500292691422,32.19797408689188,35.43894258126613,645.5837332928891,3,MODERATE
5.51720296424002,33.37547348516612,4.7588876153530135,0.891173381206332,60.22440780665388,55.964639757634544,33.838212419346895,1479.0790176023197,8,MODERATE
274.2896419681497,12.818048078120503,11.4945610667835,1.7085099542956077,15.095347582125108,42.084844854620385,41.163268341652326,286.0719787754487,9,CRITICAL
35.32532486704234,13.674912193667863,7.469228888733958,2.4980211801523082,25.28945876447424,47.65528752878605,6.3528656687679685,2245.314649895736,4,MODERATE
172.95494265427607,33.451583053023974,4.650510360186751,1.9968686603635928,35.67679488012054,91.43188612129933,22.900027904698046,2545.4189353187903,0,HIGH
82.2165662061618,60.58263826204006,12.179516135862025,2.754342383114021,35.43630453563438,60.52344544353237,32.16621610958521,342.39623882748856,2,CRITICAL
166.253400754738,71.83717174782308,13.00728226501683,-0.7844068384248448,70.60787202221834,49.165859398133854,8.806556003208602,2453.0515552298475,8,CRITICAL
195.42611650555926,6.730212980750627,10.095122494330155,-0.9512806583338342,11.651379550626933,71.25368645653835,21.424162685956496,2319.27910804391,6,HIGH
248.9225411121605,31.448312604752083,0.7044663361150094,1.6453524553448506,78.01135993445679,39.94748718828077,42.685864122647814,1053.8016947052738,2,CRITICAL
61.92638152818096,8.01964509783013,8.494843202497982,0.1574096408889849,33.88082273262398,48.15741251945991,22.43737963564513,2077.062799202078,0,MODERATE
3.2987485975441433,1.3273984506078307,11.449423679959224,0.014004064423092544,37.901966159449216,68.2373577322022,44.41619133922526,20.143409205049004,3,MODERATE
41.06568902064218,52.93749461151653,2.0475451812537324,0.3235483507751771,57.51188451495318,46.62661292936482,7.273562443192785,2796.757010308676,8,MODERATE
270.00559255443153,48.19595535732702,3.43006127076905,0.07918423156945664,29.433304084506176,77.53894161806113,33.713191045635654,1660.1420412189511,6,CRITICAL
262.1670232687546,13.041529105190897,13.237426576022047,1.045745625206349,89.60241822179748,64.40439115816658,28.24064944993078,1868.6098149047584,4,CRITICAL
179.2239306510925,18.70502664744513,0.30182582779611056,0.76059378889653,17.683190139390874,84.03923491782837,25.021587085285017,2000.6850523465139,5,HIGH
180.15505813009602,1.8966202915614705,11.29090706738964,1.0497142055066253,49.99441260709584,96.3771175005728,43.833896059400374,1692.8796713107329,0,CRITICAL
199.51100236387666,66.7957764555523,7.106599387716344,1.6908544460017447,86.4480042509401,38.10634225431854,10.186016019645145,2573.1563848676,6,CRITICAL
52.61138358703488,77.97524768388412,6.701582382594103,0.5485220358845933,65.42595049791122,53.426550698918135,40.83995806723654,1836.911459811601,4,MODERATE
274.32358377748795,10.836762943575264,0.10644798742330763,0.005230748568627153,36.309656425837005,52.36843440148846,32.64961644546441,2725.124773896608,6,CRITICAL
125.63115746762193,18.518017101223847,12.290973464497391,-0.3351978527650181,47.86841869988147,40.5828043536078,15.359842931985309,1755.3482342573466,4,HIGH
114.94155847484923,69.47276191575472,5.397373509548497,0.3978964781305021,73.60249423082632,86.72121961334295,41.06676582529174,529.9448175020884,4,CRITICAL
155.67531158485127,74.11710383649479,8.111484469508143,1.9672259009846882,97.59346690275095,83.1915092827153,22.171796714440532,2742.4164164011227,2,CRITICAL
14.089790032516515,33.57019062454483,10.159510295034892,2.0268196404458783,90.38248465414901,63.90978295840793,37.56909312292284,2051.249945112135,4,MODERATE
49.88501062682382,4.04979778152593,10.539443646568737,1.6676215467368412,40.818952754413914,67.64395444562267,20.553460681896,2103.7322034179574,7,HIGH
221.41008492791113,3.151346695425552,14.339700882391085,-0.06388729877250166,99.83780913590718,34.168089660174736,39.03723309732964,2956.735616703373,7,CRITICAL
24.83960037753794,45.91598928552084,7.970099298549137,1.3523449834187908,10.315419717795244,68.8855146628932,30.465164737801945,244.0857315445459,1,MODERATE
180.94563283991647,31.431608711454324,5.995793264616413,1.282758646307392,12.486678022757358,85.39390668137455,10.641865343349085,1297.2059691436107,0,HIGH
73.60473290439629,2.2921942062123613,14.30555439737562,0.937064792438902,84.14564636540744,70.16793015087,30.986526538781103,732.5042711001133,1,CRITICAL
116.78868421259297,46.66019138500454,9.631653525382816,1.1999159455354569,27.951641814974682,48.571445908429325,12.653790508074906,1898.6708648466984,6,CRITICAL
86.60812103120996,0.9042029271217977,4.472255344148334,0.9671625304946723,15.469234155661677,76.72837906340361,21.476905115766506,2424.2988175692544,2,MODERATE
106.70181493948473,62.98975665194184,1.8969636810535673,1.2618254642964328,31.3433265912852,55.304190097567336,11.811823370081349,2899.60591249939,7,MODERATE
215.71377155527364,24.514625816269728,12.638317521977719,1.862023818484515,48.34901385827742,68.14112990000146,5.880644626684743,1374.6963987250658,3,CRITICAL
89.13651468695251,3.220640240738568,5.432724041912273,-0.561487222386241,75.75096433900643,64.12957542952473,13.4754615779983,2362.9303273149603,9,MODERATE
169.92139208906914,47.06817767865226,9.907045820466468,1.9985030085960949,66.1901973896085,56.682250067562606,26.45488094896503,2752.813744280331,9,CRITICAL
142.8151206597299,31.814753154644375,7.062246290488472,-0.4564553994896232,31.38590958043784,80.32145862758946,24.262438711093843,2056.3097889569362,7,HIGH
199.10134960879444,77.90403306857196,2.983946696925575,-0.7334880063585012,55.294340329052595,91.87132783901173,25.059883821442547,743.3430063003182,1,HIGH
281.0489217974274,43.53589300029618,9.025299129306976,2.9043187448858703,93.35926948587118,30.364876293384746,14.907475137864052,1831.4053703012185,4,CRITICAL
219.7716291630751,22.019134482960663,0.9102460342602348,2.827967075481766,83.35069992853819,95.35315634612572,32.406448024567446,2910.457102495216,5,CRITICAL
64.48211357722703,56.75510917071798,6.200136898067884,-0.7582538202377438,39.08708063486141,65.80605952582575,33.170531472813835,2962.910410007465,0,LOW
9.354940518385401,21.719360203416905,8.199224094955065,0.7730137658998486,98.40381052201266,79.05123162542856,19.31871302238662,1934.2322746759987,0,MODERATE
78.67921328994753,72.3394633126052,6.540704611778686,-0.2550202468009011,73.77583603916179,89.89371963231139,40.24680353896697,2663.223518458528,8,HIGH
178.52337921007646,29.977757640590113,11.230082628764862,0.9413795885376723,15.620442010010361,62.6972584619989,30.760928665421915,617.0411042688363,4,CRITICAL
15.427744045275105,43.98948502209642,12.418874318179686,2.3207089719983496,13.16446419597748,88.44818513554232,33.52157101034527,753.314242757606,3,HIGH
148.9098741603709,4.045848305938309,11.56864611049767,2.802447098971561,25.1567154109027,42.433387361864156,16.093596717557578,2859.6050863968817,0,CRITICAL
179.05285467506675,34.08969903617846,0.5821942171770317,1.5370106138061495,75.50702812451321,41.14172741358701,5.024465406223482,423.00141897452755,2,CRITICAL
100.27316724508825,66.5890831728796,2.9119315566895834,0.4156226688472682,26.53650332581851,76.02299581993074,39.61502448408438,589.4971855185672,3,MODERATE
231.27366112374656,64.45190442906735,8.049112638956615,1.4133022625783935,56.033809228795015,90.9100103886216,37.89697538319234,1273.234825377754,4,CRITICAL
31.97947594013154,17.945484708282102,14.022330606657018,0.24800522443380135,18.39341081627486,92.46983242752276,9.927675521713208,1776.961177504984,9,HIGH
22.54133452074263,18.086325680845015,12.524351625781753,2.6392945633282414,92.87975420471756,75.06183208640726,19.96420539825226,1819.3753125254495,4,CRITICAL
218.456626861081,65.38442497705894,12.638017625277024,2.481601852423348,40.95645522252108,66.78424611465223,31.453572335543303,890.0885058233819,9,CRITICAL
148.64739486185954,74.43187361354605,4.548122906395124,1.232927001118644,91.73188509045677,53.197516138756136,31.08443428874913,2763.4294158920375,7,CRITICAL
206.5207189283208,7.628873701840284,6.4417184561805385,0.29919566152144217,95.03880777194898,98.60002909195319,39.41401339234226,2746.997724671431,2,HIGH
130.44820158112387,36.00469115409802,7.060589209739061,0.1735587023319134,10.55157825823127,52.37869806663753,10.610726465417141,1188.36279809607,6,HIGH
73.92060997173205,26.996342317138318,2.360573750248656,-0.8663280211797622,51.772166847885885,82.09302750621151,22.19758991140475,1314.1894729022854,5,MODERATE
245.7306953022599,69.65507643659515,0.46602195366684473,2.263283404101181,12.21904501362036,67.23872599335004,8.888976717056991,2113.441408135257,9,CRITICAL
239.82476369069377,6.6819931744015015,14.203543491907753,0.8015328521560319,91.78234896726153,72.59586397677427,20.583809937545126,1995.7277712687244,9,CRITICAL
208.40894125632803,16.890075404642992,3.610688784952601,0.3005317136010577,56.656679026111824,57.54363854120383,5.604297823508175,1159.2451045836679,9,CRITICAL
81.6435411689888,60.197467006919545,3.59923355585447,0.8844414199910156,16.744961142864714,97.53761878305734,40.930922604405076,1254.4478695325902,5,MODERATE
177.06920006072613,4.103507918497247,1.250685806531393,2.274951961818608,19.92490554489102,70.01776282694897,26.08175987314724,1057.156051396186,9,HIGH
108.29216908200804,39.40283045714314,13.927616279156679,-0.5015431691699153,44.51581220434652,95.6451341321153,38.992090432094145,721.4473207208575,8,CRITICAL
27.474621997990244,35.3685627743776,8.69605672409658,2.4306239529673093,94.62107735856006,30.531399132173988,7.39618804013455,1385.2523215139363,6,HIGH
275.1940726386728,26.752094319099893,10.005552856880309,2.590035340433416,72.36182364112727,70.08694082337847,14.098324418916825,2065.5737130695707,6,CRITICAL
41.04558927568842,31.565785225513903,13.673653308945788,2.7868316601355527,88.08569795702192,80.203082280769,15.375199808847224,2231.060781836593,0,CRITICAL
285.07120614624074,42.39524695441864,5.1843025335118424,0.5899519696905111,42.981098170598166,82.15561198135526,20.467659785551522,2341.0434718027686,0,CRITICAL
133.80173188738672,12.90938867107065,9.322609667071262,-0.1314383838493125,13.889232959499848,93.3483817247177,37.11465489590184,1136.701400090302,8,CRITICAL
55.539878651585894,45.75967026268742,0.5819918209333119,0.494563273866794,97.68858734839726,30.30811263026504,20.462314949259707,2298.6152629692215,8,MODERATE
162.57028421350745,64.4345863439989,2.80158792346694,0.3316483849256131,11.54556915961326,30.023111148163352,13.18614118585308,39.41862076178832,9,CRITICAL
261.8837507629225,60.81287438321272,12.468687076349138,-0.2953843499885598,95.28864877729801,63.05844225566507,7.599610413550737,1441.6088143963088,2,CRITICAL
219.66746592286836,12.311992375501895,11.501525345075036,1.4290666804059518,43.18096814642303,32.05055935037595,8.179669934107498,2385.8351123954185,7,CRITICAL
241.9683443584349,11.939957579317912,5.259640371857203,0.9064966420345155,10.908136451969337,98.21727875636623,35.4018882384391,1897.533267511233,8,CRITICAL
197.6350100132152,21.453949419593066,5.652159416613188,2.4628039692960146,72.02415085520575,45.544562217897436,22.79211964146532,1432.708109980433,0,CRITICAL
207.68296935535574,28.885978107282977,8.003316503303692,-0.871561678071767,98.24862736282188,63.08653105553913,34.04724488000061,1941.0331796869207,2,CRITICAL
254.75869546959578,32.67644651267861,0.0036150702770182397,1.5754717102205054,96.90631505538333,34.27963410085565,32.291484870547905,2722.6990893830184,5,CRITICAL
74.90040265775578,54.37577734666762,3.618665040570418,2.0517955140462445,24.48433100821766,66.5433891319881,10.414498470410312,1707.817765818418,3,MODERATE
146.82748909294213,4.534434573266832,3.1234771291232164,2.037946276753228,26.312302545953948,56.59692876031859,10.715517367690687,2403.3628505511165,7,CRITICAL
66.36283254588066,2.773816338085311,3.757244201246452,2.5442958683821004,60.898502315769406,33.12620202140566,35.213680617365355,2942.613321171089,8,HIGH
296.3004023989941,31.352845035512722,12.08858763800162,1.9161349713179763,67.3574343785492,53.458698668735735,33.85073173941669,2122.593242185189,6,CRITICAL
283.217801905984,55.77309537103844,4.195107848196647,2.711240246590785,76.5476122299279,57.4005214155999,20.121230674972416,1728.5107763894093,0,CRITICAL
11.82804341055177,15.474827436518606,2.8728198307522224,0.33062639928356585,26.294532442493274,99.2945043892458,8.096890533313603,131.70812243351395,1,LOW
211.67255175470655,51.320358500500134,7.563951911895473,1.0128376670061723,96.3106378087991,44.55201103435628,5.483920867938088,1135.9441367986708,0,CRITICAL
277.5744952246998,20.786251035223955,12.98467554559098,-0.9436813468684373,67.48653306603141,68.13457307590699,16.526277978469793,1705.0193458750525,8,CRITICAL
54.17260353820006,70.8868887050813,3.620245557562498,-0.9721696507868351,86.23422269834994,99.112088443904,5.3688909434890775,2395.6755836839766,3,LOW
170.38356916578883,71.65519554132932,1.1780436418919804,-0.03949351819392044,58.60591437557546,85.44134455580945,14.202904844148136,1325.5522731497772,9,HIGH
274.6464892764126,23.782976342506117,5.34607103774497,-0.596771211443659,47.28491628308943,99.53572506174622,21.780029608453543,2880.973661779025,7,CRITICAL
10.183793575739653,18.399500317059243,11.214777368474667,0.04084547174301445,97.94646159354964,97.78088202621184,9.856630612478167,829.9453828185511,4,MODERATE
209.226080174052,32.9043177652985,8.260358170421918,-0.2918268218864104,62.39092337378524,64.2677679465908,9.171110313261849,2238.810241726743,4,CRITICAL
89.20470221176522,19.242526814411896,12.251900543615212,-0.885919900645407,88.0186224519261,78.74630949093961,40.85749742874946,1268.7136229107,4,HIGH
277.3188586129591,53.79070746333629,14.39388221413851,2.6372165856241976,95.79631567296609,37.73101888588058,28.41880116091557,1468.2457138063994,4,CRITICAL
291.3174735496103,66.08517476386284,11.889937151274255,-0.9671074744444339,70.78191643077933,60.880417753276134,42.378227470511256,2411.456060919012,2,CRITICAL
283.27994673403015,53.84737047289736,9.0570461826563,1.9443285773483416,59.404481066680745,86.63129795866882,18.833046551427167,902.7214797220824,5,CRITICAL
142.26426499723914,65.94803577994796,7.400123820785708,-0.3914084523219339,10.315976581958555,65.37347246840004,32.085797493166524,308.4999286535265,0,HIGH
258.61279529679405,31.75937297659793,0.601036295224,2.6489184879984,13.60176766651054,79.18893229720624,13.187666984871615,1570.3616421480128,7,CRITICAL
253.3648195605211,12.505357656708869,14.76482968221062,2.571183758359543,28.07660944460047,82.20259309889938,29.73361269119765,1595.8079431751712,3,CRITICAL
95.7301419729767,59.03607579180737,5.752216838625638,1.6156045854770293,26.740758867039574,47.742839887002575,10.183429200399377,2395.5599612316137,5,HIGH
248.67464224520322,28.83796041132431,2.283423208753002,1.6889365992024206,32.92829156798608,91.29895610597958,5.08322556705143,2905.5912345716633,1,CRITICAL
11.102290414647786,53.7016660183306,10.00063283094685,-0.9786434321212458,37.44411739278948,62.187570163642526,42.26127205638316,184.79604525847822,1,MODERATE
178.88096354461592,21.651515358541253,4.26432433643189,2.939486264454408,42.40589441956554,44.712957253508065,27.19577504700837,1783.2346317544645,7,CRITICAL
69.00265118631091,6.4983707845338134,8.786674063965714,2.5113304143032575,47.84839210619889,90.57911172519107,42.07762651128158,2050.2100203381037,0,MODERATE
36.17006573318364,79.40654363902107,8.801518617668869,2.580424902920368,18.897970461041318,59.24731642743775,18.35326094808288,2957.6880252305946,7,HIGH
23.085960488762748,12.496120634447943,6.685947313543037,1.6369781482034877,13.812573875750385,82.52187068658037,18.111442766470272,2828.9188385451966,9,MODERATE
208.88663276344192,79.07367951707849,12.541779233175639,0.3791477146181461,70.65500041657211,68.3623150555115,21.02620007092127,2143.1032788416933,9,CRITICAL
101.96248913041984,78.18239460531578,3.9745059233316455,2.5745945963619232,58.36013423587699,56.73102265641503,33.24163935832673,1574.9324455085084,0,MODERATE
217.43003145862843,63.50544831264317,6.729488874266012,0.16606771260476938,49.97297819981077,86.69134905269985,27.63234536744697,501.34128845179856,8,CRITICAL
19.60690223968271,52.7538369665598,8.065381928864571,1.2508461733688114,67.0995947051517,70.91289521512292,42.014196283964715,1164.846134509164,0,HIGH
94.5871013491831,46.224564020086774,9.954370811509495,-0.6010761106244704,84.49114664831865,57.33934716989222,6.017636045297574,1763.66452867032,3,HIGH
161.84738771260118,69.28812363022678,11.759577757583843,2.6878225205310007,48.49236182045841,37.67185092345889,33.32783751890146,2181.097181855346,8,CRITICAL
237.21694945168906,23.155161729559033,5.922109243173841,-0.4369181689151467,67.70075185467815,92.68117196366956,18.213107574662175,1913.4906812877546,0,CRITICAL
95.62575087962098,37.41449699879016,9.69070416144894,-0.10041277707837093,95.82150014516428,32.48287097391666,12.209346072738448,2148.085949446669,8,HIGH
187.76741293110274,49.55119754932015,2.259164296027787,1.23253663251286,85.56620462754047,90.42311438576394,25.41582490080396,1298.8744635646551,7,CRITICAL
265.79332447085613,32.895238069559284,13.98972150813718,2.056372000851926,48.34007294521685,55.19730674182088,25.20255136719984,2188.329325901607,4,CRITICAL
184.75895645469137,34.19891632722144,5.745882096315053,1.4774052237451958,68.02451540332686,74.75371344509841,10.480441147537135,448.34894293876323,5,CRITICAL
69.88784242609013,26.422773400166754,10.942821329646577,-0.07146434879937535,25.93638297243458,94.55398066849797,13.075842245315595,504.5072090540784,4,MODERATE
7.320234466961406,45.13854533476288,0.3051162282326647,-0.9962278298900387,60.44699664055809,40.61946308527289,21.326586596062196,505.23979457179917,3,LOW
261.029662170279,68.04596224120928,3.077807143572105,2.028602321229757,98.31954620245985,69.68653329471671,21.352456495692614,2674.777571966613,9,CRITICAL
6.380823255116141,16.122270240505028,7.30623816485367,2.940829303644375,56.648360368227,83.51030036591345,17.70232558478739,246.5815086597308,3,HIGH
262.4105018052598,74.75464310027532,13.173787015985198,2.2396524812243617,93.48744692711325,83.03086829033401,10.941806060399237,2408.494950745758,9,CRITICAL
158.68114020816358,55.12701229985837,7.908827249260157,0.8408264726264614,46.660142845293464,66.79423402196528,5.174947164039181,716.0412761792767,7,CRITICAL
281.72030955386884,65.86185701440242,13.948057234408186,2.6150690455964263,99.89603444661681,73.73176219345206,43.80940249712082,1415.921222675847,7,CRITICAL
239.63497073209962,44.49525541040093,7.256953448741945,0.6393906924734001,62.1298031704802,83.02688958929912,42.739969188157076,2749.5506544877203,8,CRITICAL
299.38023316000124,62.36133611392508,7.356736451039249,1.0997363369738702,13.80420948123411,88.87193464301882,24.346015167045408,1766.09294446877,2,CRITICAL
105.21354463551305,1.2960317871573768,1.7962018275079783,0.908519069582733,62.80793170222493,83.32691678131046,44.80207013100023,646.1507049724287,9,HIGH
230.15648667933806,65.47043398236282,12.039843662283298,0.7904954906620998,34.71154261116369,54.780346022686984,31.94617323128973,866.5883797500452,7,CRITICAL
120.57927408277264,3.2111087268293215,3.7044811870059373,2.100763077175623,12.923318983230523,99.77084807404133,7.754301504301662,2762.9309392094415,2,MODERATE
143.96268609117266,71.193070109029,13.494187340584727,1.107075629077968,83.8767974225197,60.41518856035131,9.708727963305094,1292.8888968277354,1,CRITICAL
188.25163896551103,79.35701977909146,13.662363304955942,0.2668684881008643,34.815667328268034,31.712529193125338,41.64443375478551,1769.2167393602324,1,CRITICAL
262.10313425590164,23.525396974142225,14.149651678112246,0.032632670633913285,81.68936986418487,55.38318661098234,30.20208808598514,1390.5979459436585,8,CRITICAL
295.22504075978856,16.825484502863493,7.80345733654635,-0.8490107321302665,35.93958246602803,38.94480682016903,38.72734506629405,1147.7455023843797,3,CRITICAL
230.48202415935546,61.22906910864326,10.156406771754666,1.332780647532184,27.489371848639685,38.50098310098625,40.93078598535377,685.3717982585578,4,CRITICAL
125.33003465020013,20.242107273620256,11.677738200924953,-0.08015433839586317,97.65420166939847,49.7074528074826,22.917680451295443,2064.850671444114,1,HIGH
126.40710068312106,69.24499065377628,1.965219279756984,-0.40746431193446764,42.54807949795176,33.73628459240826,6.9410380630677215,2160.3612382909187,8,HIGH
221.27469047666744,8.227407372598137,9.014357924962459,1.6153198553107107,64.12385902988444,78.19585318866942,12.53121395589288,839.1575729900504,6,CRITICAL
71.6331437304907,10.07641571034866,0.5144685195496751,1.7248370312861954,64.89833435330243,35.179221894133356,7.662877892097404,2371.2523123033943,2,MODERATE
33.1422339394184,78.33212440804925,7.463491250830888,2.008619569030664,60.44261339561516,44.23026888051693,12.549593827940292,2566.5148968990047,5,HIGH
106.38664729223296,53.90711186160037,2.322640224303411,1.014307585354366,92.32261691690931,36.50298001458836,21.421317058235072,2763.6117867940984,6,HIGH
86.17169749622452,67.75097795431623,2.7438438894312704,2.5762184208155463,70.69969642301817,34.421741163212175,9.727872420599418,500.41299347674243,5,CRITICAL
88.89243613679703,25.946350188121443,5.4757135003890225,2.7453710135929112,46.335970369443714,48.74261658776791,11.66932991221373,925.6925771675338,9,CRITICAL
70.08232531497298,54.11869996164835,6.486557500747545,2.2294837591699577,87.61423460718466,70.0329277362259,22.832871282867167,2583.852975561013,9,HIGH
12.627956890908564,47.53934618468777,9.347586367982808,1.5423739280327489,26.295660920436795,97.52798895127893,18.60683801553958,611.6498044271241,5,HIGH
5.362180420024143,48.25200960983576,1.116426276577735,0.21488381436475468,58.98130818493757,91.28896580447244,23.70632496752164,30.336008545616203,7,MODERATE
296.3167169208095,54.60259676301773,7.55537641856167,2.9317796864808847,95.54953347493807,91.31537478117274,22.166881110362482,2615.065384549871,7,CRITICAL
128.3319401207587,46.02873385032788,2.739376953796517,0.09654466876775336,66.28578668923714,42.324692522636035,30.77912103919534,992.8193364190807,4,HIGH
115.2979941479045,34.324989544213274,8.60962762547613,-0.18937231203827576,83.52716054273886,48.54350354484741,42.48758195503418,1255.202624914071,3,HIGH
203.89418480792096,22.073815550443747,9.561069183917752,0.768616455146331,68.82046529906737,35.3475321756714,9.3145735377697,1350.075396647501,4,CRITICAL
65.47616635951925,61.48650647305616,8.350638848292808,-0.7726377171504462,85.54337771841013,84.49278379406294,8.970405972367796,2547.858309988341,8,HIGH
284.9883551850676,18.101794400254896,11.074432657174615,2.913977858687163,95.00390918607192,34.887141103989336,39.11224444363608,1026.918590888512,9,CRITICAL
235.90350432466562,55.388344492353134,5.03413866361352,1.3537342256656992,34.56295547794631,68.96869695745973,25.255868186098365,2678.994059852316,5,CRITICAL
26.823300693677854,18.666625811946133,11.476598874496963,1.227808366656701,25.269497313104697,47.351290062676554,35.656200942737684,1858.478631383183,2,MODERATE
125.2742327354785,50.02641359635631,6.491506225622905,1.6231851195988796,53.559167529928594,47.04119438201214,13.616876144291258,1591.314437620379,2,CRITICAL
263.7354922686494,59.76626137032231,7.262767474838952,0.9880945911088266,73.16761841417943,99.35075386733236,38.15450292670207,990.3312312398381,0,CRITICAL
283.4196066874231,17.497111112523136,9.721531908916072,-0.8717459316218337,30.44721278639945,82.97458648849762,41.95386496770784,746.2608549179338,4,CRITICAL
140.22045337496093,4.795464068904662,0.2753757599883594,1.449245155361587,10.369130538715037,88.5857550803735,30.41932062185953,1879.694159476499,5,HIGH
184.0234167632123,10.477899439533926,9.809913321303725,1.8646955078257226,40.86416042530348,70.03878797408089,9.235160858952089,1351.7445969685969,7,CRITICAL
50.11018382762257,48.479757381682035,9.27877723608173,0.6669962424962126,97.19734019210097,90.97100011756245,40.81179256625355,2733.3377095973788,8,HIGH
297.350587841093,67.95571249805884,4.647706751299198,2.0291822882847717,72.5470714545262,75.1843377416447,36.69950909480285,1485.0833740198682,6,CRITICAL
69.50151041503302,3.5997456988339493,1.2869142734923422,-0.09199480264631754,46.119289954710155,96.23215933574417,35.035111060579595,1545.1488517695495,0,LOW
282.8195322405377,58.7321007233317,1.3640317486956173,-0.1148936357352639,27.331848761215632,49.69370102319458,6.469127556236622,1261.8353777852824,6,CRITICAL
194.89399469771053,27.30549167600417,13.848356204778428,-0.3543320492497042,42.048070637927225,71.67236820480265,36.95850101027885,2372.0037310340294,9,CRITICAL
182.32103846365774,38.2822695935618,10.339189818387556,0.4879790391566474,25.285548997112315,78.30919435558245,10.51804041873428,1286.0208103656257,8,CRITICAL
153.8065533049526,74.30876398764525,1.906539206561106,2.388048141556334,19.567523918165627,57.50561135194647,13.895447047875535,822.6391592542697,3,CRITICAL
69.20094351532761,26.557720378867636,5.3508475396335955,2.3116482485962573,91.60681353152985,91.57955876828373,28.0853933947703,2588.852005394659,6,CRITICAL
52.95840960165248,37.22695471515888,8.887244908523947,0.5312968318540152,99.78853045379262,98.5862214172908,15.599230916675321,1798.548099668416,8,CRITICAL
66.14586272105261,1.0945931808544884,12.53357557635973,1.3564749439209463,24.77029956362113,64.5638643960863,31.45392825247679,1782.7004549116252,0,MODERATE
55.93147864327636,6.527897600387069,0.6549139306951279,1.8832652658996625,14.907030299045175,57.34484583630373,29.322817907963262,1840.2501773485012,9,MODERATE
233.875342070026,20.687327290782722,3.549496972050133,-0.03517290148790808,39.67579964315911,63.035654998952104,9.325983920530504,2162.142449652887,8,CRITICAL
105.03757775001903,2.2281792656859523,13.3462348544307,-0.3274356564210117,51.54932626852738,89.6915722012352,31.240583183660252,952.9426081514492,3,HIGH
17.35280296901891,50.510026083860076,0.13748325275724727,2.888383972849244,28.433912236826902,75.18278978627174,41.9581963929972,120.85622508234849,7,MODERATE
290.7307890422434,34.111868544129806,3.020986541908311,1.470229252838474,37.12824206187026,33.134066076266656,11.444396207433325,2435.5676194134885,2,CRITICAL
265.13576548902773,43.85161621824176,14.38536263959449,2.9256628873346555,28.078366212249193,67.95189373120004,28.882480837715498,404.1370605672795,1,CRITICAL
278.3256849585639,13.971774871706364,9.201027697832567,0.3510239485289164,79.68345115892062,31.211008591867888,18.674614877467764,2171.0228168874214,7,CRITICAL
298.47234679393057,23.67456235492929,3.925070499562597,1.812126799896526,74.13201489225347,84.49747597023838,23.38446687094416,265.2995888962397,7,CRITICAL
52.16857476584619,53.10595798821801,1.004866415937714,-0.10958545383504914,67.14563641848835,52.98185914797246,16.480007163158795,1138.4173692449065,2,LOW
118.87260567079763,77.22421789043199,0.42287010670833236,0.044800685095651716,44.84960713712843,63.040523748213054,19.16522545390781,207.81768809798396,7,HIGH
227.47154271122739,4.033341888176736,3.671176194553909,1.047608485078496,91.81368471828124,85.90746741353425,6.156472930662291,1576.1967652906192,5,CRITICAL
208.80618541613768,71.23074566842129,13.222287293833658,0.2784725020322849,97.2579287381518,33.25141721000331,44.262069516688825,1966.3446028890937,9,CRITICAL
46.16877190195652,46.150496104896675,6.2387048144626425,-0.32951374463766214,25.62753813628708,41.09790749141273,29.99199688290993,530.8707607110011,8,HIGH
244.74993749718533,45.113565340449895,10.805000537489896,0.05152280795730402,30.071137727069022,57.85722635115804,25.028223619755412,1127.4503029464381,9,CRITICAL
67.3321715509982,40.02228281662083,13.774275530699366,-0.8570064221365414,57.30679252003327,46.094761448189246,20.34861398001307,2792.1136833082996,5,HIGH
67.14528444678692,5.551526872334671,6.120606924042249,1.8176944859099464,18.212551235402074,53.65309980425442,26.574982352961104,1338.3195689802212,7,HIGH
161.09232686802406,7.190148138892853,2.8691605655609558,0.9684666283434464,49.28035589408015,99.87223165247255,20.204239948632157,2411.579835550139,1,MODERATE
177.88198045251096,48.07296045272689,7.756768962853792,-0.6230277343818975,62.361213829993915,87.77901063016675,19.39631709974693,2783.010540279423,0,HIGH
174.02586235134336,27.276685714844664,13.621255305897817,-0.3132240274860352,56.98662140235998,91.87312704720759,23.557861668880523,2923.5505584323137,9,CRITICAL
27.446051219326463,73.38144532621445,12.065616212065509,-0.589861847549424,39.78177247702234,95.59382434960428,16.039321346847633,2696.9996186802805,9,HIGH
263.2382587891141,32.52724298875778,0.9874476504473068,1.450371233103506,58.82012254694862,53.86551162199369,12.201995998671418,965.867880893728,1,CRITICAL
79.68001277661182,11.462516696211287,10.388592001163728,-0.6231585455500248,96.29208588329631,50.79538704575309,27.26423592721174,2888.467200760355,3,MODERATE
38.85447638484125,57.17750668016288,8.578462836884306,2.0171293321408643,28.541566386223845,46.38437448004524,38.710617446012044,2440.93782040322,9,HIGH
266.62442396069315,23.468273715280787,13.611947645196382,-0.9179563227184353,68.93482225546032,88.10818379156858,11.113127109035691,2514.7832392456735,8,CRITICAL
286.69544946892603,42.03762458847145,1.8372212527544585,-0.0024968480164315743,13.905702474044666,77.56863035996295,6.309373624168746,65.21549283206761,6,CRITICAL
258.6382851796352,55.826622840413606,8.010541698069849,2.5626667035676287,15.977476403329144,46.53203877380141,14.872469806161446,2863.6318126885153,8,CRITICAL
242.85482241746342,72.02112889616564,13.191940402678386,1.874125272488984,59.66454018012265,56.389568044731845,44.18882573815243,2338.7088670692474,8,CRITICAL
196.57259419170651,63.375295584134086,6.150356801126145,-0.7081266682972491,19.444526229515454,65.46982347529587,38.15032294973357,2308.543139593542,8,CRITICAL
165.2572111827418,54.10888542981793,7.229923765993006,2.284504417940719,12.01121095841716,66.96980400916276,28.834642141143863,262.943698167187,7,CRITICAL
26.09602797342304,54.37065459161148,1.0569101650043744,0.9721404861608192,25.436169788321997,92.21094099862003,42.16995660972544,713.0542523985271,5,MODERATE
122.53596392120961,75.67397152256692,4.172154606733662,2.387132108675317,60.8364253899617,56.63962930630514,22.811164673489785,2887.5397621109396,9,CRITICAL
111.8065551036942,23.665927799722883,4.86759973753421,1.4029590978015736,73.30068590670392,93.59668213503586,44.33122410300696,1512.0176829203194,6,HIGH
77.92613512809787,0.0889675356949926,14.176836731173305,1.7273321281314349,28.2230707727242,60.89572922238527,16.852081804771363,1205.6168943470232,1,HIGH
217.02603410657548,21.756364751855894,4.240010408117386,2.9740062415828326,70.14334934873571,82.24608723546476,14.612229980637563,2523.023635097803,0,CRITICAL
148.76272052363123,17.43131037013952,6.91303102904478,-0.07065781630392731,26.42286979893064,95.11780239895393,30.52192804588044,280.2744340595541,4,CRITICAL
24.31386477229438,52.94676680911985,10.069566353464197,1.4957822990455534,65.21116839681315,93.53029927742864,20.126158718014416,1262.4872084877568,7,CRITICAL
66.0549605849434,50.696927981242325,2.4327505861181606,0.8412855602295934,47.0763711906219,33.98670071069768,30.054621679050314,1139.5883077778092,2,MODERATE
204.97762909787878,47.47691061637791,7.296635807128117,-0.8421921883092343,68.8419558400255,44.39930064835989,17.199820732107433,1062.5571333505704,6,CRITICAL
22.839257847090057,1.299475456756296,11.078085592138613,-0.9421174339885399,99.55474772313225,63.38337978725926,29.716730273519644,936.922886086158,4,MODERATE
255.3620742146306,58.3022443560518,13.002828195405991,-0.5230856887285653,94.40352687093058,60.20880029671751,16.029850423401456,646.0233712344326,9,CRITICAL
148.54395810419228,25.88243299883932,9.3938891199364,1.5963669621541925,10.385358205249327,74.86241653860449,7.0388827527555975,535.2741929117561,7,CRITICAL
144.1759731979944,53.204479120530486,10.035802729754218,1.2686523516535688,89.68948879260752,96.12963355777886,41.485436076927336,1928.4102284206288,5,CRITICAL
177.7223353978553,44.52627428017227,1.8942520887685343,1.2137182446549097,15.984171565728987,37.86832978945642,40.32820807493849,2759.7966268018617,5,HIGH
247.40428977754476,27.418474034232574,14.186647458695207,-0.8725729498869597,95.77419275438605,61.630106559396836,43.83192597090688,1536.3779028446468,6,CRITICAL
104.34276237065791,10.76610136832862,1.9886111622672353,0.8772119854400282,35.36431111897163,43.46877265209975,33.66108704885619,907.9641659929999,6,HIGH
203.40484576771905,7.553511812838476,11.620094057726975,2.698491271370114,44.38313473701439,92.58753188785633,32.30884710941211,494.29738921223446,3,CRITICAL
169.7195891987373,66.52146664897788,3.9722448266747823,0.5903674772425864,18.247438465815506,97.5206130061157,27.36012280299323,2493.8272278567306,9,CRITICAL
80.1084810508264,73.47180336652464,14.003897155518773,1.4996898791538253,20.104548249601862,63.509117732324505,10.037696654100907,2915.046328290177,9,CRITICAL
263.5889959065474,51.983043741143966,10.799393090542193,2.119274702492574,75.40665087063877,37.28072084096985,12.5694124379708,1060.4830963741986,9,CRITICAL
239.22780648207842,8.27472918883867,11.307205694675535,2.1357011165675504,94.98990121734624,84.97062667058712,16.57878754690145,887.0322681453441,7,CRITICAL
197.53555039752766,32.162177351059256,3.2858875958982496,1.0771203295810854,64.96736454588785,78.79989453446794,40.606254502935776,1812.448999865325,5,CRITICAL
255.17451872827257,58.31513600841258,6.645599649527412,2.4318077816093453,74.42650139741299,54.826957862721734,11.918780984123005,2330.4803632412086,7,CRITICAL
260.1882602879407,62.38567072080545,9.267197918839296,0.5655123734549878,78.57727701374381,92.11852317782744,41.91492697951563,1377.1003545779997,6,CRITICAL
212.50889301451045,9.457489783287087,11.549604273099014,2.5547728591391934,33.653284709764755,98.3082322847895,25.911429322056687,1897.6179865856286,0,CRITICAL
251.10399850910161,0.0024575076305932697,1.5593906386858436,-0.03909133441781876,14.070666782819343,69.04976943911367,33.62278541892289,2155.31622270941,3,HIGH
209.24143850078508,56.9709636704484,14.435479746817926,0.12086562796228417,10.168546952725173,69.60095379410046,9.409779467222661,2882.5650178114142,6,CRITICAL
204.04223152809013,28.527694078896452,13.35331005831834,-0.7875175032039956,41.55843546586168,50.82594535796445,15.761341951036435,511.8112449498485,8,CRITICAL
185.5834134645553,20.35850652946082,4.055228857433765,2.1823273461691315,31.73178053792945,70.915422518832,43.340744327257056,2992.199831599601,1,CRITICAL
225.81499186729238,1.0317975831620352,12.341403645484979,0.6682209449308223,15.608595254426708,60.77496243673926,15.645997877189256,1188.6268326188617,4,CRITICAL
47.58153158792211,43.223952540919974,7.774858845597351,-0.08353354435440385,26.157546324430008,51.15337188496363,16.860868815645844,2175.1364253251304,8,MODERATE
264.26122775967855,68.09205883407854,6.9270972234302794,-0.07283888953368134,21.2049008441153,34.70296375667309,12.903895393643179,1725.7948463595317,8,CRITICAL
261.5530583235696,76.61053170180703,4.716511587171081,2.6055997649169327,92.33905425556333,47.68955017963874,10.162946612273181,1470.2724786863434,5,CRITICAL
8.774184910367744,45.259596049063134,8.714528799473888,2.3356664018441475,22.624049211325204,43.84982547743651,14.330305658159919,2100.264598820128,6,MODERATE
247.7450251694288,41.156906219191534,10.948336765553966,1.2141235414287332,58.38836175889113,67.94293891877643,30.693075678031935,1199.3464736663134,8,CRITICAL
38.66096024203356,6.804510839139288,6.163993574441374,1.4644432016628843,63.37953596009481,72.11690152345156,23.21470934014254,395.8077443836831,9,HIGH
100.53565627774258,43.90982412340798,9.43828789512438,0.897302282201164,58.91405119377704,72.60002070142116,27.150233453515945,1476.9022817012944,7,CRITICAL
223.05247688748233,30.39832631723157,10.489693817329556,0.5666661715152355,18.915079079438918,57.17267007319754,9.894593150640972,1575.3092946333095,9,CRITICAL
48.22796881449246,48.57082247068615,10.666827255229288,2.661907524873326,38.69185255754961,59.486081357984716,37.084657886516005,621.6684171318188,5,CRITICAL
245.39010723571866,31.098107830123737,0.7794914719677037,-0.4975491859187917,14.614329921683794,88.3966900748448,36.36378802319392,2808.1456818593983,5,CRITICAL
249.6402533873226,19.223929876029338,12.896217085276003,0.6737871588649118,45.610292268668445,63.336296946201365,5.8635964457070155,697.877427005948,6,CRITICAL
152.24032012825086,7.59722201827012,6.873799721475719,0.37824763195150135,26.97390381444328,99.14413324959857,20.3406037804122,1239.498230370611,6,HIGH
1.915761515050074,25.19347556711166,3.936241225443217,0.9926028810045935,60.54692799559418,60.77320610062054,7.750824078845913,481.69046679727546,1,LOW
86.11143995247383,7.731586743020182,3.6264676121952237,0.8305274981807003,72.35275544641905,75.47066612324872,36.684231176598324,1616.6740056370934,8,HIGH
185.07807551272265,14.151756065918715,7.245211692659257,1.0755581266043257,57.890787418423585,33.52540992953771,34.49078732502818,936.7600721382672,3,CRITICAL
294.35585340822706,78.98689268636367,13.302473092034388,-0.44032409109202364,49.08130269502562,75.73379470931675,41.079523771726244,1478.0321095287304,9,CRITICAL
189.54405810500052,35.52828455252949,5.675213725239704,1.0525660060531083,44.86000787710232,89.59984760905043,14.456158358124584,689.3584110454417,8,CRITICAL
77.94107431924793,42.549741320401324,11.24588620175315,-0.030324744451156516,85.75225912873034,95.97204869733073,23.251835325111955,180.24988128717294,9,HIGH
190.2017109298834,69.88948229897723,1.452280964808279,-0.26267460404723497,29.743125855874307,99.81244281478394,12.37951508657591,2342.095420225121,2,HIGH
161.99561391475663,79.64551203925502,7.140850532265927,-0.7406631248552351,76.0796505575982,49.75250519544632,19.84939737896478,1930.437126199782,4,CRITICAL
233.9536185453431,46.617155947574524,14.875292105891035,2.0506102350245636,78.17340922661072,70.27590453780019,25.889730062675362,1035.4032800188184,4,CRITICAL
32.094191648087524,64.99790568353373,11.556567041885055,0.7097676834262399,47.728000654366106,61.55025898725032,7.133231593543559,161.53278955332024,6,HIGH
228.3083707506084,26.15528194693402,3.157927326609195,1.5065747332470334,36.75705393030754,69.46722364026198,33.59481642709541,2599.4136868374203,3,CRITICAL
162.37997360283308,24.45951659578329,7.52162210546866,1.9103733732189734,52.34873374413777,41.021707003289265,26.73173441484301,525.9891147083245,3,CRITICAL
288.8976011576984,32.21629767956482,3.5043714547284983,1.717266661254214,18.389253330342864,89.9304700817159,38.15836068842693,2793.6118104786556,0,CRITICAL
102.56164981160583,53.80058101389193,6.143413908937639,0.8820028763587291,14.133702900618097,93.66982603412113,15.871220047647888,1446.2142282159562,5,HIGH
189.78656794018443,54.5753351404079,11.701260356024472,0.5515941158069193,20.04428795067026,61.47631641790458,41.13284421077018,1034.3523955272817,3,CRITICAL
279.60843165300525,25.219154771956063,11.568372229356054,0.5038396385626549,26.843052831600353,49.63009031015038,44.94777012121774,2230.443241135072,9,CRITICAL
30.75291839720378,10.656793930930295,3.4215056685357768,1.5601951877202254,55.37591383042387,39.85833993571086,41.77193753510698,2632.9814301040533,9,MODERATE
281.1685461709353,50.59170051724068,13.833349772322903,0.9791774197674936,86.42229725450099,77.86353773444631,36.115699033326166,1124.726419664218,4,CRITICAL
206.365716690244,10.266068975101161,8.888522741472402,2.3965289919540425,31.20780987997183,51.85622877345146,37.49475211495123,1233.884381467158,8,CRITICAL
20.35111773155157,46.279400658346404,5.698864364430218,2.4988079373068484,94.16458096721003,93.6676998939372,27.94976970178346,1310.811493654648,3,HIGH
90.28907008404488,55.47377024450472,7.52903371171291,-0.31775848797392614,95.94171180415032,76.9708732391409,12.60615451650442,2768.522723206434,0,HIGH
212.45162659358448,56.04891971155613,9.076068801566155,-0.45506539381709743,96.30141443606847,75.19797276219686,32.08162740590869,2083.8406947127114,8,CRITICAL
20.20518044063151,60.277768852767736,8.398357977686782,1.521603704143998,85.38064612086914,69.15814811287686,33.510120082397265,757.9854287960535,4,CRITICAL
174.65113805288198,69.82875372525316,7.296075533042673,0.20490299224911768,42.74425367179485,33.204343760010794,44.41540561071623,571.2990985558987,9,CRITICAL
103.76491708588702,39.996719357183075,7.573992061341002,-0.9257171249396046,16.541551990236076,95.23457049799109,26.652052650252873,706.495637005952,6,MODERATE
186.27465533024312,58.4199351623657,2.6461786564182925,2.5545706774518204,61.19368585898454,73.95562453096221,15.854760601002255,805.420389772842,2,CRITICAL
13.722610143753855,49.533818829266934,12.19099356457019,-0.09239693102476698,60.28132995435104,99.58433883681772,32.34690086958027,705.9468041753245,3,MODERATE
261.4610418457129,14.931195183814605,8.12640479911523,2.7171226067432364,86.4978190398636,67.6149483341021,44.175032786658186,1982.3492126333406,9,CRITICAL
292.0466907532191,2.0551715895526534,1.9661979255705464,1.8697378035130146,99.63919458514947,79.70776243343492,12.08855633076376,365.4818617593689,8,CRITICAL
290.66335658570745,22.763310854154703,11.49235652374167,2.050613959645937,55.73415759041328,33.93466905063555,18.039916741424108,1174.328299329723,9,CRITICAL
224.89554952287742,35.44269650700955,13.986659675660263,-0.19415401682735833,41.06836279358058,74.22153237763877,26.675238150907244,1882.659647451692,0,CRITICAL
39.02587203918959,49.3684755542925,14.209603488554432,-0.06322229753274833,26.73115404006403,83.52547281132502,11.808585395280193,886.7627223499339,4,MODERATE
227.47895877870678,67.99674644025643,5.535265986167591,1.085071015296263,10.431984233563366,84.49600063967901,5.888825580797534,214.51766641094093,7,CRITICAL
7.376074937640453,15.699657336493251,2.0327531034113107,-0.31160058940055135,55.82023232399912,83.90781565611998,18.479324897650024,263.8352900809855,9,MODERATE
6.637065458699176,10.043983191878167,7.7759943994959775,0.2217267707321291,59.99668000323362,45.83978391055673,39.614832060042325,395.3809933879653,6,MODERATE
97.08306574486237,77.0783957979462,1.6891384402383103,0.2858499117912179,84.24446318356577,98.27789343236581,6.738735972948593,2510.8122141071026,3,MODERATE
146.59295712139973,8.643564750112569,14.00981127768926,-0.36148026698894364,55.41192711035205,99.66274844374571,22.1571623606767,1980.4332467028098,6,CRITICAL
231.12222534233797,38.27928560857514,2.75369441032719,-0.17926866641935701,92.4821513799451,35.29171126131209,35.4880309170433,212.27678507098145,0,CRITICAL
204.98861298195155,46.84509830346415,3.791487899267461,2.1542073680330263,66.5275128914292,95.55124959682301,43.12730387643541,1185.3852598712313,5,CRITICAL
133.7708119130245,43.30995367259506,6.099547903274557,-0.3312165818109265,85.63026143989748,50.26144360130586,44.41901596017729,850.1838150842556,8,CRITICAL
82.08799988449977,6.882572562635456,5.747467028386887,-0.8861704326243101,23.34715613269724,78.24988572256754,21.878775224349667,1742.5595326538246,2,MODERATE
299.13735004731336,4.562153120289549,11.919943385968335,1.5174197705157537,86.98025172720833,53.66776445152925,43.0153717751647,1577.961730023494,3,CRITICAL
127.85439067079189,8.438674196882854,6.844752308264435,2.9039324775698,70.76294689994636,97.74280263611851,6.41675893123455,1453.7495896417506,7,CRITICAL
135.41610729890263,46.847014709809,2.5615239000500534,0.32485525849248553,25.32097291944975,37.10527008124748,34.836677519942256,957.2468637103872,4,MODERATE
49.08714635750076,43.54759101074569,4.008148432291112,-0.5253771872149908,27.078720233140977,64.84227718694632,30.709841385344518,430.6433206910924,4,LOW
238.44286462497882,18.69926336293954,7.63670077781283,1.2815493014701231,93.38505571397992,59.96334543594523,14.980874303446093,2232.281620960461,0,CRITICAL
208.1046677344466,51.021931347647325,2.2118087613920236,2.6254168443825847,12.899382440533559,52.82164165945895,25.292740027185957,2641.97317115111,5,CRITICAL
66.23088383662812,65.60540016445195,9.17483513469021,2.136247119313915,51.62814489661355,75.1873793616104,10.182149510419825,2833.5697095137957,1,HIGH
24.71431368475281,3.3263167877275013,8.48620959826719,1.490063473650864,38.21277609406914,39.173902039516726,39.86388603806244,194.68453242846977,0,MODERATE
204.14979062241392,39.85039548384339,10.720534745733865,0.2602259864303975,69.85696959985853,80.16636926935878,19.315923421825918,2224.927960534871,5,CRITICAL
196.35336428434056,55.144832968215226,14.065569230690516,1.1675206931048798,85.56664488120927,98.64144866633511,30.04177881862866,2184.980309032748,4,CRITICAL
81.9778580994628,20.184954165574965,13.683818416517335,-0.6350206347829785,42.43403094009126,86.31911001280412,11.351051451490491,2842.386650153856,4,HIGH
285.2590686751231,24.621672423451926,14.19113427103247,1.7157816971226798,48.421187859055344,90.20117270366818,13.246593785248283,773.685491603341,8,CRITICAL
45.31736753427007,49.09103223915071,3.670733955355514,1.9003840755906034,98.37260060512727,55.17457202253017,44.67825483212608,2231.6935341195663,9,HIGH
129.7004403127806,71.83482347549895,1.9734795995903194,2.8601264916396754,80.55248587112825,52.74206245368531,35.12345577765317,182.786340524124,9,CRITICAL
283.0847760502797,64.79395362423195,4.534150507446728,0.041589434980286555,90.74837178386123,66.19338482830932,43.478874790962834,1901.112247869625,2,CRITICAL
125.91819507783669,46.65041752796668,13.426277591494719,-0.9261743238279094,49.48859985864667,33.200863033359084,16.834046608481763,1065.5265156754956,0,HIGH
191.55778429922566,58.41773742057994,14.580802119352324,1.1824338577086024,31.066858358570368,96.17506941195728,11.582515064792815,2311.350129851476,7,CRITICAL
119.27831938883828,29.185797616623894,12.88987426605714,1.8271620175872578,47.06771188478065,40.064962111133454,25.12273853915324,2592.6467735774727,4,CRITICAL
82.26456070460101,51.27724224790062,1.650265816913154,2.161629903531952,74.44827260483622,93.21091274176646,24.786731289093737,1107.1667058081982,4,HIGH
295.19329438794847,37.294527290204556,14.211419970896898,-0.2250442679007576,19.848736435238138,35.8507555400249,11.997860550319515,1586.2465562439156,7,CRITICAL
122.80020189451291,15.194890916604873,6.35037041026179,0.047011476148094644,34.342219505485794,87.5837449374992,34.32878278325641,369.86410584352774,7,MODERATE
268.2297611037403,56.13906191018057,0.13965436143530519,1.0503637010691853,14.197231041543134,40.63737681147506,19.471101377549363,1262.3827563659602,1,CRITICAL
68.98638176732585,44.51717098790576,6.635906111222904,0.3224032398800074,48.91129645043184,32.66921298640309,12.45460923722069,1095.1851719123242,2,MODERATE
63.93141120752499,28.68972655628731,0.6910375451320139,2.44204594634978,84.47011623816519,80.3642615181586,18.279335781731536,565.7079101578628,9,HIGH
9.340224865353408,72.90713520629046,8.158168817416763,0.8950406149548811,12.219731946820971,49.61857101220998,27.546347985400605,2685.5463018049923,9,MODERATE
195.5000476127655,1.6747294261386614,5.07831041155577,2.198314576408012,70.77911741264495,80.01473069490447,34.05883728721773,461.3017573596775,0,CRITICAL
110.55790311712835,25.261852099959683,7.101524003910732,1.322479041929415,93.92462870623656,68.85596753309738,24.275635442299382,1914.5032854399578,2,HIGH
259.3074749518911,4.550511822211725,9.197555411146755,2.092360566468448,31.323507536006407,37.61651731610459,26.02379959313494,2672.6250775700655,3,CRITICAL
141.96297200746716,61.32218529773017,13.032016437267304,0.3306919461212954,72.42713566548832,95.24910513108146,10.557837437709935,2737.6663679924127,6,CRITICAL
290.45802837441653,56.16859632910341,9.92852364707893,2.3256664877212447,97.75917109901803,61.66199223344343,41.58763698832929,2383.854305524894,8,CRITICAL
55.65765471093634,26.50817749890536,6.51073302717271,0.09828926220408629,96.60502541372169,81.41130944590816,42.14896791968178,544.9005789450464,4,HIGH
260.5869503866832,54.05303217656584,12.291417805055476,1.1843952320131632,31.143627372622895,65.07144004109375,32.337063616720144,2455.945599457332,0,CRITICAL
232.9790558375225,31.67497809567599,13.583732063596983,-0.14397154730450312,19.029794789086182,72.30530324728433,5.705256357360988,844.1631409985613,1,CRITICAL
231.2765533932156,60.500303313794745,1.7963994964829584,0.9021060865047734,23.345428410632437,51.19415146496847,26.48296863613304,2768.7461217488767,9,CRITICAL
253.4349684350663,36.334693018936484,7.978994663291871,0.2727008380348126,73.1832101633928,44.025221280241524,30.16875888354454,2133.0783106430717,1,CRITICAL
228.30719728289966,32.98237822653324,4.267679396136662,0.06681372254885698,75.3182987907948,67.97991423856475,44.7861689183244,2360.0973318064816,8,CRITICAL
187.86609648942462,74.77839323906407,0.705917968154211,2.86794007211215,70.68129054653791,60.81532810797014,44.84267820779187,273.3967114357729,9,CRITICAL
39.373463304716275,20.07032799125602,10.02820042670978,-0.3597035780530775,40.24705489680143,57.307924940375315,39.3044494130223,1756.6400380617624,6,MODERATE
9.757853847375575,9.635787199725234,12.941561661888384,2.149303349829581,25.279924578230993,77.07970365662362,7.553239681044541,2467.003538158065,1,MODERATE
276.25435434470603,46.763449060756656,2.443539817160911,2.9366598379328597,62.26849827570278,78.33546424077952,43.131055631149195,2587.539251262048,0,CRITICAL
184.99509435622141,77.5457449827343,12.186204864358508,-0.9203940650396887,53.53124011820798,33.214403926388414,29.506449886079963,105.32248010625172,4,CRITICAL
238.96118729285288,30.227137098174932,12.800936003054124,1.79610965616838,75.59507324100731,53.71211459705705,37.03547081916718,2818.6945130142553,0,CRITICAL
144.456705453765,4.962941090302522,13.715106639997252,0.011647222225148468,49.72240708170593,58.823518515846416,21.28771398743414,149.1494252413896,8,CRITICAL
35.192456688718345,27.144421384765394,3.9792763362907864,-0.8380487026867822,40.47757252178215,36.78245128149177,17.78677884938359,1851.2656654310526,2,LOW
37.55573766076513,40.474532345564675,13.55929597784834,0.6115583158265232,36.41307196231129,46.513060668880186,23.52976581935232,2086.29483229363,1,MODERATE
205.6695861686914,12.953840530577097,4.809941321046484,2.7408712406835,29.03232880447719,33.61492580559296,10.874980518753077,339.88896768037125,5,CRITICAL
129.0917684698388,52.64817744451936,8.285070201832543,-0.9529396225320093,33.91717385679953,99.73694690319144,19.282645550132244,163.07535951539418,2,MODERATE
60.15741801010102,79.81995112081604,0.757612062484232,1.3515427677191267,18.53473949596912,81.55900420788912,39.304699990731145,2359.0382202631727,4,MODERATE
147.47836402243107,36.13915807851551,0.6582163255311541,1.0055859143812973,41.21713098360006,36.12151095519276,6.5180194504352595,1166.3184618963533,9,HIGH
19.262681122540226,28.378284538417013,10.805598190983044,2.49353665748419,13.291283112666239,31.417456585306446,11.03512187298418,339.19529563906855,7,CRITICAL
174.59142057431964,32.05633334675733,6.667199669666866,-0.6639931419174974,26.77724624496941,80.35014601065961,10.00464638597942,2292.7500928351733,9,HIGH
80.6980213305293,9.211694271616091,3.8443856305382633,1.7261041195466014,77.20934001574862,60.74345159778669,21.123021708009123,2550.505949027989,1,MODERATE
239.26773019115646,70.6618881140979,2.856202440373653,1.7204387937331092,39.292208980896035,85.07576963452033,44.87947603563447,1770.410848461246,4,CRITICAL
93.10858767707214,33.186052441708156,10.049302362888271,1.676320067449133,70.14133152796094,94.64332264728687,11.934317208455308,500.4856891352439,7,CRITICAL
136.56604472454035,30.981952913987307,0.0060231603800980915,2.769337979740148,74.51957580375496,71.95102723114607,10.819305983970406,65.3629650446426,0,HIGH
3.4861619724301907,52.77522183443794,12.088367537952813,2.2923501160275217,62.30668084589022,43.09758960420771,41.60222919104618,2108.3913942797926,9,CRITICAL
21.734066338367665,35.36267367448988,1.1887440919489323,-0.832109095025976,96.28279672288586,84.75358252325168,40.28202067863863,1659.416230979444,9,MODERATE
117.74806692200545,51.858677504627686,2.8723442236217918,0.8843314028180527,11.929587996080194,96.90682202220621,6.289614799862178,1959.3754823258369,3,MODERATE
143.98165041513704,4.9157032104630005,5.793545929486344,0.5918122248053339,76.4787385529328,70.61619009419692,35.0682384071726,2443.290317194795,4,HIGH
180.0061644357911,65.0978674977782,7.272881095741554,0.24058888436320824,96.29079795463672,77.73982130965135,31.21862805905718,1313.9987754390568,9,CRITICAL
87.49877361279097,75.2403162303522,5.324926737209127,0.8053469006163891,87.60445564176453,53.623228652567114,35.70963239410836,391.05609712418885,2,HIGH
208.49456583796277,51.901230892750874,4.810682474764408,0.5367767397039098,25.110342262451198,56.706938626221785,24.780098191836885,2821.150190464663,1,CRITICAL
258.03671915676136,76.36527430870485,14.458740181097827,0.7293355995146613,39.41382756265589,81.42581484971447,44.655168737931824,1644.8811391956347,2,CRITICAL
233.95529666800493,12.114585149597064,9.623695218650914,2.91704746243457,25.520665588881887,94.94397688847734,6.753880748438528,1853.5764748838499,4,CRITICAL
11.885647604507144,38.1932951584283,0.3514943305108231,-0.645468101001677,64.11775274332336,74.02918710570466,14.37486345615223,2801.5660600642186,6,LOW
144.15208417734868,48.14453871563578,6.452638626664698,2.6889234793549193,74.0969183781543,85.28935359397433,20.861839478944603,2796.1192958045835,1,CRITICAL
31.47905352545246,46.538931793694935,13.125130496159553,0.9209468538841068,38.536639242675236,42.01445121907611,22.991117662628128,1724.8419280499572,6,HIGH
72.61350475875824,32.11694232712346,4.521842796160019,1.4949689819981646,58.55559165858659,44.83713631805815,41.85469610798074,906.8820456698497,5,MODERATE
295.9987779801439,27.04675274930091,1.4183451716158235,2.3207318664707755,72.18285130640754,67.2424280783373,27.400174563090353,2991.398629357963,6,CRITICAL
42.74866287045397,10.145921804033504,11.375771573848766,0.44185211659702217,47.920583494994354,42.35879345699884,6.804439820815755,2048.834928061537,6,HIGH
149.6664460354068,31.339396044982255,9.090207479041219,0.7216876323518675,86.86139774099134,74.44965491546466,21.314518537026473,1237.1412971383286,8,CRITICAL
185.44672029543574,13.01286520843881,8.554687617397558,0.6380739211148558,79.43949417590355,50.41572297762893,21.659616494762798,1688.3136725036973,6,CRITICAL
210.73949116323118,58.74925411937747,0.8036483941111189,0.4989240901430394,15.819898946551358,85.40728330668244,43.619637537511394,1259.1854697987285,5,CRITICAL
167.89460504607422,16.7064748395672,2.10748514693276,2.7021172865875798,65.9012769181746,86.56772426300404,28.967883640844327,2667.1493538440095,9,CRITICAL
2.9312542257550978,4.685224422762708,9.338240943196707,2.3157195647720483,31.179299586377464,62.465121902874714,30.426042846357554,1457.8481370999234,7,MODERATE
97.93839247319757,44.18929102537874,3.117357621882537,-0.5640000405480956,60.17664382005478,42.65674445263447,33.53012125005083,2474.1145604241165,6,MODERATE
155.31349301541343,47.618378617552125,7.561051196226365,-0.5675065900916159,96.11995983696696,75.27424727573528,35.801572627284926,2523.7253675125517,5,CRITICAL
26.359949743450006,69.75304490244044,8.173225290440902,0.7114780594119647,89.11558040970252,99.49509127845104,30.402042808099566,2476.51036645104,3,CRITICAL
105.18807936275422,46.15852899341455,4.252607854064091,-0.6053704930687638,46.40647628036185,73.58136285597664,14.487774045357419,2172.1220651775097,6,HIGH
9.96093263740997,27.638468297875658,14.226377333122393,1.4763723810844787,36.23624725099181,32.50422834998055,39.961836573646565,2567.535596086594,7,HIGH
23.573549146506224,64.24095052210563,12.636961602533628,-0.42523357095306435,31.09651699674331,31.21057830369578,34.28479201642521,1173.9441472764483,7,MODERATE
119.07698286047882,43.22231145499369,10.835602614491977,1.0894930558672042,57.9263382780868,52.42533793446143,34.67481940387823,361.69635430304186,3,CRITICAL
39.8147262129181,6.3424227704953395,1.1699079961411363,-0.971120211985129,20.28236079322507,43.70486648022834,44.862269569389966,2530.513529030093,9,LOW
170.26225447846744,45.26804482505973,1.5919502896352915,0.2663853936505869,59.43475073154237,86.91358450003156,37.101061394532636,1504.5418787482888,8,CRITICAL
206.83949074117973,72.64148363373299,7.391720187974336,1.7087628946906217,10.120027554171282,89.13639669252004,38.16605612620613,399.580576932996,2,CRITICAL
240.17600973272485,31.705010039857644,2.410700237864785,0.9361557609113937,39.146466767126036,48.10331399173333,43.05622062840634,363.63131610238366,8,CRITICAL
60.04507327344303,23.706064151984005,14.67398195294211,2.9130779439959524,29.794088244752313,52.79513438649249,11.045359993955755,494.54233414948027,2,CRITICAL
50.244774677720926,11.477556561441604,2.377803510411142,2.496415184264843,97.40969109647038,46.53728774005803,24.909095059122713,2257.900313807975,6,LOW
31.370352100320076,12.115641754828586,7.31201753195961,0.43628311617260485,75.45180876129811,93.58677831598848,28.222680943631502,2138.352886929518,3,MODERATE
190.92907486309102,34.62171874734551,5.461815852622581,-0.8180538341109016,41.46880424160139,65.18545342355975,18.171029168898304,627.3796669509521,4,CRITICAL
211.94271794607036,47.65438593292237,9.59079632181147,2.3825052004600753,18.356057787755844,75.9295930857414,38.57613375578022,2543.8317859671897,2,CRITICAL
9.475843447692611,6.44923241356814,1.9355461333413737,2.6449372412586856,56.51205352215616,59.08374606897223,35.496784865828936,858.2584906741697,1,MODERATE
280.86367387310696,75.16548712201326,6.454746420635863,2.282509573676147,29.210309319343807,74.17099354531717,33.83532298032496,2383.0970382785436,7,CRITICAL
15.591385095441723,60.41068939561568,4.120575492107155,-0.48820023632094056,58.2786591308522,57.009876370521525,44.885977590326675,1476.6416050501268,6,MODERATE
162.38890059032113,46.929913462693015,13.31627287007532,2.991660537649151,85.18261187610032,53.77749064104578,15.37525493633562,2200.015073964927,6,CRITICAL
212.71815583527493,66.27509367511927,0.6087856820204263,0.03433688621109532,65.42132968912469,74.41360512214362,34.418290067016855,1156.5352359592264,7,CRITICAL
261.2907371238257,6.414940544969063,13.70591241009689,1.8968196512334803,67.0409577590502,71.37434546342925,27.056178996236024,1054.4789793424325,0,CRITICAL
214.22607963972834,38.14711021864995,12.494912078295005,2.632139505342886,58.69272601565303,50.54695679175647,17.519567299755042,2527.2516048988105,7,CRITICAL
240.51842492093755,50.40745014893307,4.463560746612232,-0.05725154267716226,93.45390693682683,40.45439152236314,11.423474828925034,125.20071845192757,9,CRITICAL
101.83505776284181,66.29223248946315,11.83935982015657,2.6330342187082643,93.8712415978543,55.80036856866963,40.83535348270188,2924.7161028273717,4,CRITICAL
244.44753412395366,62.677564803941415,0.4682034050812134,0.23792631677946785,56.145088096619695,59.06383473993365,28.818219308313815,1951.5750836308127,7,HIGH
24.034453915402544,22.165539977071973,14.502983254400904,2.9056528895362246,37.5183538429154,74.00790333972233,37.997353505631786,1308.8004968343375,8,CRITICAL
268.4449968181583,75.27041356473634,7.89892413884684,0.12504008152189838,51.36283052914995,94.01701345458046,26.813799360061793,1891.602502828267,1,CRITICAL
164.27771284612086,9.947667314469628,4.549215390981679,2.8137432990313407,26.790212097605412,32.53293582730476,13.799083226160782,385.7680204477688,2,CRITICAL
245.1893309887481,70.01068948969217,5.438748188920156,-0.7858213964293004,67.27098837862803,47.056270877929144,18.50195252401301,1551.8763167747718,5,CRITICAL
135.69548535549004,77.67521996836949,0.9960803019074604,1.837088046679252,55.00831022040099,43.560115959569224,20.26155369894186,2955.5846595525973,8,CRITICAL
193.07330855895748,14.172281857810045,14.840242710630587,1.1284445353480148,19.297043003195192,65.16060860856484,43.91739250014809,721.1029247831864,9,CRITICAL
157.92079828083396,57.76528513630282,0.5893791772603868,0.9115083084909226,27.788300300765382,60.079056493021184,5.2253311352553,2172.3887351283215,9,CRITICAL
219.47685652659956,3.222841502239877,9.823606847217885,-0.10602274297664005,53.16687605795741,81.0326336674132,44.42664092098028,1316.214699978468,7,CRITICAL
24.488994609176874,32.433826011132396,6.641038915596875,1.8223831591059678,89.88300916469726,46.96911387814047,44.21846540439323,1964.3252824941017,5,HIGH
18.10562519716914,41.302663935813925,14.233743272830726,-0.2367620342147716,60.97516485679877,71.6148856024831,44.84603162120546,630.5639415014908,4,HIGH
74.13097020304393,46.45161807277073,3.6899961046019274,1.211367183939073,71.33815001876238,91.87000845199715,24.063527156785387,1421.9856482004552,2,HIGH
47.8634040339565,74.87497985988476,7.9813023590701695,0.012981452161003215,40.512569476951874,93.74744179428133,43.55235878483998,2940.6762873006396,3,MODERATE
261.5350699776605,53.78005498353558,7.235343128741294,2.8224855191254243,61.42702537398108,97.11492233075218,20.823967273993095,601.9557100277085,6,CRITICAL
65.76419620741329,38.50223609753896,10.54299666075152,-0.8854752246573887,50.26418403742607,84.1282806455992,6.051777626735468,1916.6061829892963,6,MODERATE
292.75957674573937,64.77400290127115,1.0201534792863076,-0.20108687955505378,69.32169213608447,93.41915343812406,13.973887454870582,1735.2812913250502,2,CRITICAL
101.06873753133205,76.04262567635271,2.9068369503503226,-0.030757574450209102,14.551800947110934,46.4171610389692,42.811849797495384,1703.8537271454018,3,MODERATE
54.63537470660979,1.7652918945832674,3.2184723013927474,0.6562713030712657,54.397019461506325,43.83066610453339,5.550587733415999,1853.067403161819,2,MODERATE
236.90955214274373,78.6017017804831,11.072261322625344,-0.06907903251978587,36.63933626295703,30.454165864636852,26.839765416919,1516.6691615909197,1,CRITICAL
197.61233265026283,6.890571125094427,2.837080444901101,0.965396361075141,39.35665551501184,79.47910502003688,8.024063555787162,70.45363576782084,5,HIGH
149.45871493594169,65.15094234150091,8.60237645836465,2.489862093034156,96.48256884022553,95.62270314696211,16.45586313710314,2702.288498160091,6,CRITICAL
166.60906528128936,22.426780204113,3.2286573075143057,1.8482536856366831,26.44253314402445,43.08547415291735,8.523714028475467,2484.396905902412,3,HIGH
215.76053348167915,10.57437262030974,12.924374251259676,1.3198479221404442,38.01207273207372,74.58605027988152,39.381144844522254,539.0196891449416,4,CRITICAL
68.53642239938962,35.18845117710679,14.132781817344577,-0.6439872880692814,55.89033181577846,82.25218314552443,28.64282838590823,1251.5540685890298,7,CRITICAL
298.90017481702256,51.516526355809084,7.777394624133606,1.7759684335571024,87.67242533346612,94.93299646036395,41.08425862873251,2316.2359624668325,8,CRITICAL
292.4379486440349,30.476147601878,5.284633263137674,-0.3343428627562406,47.50030748857334,75.28021568120552,32.53412798160913,2940.5856998541076,6,CRITICAL
195.09770590408107,4.365232662615917,3.510866625262487,2.145469543846792,76.94787527993539,97.92056129241266,43.841165249803986,2854.3883983965234,9,CRITICAL
59.86273527874354,47.956891172697325,0.7467150228456565,0.00022703404061275023,87.07366883933221,54.127119870878346,25.395106190416264,2700.090415034999,0,LOW
204.0684727293874,72.19226208885398,4.02750114296243,0.6681949132836036,37.901472023966406,54.494997363998536,30.54842327051498,491.95421395143615,2,CRITICAL
21.659522693752752,30.657229275780136,9.81353669917977,0.40188080927171166,45.34751651848389,68.01087570100418,28.052352795562264,2745.1358159068345,4,MODERATE
9.195750661741819,17.306622210466163,8.004253969638162,2.435255658699427,42.090060131952065,56.845131678113496,24.37041717786451,2637.7658405942166,2,HIGH
77.3048665533641,35.40618767462523,14.160619174213911,-0.49382216514636745,84.9570227756129,30.099800980127284,38.838374616920504,1143.310735275841,0,HIGH
138.78688702179488,3.8690168839024697,5.944158937375509,1.2625795295391544,13.991217575824104,81.22404175608912,30.781005426814406,1195.677331718061,1,HIGH
260.48175162251414,65.63900675842198,10.407950134925917,-0.4317535622277511,37.7578979945812,82.62019290349383,37.05249059421891,1390.528587426379,7,CRITICAL
218.1507209298924,66.10726487601494,7.339841212126821,1.8191833445287466,71.14677018356169,82.28822232807394,36.454557464096524,1975.4033802799224,6,CRITICAL
222.81195635999433,47.040037074370275,7.6886432388631745,2.6203125111779246,60.889914960880844,54.15144666273267,12.641806426211811,797.2901356293869,9,CRITICAL
127.6480003344226,28.248231115071157,4.016614719061763,0.7384306154690137,49.266042336432484,66.56026313178204,31.00654130070575,88.38631973103516,2,MODERATE
103.78049776408888,63.98266915566267,6.824261652629995,0.9523690410599035,58.59534044992459,55.19814627236686,12.985920767253365,440.8639832997819,3,HIGH
111.3116288953808,44.374961983069376,7.061774955190609,2.709691345931049,27.782612724548645,31.122548002145205,28.332819129750835,1331.5454045787856,2,CRITICAL
296.29486912081734,66.0745846840013,10.599637826234009,1.0839655545974285,48.764495944720935,69.37142588899931,32.097387377852016,860.3676568900814,3,CRITICAL
12.032757423744744,50.51670340664165,14.109599987791707,0.9503937521982437,55.153268575871415,38.663246625880774,44.88940286350348,2298.259351887673,7,HIGH
260.10944883673454,62.752437857023786,4.939819162237564,1.3133164108172166,91.10702097591415,35.60289268640084,6.221679125989534,337.9364102368287,8,CRITICAL
173.60262257171803,47.885039457420795,0.6330070287194767,1.7569189454518077,33.475164652357876,82.8849348087751,8.649695764548838,2754.046372153315,6,CRITICAL
131.58462575687713,33.1312854572533,7.444426882509595,-0.5724664996518745,88.10456519484393,30.665434169267392,8.081067854849259,2688.074996232855,8,HIGH
217.57729812454096,76.635668794091,8.166919982237529,2.284442110966064,67.98172607433838,97.13059105261082,20.934451450669602,2728.0953144611985,8,CRITICAL
146.00068242741085,43.289105990307576,2.526608266978729,0.742020109813037,11.83067479608409,66.06787548788037,37.86353445943255,2224.0377958379136,6,HIGH
262.0269714244982,48.40716148324307,11.406969094141001,-0.7106059604100579,75.21682032094543,98.81115014943039,38.76225331148542,338.8599150211259,6,CRITICAL
270.21055920337756,17.63901115317994,14.773936626622374,2.1447306767928525,13.199668979414959,34.059830073089586,34.47918382884607,1325.649962681309,7,CRITICAL
126.51627806203662,50.05206315418212,14.186620755126913,0.5077998867450884,99.76430141324317,70.84706842061394,40.875129673197904,411.588007980282,9,CRITICAL
83.04833917051548,45.72861195863551,2.956590582354783,-0.5985300196197842,88.53730189220781,54.45289251831379,17.9143977667781,2963.3435944280263,2,LOW
177.70509857800866,14.787071835761996,13.13044859851141,1.5351161581730022,36.76093727860411,89.043774497,8.526185770091965,1012.4545017280464,7,CRITICAL
273.7090036850073,4.766967788251497,10.56740454617527,2.5205254137345667,33.16701071770349,55.285591466400035,7.326121119594005,1764.2850148323848,0,CRITICAL
63.198656701699974,48.34874557718169,6.807698457103673,2.5510140376559454,44.3296973895048,48.23413053401444,39.08530878477545,2342.5913016477807,5,HIGH
186.88997506904482,61.09538154802564,8.109164914870936,2.8306538992358927,42.05502687829987,90.02871889699392,34.21745177414765,2763.4359309924234,1,CRITICAL
189.46806602775615,41.87210967376066,12.744002624736872,2.470821839066752,43.510403654684296,56.22571641572827,32.94461224044483,2271.532223007253,6,CRITICAL
219.9339067245843,18.141810025571658,7.202024094575598,-0.9914363226180991,38.64488915075324,31.1783323902393,18.58705354182675,2030.021260723388,2,HIGH
39.47030553817794,53.32175813544279,5.598110536576903,0.5209646656535609,65.90200661634982,57.320237058753364,20.19620754472905,1408.625710473691,9,MODERATE
214.74748940462658,6.40845812876818,7.398712395389787,2.274170319622012,24.783729734856156,75.81655883076593,43.32454115597277,1824.0923985765617,4,CRITICAL
272.7097561996923,35.34669638415637,8.686947060525737,0.46501202399389685,86.13831632014119,47.80516771644673,7.552189763917401,300.6081503814329,9,CRITICAL
53.90493266107259,13.069340671873615,2.8361648066752325,1.4061940255188246,83.11622356281838,60.239131469761006,35.949269477511706,2654.089175044562,1,MODERATE
71.2629974771633,14.756724084790669,13.51361595400486,1.425267789498128,52.88348870697434,33.970059679755785,17.385332948335726,1640.4563803428584,0,HIGH
291.4185282124919,16.18351593265629,10.112804232444207,0.4601012161552922,86.74569687506929,71.166495405977,6.562184736502243,139.60245029612923,4,CRITICAL
54.29308581284693,30.936564563518232,9.499033760062334,2.6178957091251505,32.243056302726394,82.94064467022756,34.70280442969824,2761.3083344664947,8,CRITICAL
256.3155280108737,4.09201644963181,1.4924433927095722,1.0129133815444704,11.580891013357025,58.93187929807772,18.236475427134984,1478.1198820338686,8,CRITICAL
147.68335693441043,31.823475274327855,9.062609072588877,0.8591368237500032,65.72871325268407,59.416284296102205,33.885900749711865,2608.395641851785,6,CRITICAL
74.16932232095311,40.936595769176066,1.8144099335773851,2.9900549826475835,51.21184662682438,36.17977490094415,33.306175324724805,2573.5261035319636,8,CRITICAL
261.2249703817534,38.663542797306015,1.1804651279309857,0.9740014562904666,61.04480916662836,44.13586051583878,26.391475017324602,2450.939730622202,3,CRITICAL
133.59157650079965,30.622728032243245,7.9096634346359,-0.2864069922856758,90.94054681165628,40.82727121895388,36.09492516842195,202.9809975001611,2,CRITICAL
154.44520617890706,67.1317286456602,6.041783010697425,1.0522776914537522,97.29330162093491,63.71814380630766,28.24153296684974,756.2586033641425,3,CRITICAL
107.77001081992971,11.626135393640329,8.832154052343348,2.25606694207972,67.10078257800427,67.04788786655251,16.465474113930426,2629.1326599469835,6,CRITICAL
177.88525543047822,40.455739502509914,1.3383325208585788,2.1074413075931258,78.76500308671946,96.4258091898982,34.36461204257676,2698.99334703524,7,CRITICAL
49.05716177550683,4.963313356524344,6.464745942708876,2.154327060433884,17.542759013844783,35.12620529940637,28.565592635108942,1385.045209859042,1,HIGH
117.32446099552821,5.69245431023278,2.6218007256773697,1.832095135991647,24.464402640235505,71.9907581208533,5.509091267596822,1331.3235736095228,4,MODERATE
290.82369670058625,45.909267974167705,14.80650128886175,0.016871316266752867,75.9884324457679,66.8548969129769,41.065767110812374,541.9190889807263,4,CRITICAL
77.44002981033826,45.28147399102568,8.417253186527615,2.4483363433609258,48.82289107492017,66.13631685550804,26.825744732972538,2905.8641502996306,8,CRITICAL
197.02099936238767,70.24268102755656,10.31155291411301,2.5737738615050603,50.13687433639652,91.12115011679785,39.74509061918127,655.1526565699487,2,CRITICAL
97.55701926740846,44.62989405280585,4.881274210239117,-0.22338921352580376,37.7746913471893,44.387692948684055,40.309473559289785,588.9916173652814,5,HIGH
232.0419377059802,76.78328163238801,1.4210837216901622,-0.47817745379442433,64.66207451299694,32.854129203896,22.79866626940354,1988.9723310445395,9,CRITICAL
39.26209821550495,3.8955878719943815,14.638062941753049,2.902419874356448,26.664854087458234,77.05900553439348,25.30639985804924,743.676022941334,4,CRITICAL
290.9463135235634,7.840614782459285,4.293885530747748,2.4732958546014716,66.4224651382506,54.161022489518615,21.630175507024077,2817.5394008228814,1,CRITICAL
136.13686241509177,3.5252689256305114,6.357122777603613,2.572944588839787,25.641897142171572,31.23129413487672,22.97747101232182,52.50284604702857,1,CRITICAL
70.81513900393918,14.822148026683202,9.747958825538625,2.5455055384975807,15.744343123874224,47.59618051032896,40.80588635886911,37.14472172343791,3,HIGH
22.049024199003796,43.301608875334246,0.3704594652916693,1.1667472961349135,39.732191982915495,51.652874195176835,36.52576055871644,1524.5328682780867,3,MODERATE
50.92737152626222,51.645774514194244,12.153886957759305,1.5856069466631988,30.80263078088629,73.17868637489694,10.06102705262312,1474.4261305421464,6,CRITICAL
155.9321845668053,3.646812635893504,8.048672850429304,1.1814514085345666,90.00924747006991,42.08100558344905,29.412311261603836,506.8247852647132,0,HIGH
101.10095292938588,75.67767118764795,4.173257806032332,-0.7951746032386837,14.945810848176393,58.913804356737856,44.83626561545369,1493.6682976514476,5,MODERATE
248.66500976478284,67.37323013203049,0.9241197793870387,1.9820123414110906,25.895232331671057,63.77328110924827,28.82202804929943,1246.7500934065597,8,CRITICAL
129.2662570985418,23.72899857256745,2.4374762321166217,1.0213281333435211,59.38476450247445,62.146617395486366,36.43486502372422,2673.181985520259,1,MODERATE
74.61428177628898,6.175002418117437,13.425507882801554,1.590836299160919,53.29604717627262,98.17585366667473,35.76245893524684,47.57668224655115,4,HIGH
185.143495981209,13.590965857524582,10.290363359038365,1.0105592199021411,14.12668165372314,33.185296645320726,19.01270103489314,2929.2840189981976,9,CRITICAL
212.03316506563374,10.155553100397814,3.7485258245533477,0.9672452892898238,10.652718521363003,96.56777305166796,19.873972108158355,1880.6904376016105,9,CRITICAL
50.11257237028496,9.862702343915748,0.984011474175443,-0.3128435620889327,98.9261147765035,70.73560497958233,33.96305687161613,472.4934680229214,3,LOW
50.2857648864953,41.48493509325871,10.359229685799544,0.11485486056459582,69.29512303229544,85.70094004788868,24.999341264193404,159.34484115727537,3,HIGH
11.001428080062892,19.667795399472023,8.586115889516478,-0.36458923222417683,42.88655178114011,60.12748326112528,27.82282836521552,1623.554862506511,7,MODERATE
220.92060451969215,28.651177322331556,6.067792866873526,-0.21733481749863026,52.33890228969172,61.76865168798863,33.51623161459351,719.9726945960239,5,CRITICAL
199.14135828654153,79.16042667074579,5.454171737850958,2.8919095216812196,33.98951084088583,91.55285493110765,36.10300108156201,917.4733002637525,6,CRITICAL
142.38926272494416,54.74513991402758,3.2522141389366244,-0.3875462169112063,41.03864053238888,92.71541474043315,15.860663109322854,750.4938512068505,8,HIGH
253.25113469075913,75.91845336376011,10.044168848062764,0.07708169722083058,68.41400205413926,46.70822170019083,10.871750377478516,1957.5134944460822,2,CRITICAL
241.70104588501596,11.404524402649248,14.560020416908058,1.3623586309543398,89.45306189806337,43.94693150092327,16.67178586894901,1669.516307106078,1,CRITICAL
175.60630931902566,30.57115798660554,2.6357286875523878,1.4407143049465674,26.57170207730664,64.73646217089657,25.30153300368302,252.36378209499827,2,HIGH
260.4813841539776,44.37854426258834,8.95674930023255,-0.3841034810246837,85.63253548467868,93.01939189893841,18.685652691881565,1589.0490688620228,7,CRITICAL
61.752363011030475,6.140644951099041,6.362775836189643,2.1748697031408493,20.940096656644215,52.56485653843234,27.73451035390375,2377.745501378634,8,HIGH
33.575885819318366,0.3349954902366292,6.700330826169973,2.1408114716513,29.34930012295521,75.64102307373919,7.138628965025138,261.9598806445665,9,MODERATE
80.92488345509689,53.6347467037534,3.812209201917216,-0.050729183184435644,13.345775924468139,79.57061814184208,25.39001646455069,2671.4221491666517,4,MODERATE
17.126056826794457,51.34556134411483,12.377023134921286,0.1546652107018418,22.67306758836995,84.5072265425909,19.719396277508316,1743.353815354233,7,MODERATE
159.3508584003096,32.86310479996894,7.278834062208617,2.751951461837988,92.55728309176455,69.47471205446743,26.386670195715297,2852.8609184255433,6,CRITICAL
280.9817076884884,39.17152608256261,8.151087782973962,2.3026857839179122,51.34948719565407,58.171862479527874,21.901334195399073,461.46082881267944,8,CRITICAL
11.803062200552894,33.23544004736717,4.5714136919598864,1.7911881322500953,16.989927560051818,97.6911192159281,16.369034025501698,2980.8236980728793,3,MODERATE
36.63297420300804,1.9204035875911085,2.7271269850042463,-0.6710671139575979,96.37541542350652,72.79315273119968,41.16431621830543,1939.9331405896369,9,MODERATE
135.6597084850306,26.829728497396992,1.2886558230423073,0.6730563236103029,89.10930769827851,80.99956481432895,12.390599536854277,1711.1327144535671,2,HIGH
280.1625052583715,14.166580431783187,10.711787113873738,1.237207488307308,77.9214268781327,54.14879919871149,32.254623023222386,1555.5332798540144,8,CRITICAL
94.84683149302515,7.873935128109499,2.943514225317834,-0.2503548480648923,94.0125512752802,76.8964426702156,41.98578850329656,90.49003183297201,7,MODERATE
152.17044260651772,76.53763471114799,10.351130312831966,0.7929063284328981,29.811647875218775,48.045836351488816,26.546798387417322,2820.124790817743,6,CRITICAL
12.471857715117629,47.94877800337325,5.855646690704308,1.4041035099547599,85.27323637090777,47.156784227004536,40.056339543179284,1939.103529105511,0,MODERATE
44.50296028862666,58.29250273892821,6.236622014844772,0.3095067204615969,72.09920767188756,80.03055412665984,9.994059137331375,293.0469238078879,1,MODERATE
295.9890368876541,25.2290994612894,7.037662441391576,2.1237792758019487,88.27833246109195,66.49763153840546,24.751550810256326,82.4374674776842,8,CRITICAL
289.5356089308137,31.451770359521216,5.515627621913148,2.361798326555222,81.72204091683668,77.82936272956728,23.281011219237577,171.33524492551896,4,CRITICAL
1.4819942803228847,18.95391951173788,1.5092996583388514,0.29443787773628305,41.18455568591425,48.860694352366416,5.324752281479794,1835.999375028077,0,LOW
285.5435356269717,7.7572536772339795,4.644477150042687,2.3546286179698286,79.695868331553,71.91063387397114,22.73029365437338,1849.765936385864,8,CRITICAL
191.7359813446501,14.322530995326703,9.956015410409076,-0.5856937355879399,33.62106726864013,61.075355479217876,19.761190255303912,1509.0085295086944,0,HIGH
260.37548835600666,63.801123623718865,9.986766022033065,2.3509163944906253,39.57329467252494,71.78722007918695,31.791949110984614,934.1621455457956,7,CRITICAL
136.42195669015774,54.20366441470207,4.293364608599916,-0.38899827332953363,19.711514550067854,50.36158125709535,42.53319114306074,1604.5933402116314,4,MODERATE
154.6788085737751,43.75431007883815,6.901539398365319,-0.6682913899610958,94.15689543824219,80.08156745543867,8.43164353048146,1558.5794262112483,5,CRITICAL
146.65397407707604,38.00718982934144,2.9017084201790624,1.5671016177640449,36.190302706025335,86.41505563116259,18.099055468584922,77.85836843216556,0,HIGH
200.0592772638313,73.79474269248996,3.1555812229475366,0.8877494630211773,56.85602186543066,48.19415317004066,22.762589495770076,861.7583063759441,1,HIGH
41.89537642689387,5.818795822293472,0.3457063260991111,2.631562401651331,45.21995528195734,51.04343918989494,23.207415121375334,178.49231757210546,6,MODERATE
8.992076961803386,22.448065059033276,13.45119824861617,0.45275678436339684,96.39353085251514,76.2807988803365,35.99238883369015,2702.461159314013,1,MODERATE
92.37898247735727,27.995028285657124,3.160599976123593,0.1486090537505147,40.154425384463416,78.69096220124808,22.73582663333763,2181.1650250997036,4,HIGH
211.404228820994,62.594064977023024,3.41300815404695,1.0029396245767934,80.06912392804202,79.28697790782151,6.0864520581461345,2988.423207174879,8,CRITICAL
60.55603563688451,79.4011696129577,4.194021489676977,0.8237847430746452,86.9874539168062,77.78889533430858,33.40416378371325,920.4703646497578,4,HIGH
202.0297299974752,19.253641180572245,1.911121075431435,0.377712184868753,49.20458477328693,57.49654018667772,40.39318780582687,2637.8878263155925,2,HIGH
290.9736138321811,69.94458673096645,9.588943247720442,1.7749651947933143,44.03546330076381,57.639757208257485,25.556188501986913,1817.1017184387956,5,CRITICAL
28.170214736825518,66.4498208345433,1.1271442976637984,2.038247335655633,77.29712388393652,47.8372336551067,28.244340867940213,1370.3137125727426,6,HIGH
201.78063546753788,17.97259181134133,2.013036394895254,2.4119358761205465,92.16063822756107,40.978358992745406,11.517457558761844,683.2678716401326,9,CRITICAL
133.12506579137136,31.946606415937808,9.671350898851394,2.8914264188413714,77.94385597650144,78.4804165577834,13.825837787158282,2220.4086525527055,9,CRITICAL
260.4426763132516,32.77382954340153,5.094909307221641,0.06662476853001786,30.441372903267904,36.5232150180619,14.40680956498447,2714.339431734814,7,CRITICAL
53.14493683421577,78.25765348212467,10.619217400517837,1.864373929959846,89.94769726939349,95.64546007507471,22.22967899525181,721.2190262646048,2,CRITICAL
207.78778566784936,14.471352110311866,8.36137117005213,0.5770329419829809,44.88235006931498,87.8680412570016,42.12580883582569,542.6631982213654,3,CRITICAL
251.43458689443307,63.93263768838256,3.840317595922696,1.7083278878044323,61.86064706001409,90.02540179700793,25.871390668595442,2094.7413067145035,9,CRITICAL
283.38426584220696,26.73541713384879,9.762419257339921,0.9039267613968813,84.829205736344,93.46681702306331,12.683905808054107,2931.380024922047,3,CRITICAL
204.97440848689374,58.46962766209283,1.7441052043932097,2.9750924110717265,26.9555290660443,58.60234795062681,15.643509434757984,2254.8662012901527,1,CRITICAL
149.1524292025282,33.60088034365303,8.046155746200457,1.9156085431629997,80.60591221097978,89.26905063452807,20.36060118908737,868.0506023619938,6,CRITICAL
185.35417206036416,46.2687810493232,6.55722157567552,2.809965201737298,63.654651811960974,41.06429102041545,29.930359027711976,1271.4671639604012,3,CRITICAL
260.67149534361545,66.60894186609049,4.018103742261612,2.339878197924743,90.40074776448473,31.5149256225765,22.601326120160216,1165.2665536659476,3,CRITICAL
171.1829239916489,64.33324519871073,9.060074966092502,2.6116040446534843,25.477336165918864,84.94239762646951,20.697793767077,2559.2431537801954,7,CRITICAL
9.116117909051058,69.31385468317602,13.070003885104239,2.2576767888586997,47.86140133368356,35.23576535978575,27.58914401595979,2318.684921039227,5,HIGH
279.2846086520933,4.769386027572722,14.98357049644615,0.8366365215036455,84.95587835801537,99.19672671281451,14.673399798178618,1775.14679558933,5,CRITICAL
206.85802530946833,55.364044243179585,9.116441531151368,0.007153813387537511,11.730853311108415,77.23575007210891,8.156130903383287,839.3781489827717,8,CRITICAL
202.95401573317395,11.19899013774103,6.070588114937553,0.4812807018020888,20.098123008907855,82.74147971694738,5.976572592888885,2815.2058126117277,3,CRITICAL
64.70254571931515,33.265485441472876,3.378106503243024,-0.9190550694401982,99.15086914810612,47.206269939450614,15.050366538685083,1966.879369812057,8,MODERATE
197.66564106979715,43.88707320437508,3.8564413409266765,1.0959726698586687,35.23547607313155,77.17057757437817,8.663681365778748,2912.0204063965116,0,CRITICAL
118.15932169624755,32.21915877974646,7.191824672246485,1.0202312010816348,97.7988874351558,33.025395607847,18.45362554083067,1748.7487584652517,8,CRITICAL
195.3698931124476,41.5689340642406,5.509165519210638,1.1010018593219528,26.427839590780653,88.64780039465205,35.917341614390224,2467.15441992357,0,CRITICAL
31.977909092397216,79.72210470388953,13.707217839374163,2.8961248998882554,42.498499870660204,41.87368651221007,33.65177321947353,2443.0540305956897,6,CRITICAL
197.3535913809108,10.817385097028378,5.524432014835643,2.645816013819357,77.75825000532136,78.81506467836394,29.437104911521153,1025.2397549641043,5,CRITICAL
299.8241177312,54.03648362691405,5.601668867181532,-0.353148886679568,69.20005665143606,45.713635086290985,39.10000975517915,2892.78175441254,6,CRITICAL
14.463611658166808,31.680077310849217,5.753017686509654,0.47553008622355675,62.301015993615,34.79172185982299,16.28270498177107,85.38557344074069,8,MODERATE
293.1522552663952,10.640783912586302,12.549303155514872,0.6958247178530477,57.69092582245068,63.7045574984576,40.40215012119863,2310.7585081268944,9,CRITICAL
122.07238821686119,12.698941069944762,9.761824812703528,0.44213167140659104,85.90963992982662,41.85003471909526,20.969566786767167,2897.3601155768506,3,HIGH
261.22603510117773,75.94184849964935,9.21253275478339,2.1939838544156522,31.145370655005344,81.06107918285849,21.03573273066506,1029.9464457854942,8,CRITICAL
234.71564521748203,70.36811973694097,5.012145335757933,1.0961506794703477,49.82238342941666,46.62960903684394,21.21406454502086,1951.3695516170965,2,CRITICAL
170.10487829600035,72.56335683320175,12.268562652486592,1.2883992678865002,23.990706294081157,53.97307893650802,8.923774649639258,1695.4252845357476,9,CRITICAL
221.53476277539795,79.32262206619092,0.575457920335517,2.412054235951702,63.63474361576339,69.7207475885131,44.019619933242225,2289.2917828360405,8,CRITICAL
263.55466839040434,16.665231200681436,13.061957585071697,2.2237126136614345,32.54899818441882,49.94777943041181,10.540271113006368,2601.210206502256,0,CRITICAL
121.2420964953099,28.435146989124938,7.691248496908944,-0.47115390871880125,40.04578579090472,56.459168134697315,18.63542897876738,1817.072816512653,4,HIGH
98.10994846897161,53.537522393989335,5.973753522951192,1.8556583363345371,52.41256449611753,87.09352397282707,17.772012813070287,2451.3956674167416,9,CRITICAL
200.27801566907542,38.70420318885178,7.457509210765285,0.7417445156081421,12.409352713281507,42.5446894692718,7.987177312668385,950.6110161499805,4,CRITICAL
242.35378258237756,33.47116267026668,10.011232958007467,0.17859561225000187,18.274414232875387,35.75411126373535,11.090405204475067,701.1894349403543,0,CRITICAL
228.68554043298474,28.624899946847442,0.1914813977684604,-0.7999247163912546,71.73362986373976,52.98504495931135,6.794333447415433,1303.3897148078638,0,HIGH
239.34409465759035,47.50245055547617,13.073277846873715,0.9489982413818039,48.607298264575654,59.706373690971475,16.69617974242054,2039.655066750734,2,CRITICAL
130.6749944438799,46.04747429120656,6.701092879670893,0.42174672289812554,87.83111997999059,67.98614974955973,39.66627696115626,577.9959078373964,8,CRITICAL
245.35026485250648,12.916626725139206,5.144497795501173,0.006052158705603272,72.52048032797795,56.06965873225049,18.57768822949538,2047.4495326126366,6,CRITICAL
36.06271661118253,37.73918700147512,2.0736834845108563,1.7786869183878302,10.72908474825902,85.29381901559636,9.947673282695169,1194.3990727447606,5,MODERATE
163.34672938825486,44.27774209678799,6.591980615376632,2.077941549262348,65.50410976904215,32.752364136793126,30.82775473535672,2390.8143162000433,8,CRITICAL
1.7275981494364712,45.62295509851124,7.444841569265683,-0.020841923882300772,18.435237945374478,60.223727673899056,44.86403648219642,129.77073496784385,3,LOW
97.37574897008109,16.808575432988142,6.054700417402167,-0.802210253282611,80.28398618114448,56.757914025948324,14.292951581277102,2010.5882607315955,3,MODERATE
109.93846046141937,59.38171138018294,10.179901407403456,2.39501080226094,99.23569194506518,75.33049435648013,16.18284021482278,1956.4705632169037,2,CRITICAL
118.85180748277662,2.0159275856855707,6.31344793138839,-0.9601610351827867,57.807891481736036,97.63933763281771,43.87388217123154,2823.987718853437,4,MODERATE
208.64016200695866,28.386548443453012,14.4212636676986,2.748449975685888,71.45015501747173,65.72627846402035,12.151051502019484,2145.83530962093,4,CRITICAL
116.56743038110372,62.41701188285069,8.989162767353879,1.5104794959308236,31.35827448052764,99.08137928592043,25.448562698366555,2392.979651341378,9,CRITICAL
134.6080867867592,45.111433684432185,12.112169034778635,0.28738654080528114,49.383796937841424,51.15745764392382,14.586085320643797,2715.6812272424418,6,CRITICAL
71.26323926229824,20.892994600868818,1.6403385466421827,-0.014088361693055163,87.04857990127454,32.16076927797227,42.294075916049756,2031.6547165101238,6,LOW
111.97553748880202,55.59624954744382,5.9593693941885855,-0.963977342942099,25.06806529716261,41.59642172334889,44.26084058305176,884.6578321807243,5,MODERATE
68.18088817894544,45.39127553248587,5.052715521707291,-0.058114331956491405,33.89820450523859,57.65874193421971,37.58791384480062,2611.925922758896,3,MODERATE
21.958777130533093,63.69948875651097,8.542235822048877,-0.4490867939314356,50.089030775742714,52.14337364319866,17.59135263251242,2247.7827960384056,6,MODERATE
181.03457801441337,58.80201489518587,12.916702800921383,1.4486648828925826,74.10240026596125,36.79378916883644,21.1394990112202,1284.8240599226626,1,CRITICAL
200.46383956650487,48.80863376289877,1.1750732664301,-0.33381764562479477,43.82955593161064,60.28620753835018,14.692227346656853,2137.376934496887,8,HIGH
185.84710380288436,39.05421402486512,1.088621970670662,1.1145193501464772,93.49590518047034,53.668104016169394,40.63031868035966,2605.7128539998034,6,HIGH
139.0482131401717,10.654570053401873,12.754765622363983,1.3604656893778833,18.501134614184725,38.58334543202069,41.58233110752632,2927.443351545989,1,CRITICAL
113.93573405376894,20.906641430830703,3.1927512905753614,0.19216679338765807,43.37237777903628,50.728199142833624,21.75482648984189,2858.007481797985,9,MODERATE
259.00009487154756,33.52795783336682,10.031298816747206,-0.8597402039251252,73.80587110855797,92.05052387487734,31.261322796120076,989.4769237571417,1,CRITICAL
155.72453554086542,47.943942960511094,8.143171985412078,-0.8509844775432156,30.338808909534322,51.14342058425382,11.622127190987754,1276.6472668801816,5,HIGH
143.7545632889193,41.09662841722439,12.493403923308442,-0.8946106712243296,69.07718208067057,79.97687962694361,22.39743601453636,346.4190828325664,6,HIGH
7.692619741930706,23.05476207676236,1.876333647546053,1.956498668546185,24.779526240461134,72.84329557604289,30.259964266939903,757.681975313777,8,MODERATE
102.3743482878469,0.5171486231768441,1.9467444858391691,0.27203881925719253,15.038225637551774,59.90268136858602,20.416124740720782,2649.6152012911116,3,LOW
114.05868563575712,39.69913775206511,8.352275404174613,2.1852007438706544,20.8914145073784,46.731794576256846,19.3039810274584,1095.3327803124898,7,CRITICAL
119.64683426907014,22.85007908497945,14.195679800375563,0.7269312953713967,93.69863048207212,55.83102895421618,5.039959690677707,1869.2469226127455,9,CRITICAL
174.05171076819968,58.76866405684281,6.224966375561314,0.8119924033198553,59.65757946455962,71.447504942973,37.171738551084566,2004.577542554959,1,CRITICAL
160.08076401806355,1.9157012216386793,4.904131503820424,1.051530410038295,81.67111979316842,54.552725032454845,40.57350448085793,2349.85123992707,5,HIGH
182.3715278380334,46.78622490446327,9.100339847968288,1.8521258255004156,39.93890508145461,45.04275035019623,43.77854118183328,564.7440901319802,3,CRITICAL
229.46497846263847,75.31793900048524,13.956729008175467,0.09401146331882826,63.3392783096902,38.15239242241425,33.77085540276862,928.3431411510178,7,CRITICAL
243.89572161482803,13.95274136891996,12.553917492669356,-0.5136506018658924,54.54569203344924,91.58368565366956,26.95169249479538,1356.042297545378,8,CRITICAL
215.4369228679483,37.73195926004763,14.932254160998298,1.224229340765846,95.11641634620646,60.821908302633396,15.771380792348374,1107.2263624900552,1,CRITICAL
286.6571087864804,7.313759345371054,0.33852874803565636,0.3079104929709571,77.28171724486992,73.7645825220051,44.971979038539935,2949.0575939218757,6,CRITICAL
5.469774802908489,50.05455298090821,1.6928721706914334,0.7699652546721496,75.74883683469211,64.32872527957636,28.59011418128422,2508.123593576863,6,LOW
58.73339570506383,44.042534447698046,9.14201645049933,1.5877868333492215,14.171794249085158,91.07965628505744,32.24616289321785,1449.4665287690484,7,HIGH
2.268862493442636,32.589241937026586,12.308646590007745,0.9765029645650825,59.470270210332195,68.28543967137476,32.29624647821271,2640.2205057376746,4,HIGH
194.2424142463809,41.7101617178993,4.278665134601498,1.4811152684033715,52.029230851163334,63.65469925643794,38.81007183028726,1056.0057837982245,2,CRITICAL
269.4091646849961,71.72597267752082,3.5881663205132814,1.1768000084545114,93.50580399455751,94.72206932951988,5.386901553876768,2361.7684051929887,0,CRITICAL
73.04468897288979,15.703544184885363,11.804636990718013,1.9591854877443966,33.1607789370579,80.37827172317482,13.809877617254873,686.5532823572319,3,CRITICAL
278.110363438892,1.8051609364277788,0.8457278077984737,1.82374647084648,34.28501079619849,37.808493514280016,31.621360006800558,2321.5196947745703,2,CRITICAL
18.080217086868256,68.93319077592808,5.540739713738777,1.1367595672344768,47.02116239933503,42.439312283776985,40.80582947298271,1380.2311415232705,1,MODERATE
280.3308080416543,46.16936659103252,7.587138338884946,1.7156120834388275,31.903274206573844,85.09860040576093,32.41355127685425,340.3479765568822,5,CRITICAL
105.48680617189032,71.2526764369474,8.405230115254852,2.494238409090451,21.626552602787456,88.5095924825968,21.539651659747207,834.3221145756352,6,CRITICAL
30.426248534764955,47.75561787305381,10.929227351891653,0.7290851511526744,87.16733619857207,68.16335803632074,19.462219834810462,1218.7783795902226,9,HIGH
145.7615277558977,64.8128871967762,5.322685851459873,0.6510522909951746,60.24488719635242,68.81186595066475,34.51792033133282,2252.892876760023,6,CRITICAL
77.03297031615239,34.373869068411835,9.190265170119108,2.0569824834095205,87.52264470609101,74.23530739960111,34.649507885487736,237.48848989823355,7,CRITICAL
85.46187058857684,59.9887945030615,8.780631341864344,1.3302153481679762,84.80212888633262,60.738104199784765,29.282319700227614,1985.4500453760659,1,HIGH
92.18698947788597,73.04331735118848,8.214241509806207,-0.7159728791096458,35.3838119310704,77.61393864387328,16.65868096389348,2153.720649979874,9,HIGH
240.90776934979903,45.7698370977765,9.607249397133183,2.5684480627643254,59.296369989184655,37.5936880296491,42.006192735621745,1968.6856823787393,5,CRITICAL
161.74838300257633,14.462812044990363,3.8917375660211446,-0.8768675910494395,17.48959324660634,97.28954696571705,27.075197684745564,2286.7955217393155,5,HIGH
93.39230974680109,21.50380920241585,1.2697313037694347,1.9935854248389724,92.37266956276825,82.51083766564452,36.619694249933225,550.9424757480581,9,HIGH
183.1001349932755,15.891566151792462,1.7890750805961515,2.0351765708172516,46.38364435586378,74.18219428063048,13.572330486473266,1769.5679980878513,0,HIGH
214.84520226695807,19.748562207658633,3.368735739808516,2.812444341127722,45.430856550011924,52.14254399066365,18.761631544589115,2824.611942667562,1,HIGH
81.78720022006013,24.513235948082908,7.502969032841778,-0.783462366390717,37.24798335561579,41.266884121971046,39.9831806554937,1840.1371240175224,8,MODERATE
124.06473045760545,44.41070294025508,12.606641258190303,1.3874274431379638,51.45973702396334,58.65400746802612,7.004281197598736,1841.7823139198001,7,CRITICAL
36.56582800108426,47.03933035710662,10.519400131325762,0.7113622825082118,32.65834478909032,76.31037184018409,25.492612450266485,2214.5901334975415,3,MODERATE
54.344804860404096,34.11997977934889,11.835609063030708,0.3225318194381681,43.73670455171241,74.35968203961777,24.26821919376036,1012.9486117350599,5,HIGH
204.33535618949483,49.23366238566683,5.264634358891371,-0.6387257588037079,81.99523437263937,56.78488085459001,35.04920755632328,2107.418185938191,1,CRITICAL
54.43150430868808,6.525994048909274,6.069806124728252,1.2506164786852367,85.08299532266547,72.93004756831908,16.275750823973297,2750.376823273381,4,MODERATE
157.54901510011805,7.023058964652797,5.905228289859192,0.9161629026984546,37.37642298656645,86.96238068972832,13.762672874383979,52.46850961552212,1,HIGH
212.7138785167298,13.746356828612676,2.8780977660675227,-0.5817821673959029,52.21129874975091,31.839934063632494,42.04531355092935,2612.9368625044185,4,HIGH
32.06307692842315,41.44619984322758,0.9182498721535803,1.4499580283883335,88.6437798652047,61.543473355119296,27.86838607833859,671.4826271514002,6,MODERATE
170.19366588867106,17.119574295865085,8.863741392408402,1.9518124810117539,14.740599864672742,83.09886599267537,9.187582731346179,1378.6513556271182,6,CRITICAL
76.96883511040913,22.662752279406185,14.838250251308791,2.069113204214593,90.02304657962068,68.23011293243641,12.721446488572843,2559.996446838861,8,CRITICAL
288.8780625712739,32.025026893839524,2.5024455742539424,2.6214927530497096,29.72659110870985,75.60332615503489,44.95304238056993,2475.2581398207544,2,CRITICAL
145.0636940159774,64.94928992083038,0.7002722984891063,0.6378829675551088,71.06853197929382,66.16734748237394,12.824359850087696,2677.9438848156465,3,HIGH
241.79776493254744,1.1089708730288095,11.692975227358994,2.812291074488548,62.42965267461402,99.43121812776177,29.419020454147148,2822.442042044928,8,CRITICAL
165.06796264687853,51.95030561892979,3.788790100270863,2.4617176203307443,59.76466733703269,33.82350755423268,21.805123159824724,1352.5277311798407,7,CRITICAL
13.02375985644575,53.510122483254825,12.444657080293926,0.18600628409575615,87.34242022775392,64.37313752406641,40.423963793993416,1975.9641561870005,6,MODERATE
189.9454126782067,63.89246242853092,10.559050005517731,-0.3628678506021661,19.141492928019517,36.39915843801624,35.20674369181311,1183.6257527677978,7,CRITICAL
285.4210026619971,74.62023512482506,14.185103055762069,0.7415575845120537,41.23252227930725,41.18498934794993,28.878055850472634,1065.1358181266542,8,CRITICAL
180.48354604389937,1.6110279159431862,6.13390853635008,0.6075948318238664,58.442747171028905,56.81268452927833,5.4295592719193,1306.154323581055,3,HIGH
245.75665782803705,12.302696441057295,9.929547591759512,1.3028772213248172,83.01599685514358,40.88780640503411,40.19180829973838,2234.3668816523746,4,CRITICAL
265.26193900452233,70.89370352447945,6.97282171219906,1.333544929310992,29.479877507050436,97.45810161696558,22.786698833548652,1514.2934264818275,8,CRITICAL
68.42393158467974,36.68148497496123,9.458830459628153,1.999947937519901,82.26368572368486,96.27528437076114,42.26310612074306,2445.897829856059,6,CRITICAL
63.61345197246799,45.16725111467708,6.74398359011606,1.0395597928224407,45.967463424454216,53.52767523544227,24.82156051416805,2240.7510620445446,3,HIGH
183.29429665529753,53.04217629785179,2.8294836963611223,-0.5807094362369378,27.002247079032585,74.78233984263757,32.76897956730902,81.02581415071,5,CRITICAL
123.30854094201142,54.32532835965099,7.6184612400507135,2.4331653422124244,78.30877963991344,67.36273244156503,7.771705978665686,1898.1097081763617,0,CRITICAL
251.9583908600161,74.53923226532066,7.928763021561635,0.23905833274074828,18.1809011327093,87.0910886361038,34.80606614107143,1320.9819474596013,0,CRITICAL
270.0069370194033,79.75595339293358,12.159057723902416,2.885189841226368,56.329063666789864,73.92119268718595,18.519841252476915,1380.754387670402,8,CRITICAL
106.02641379081544,57.612596874475216,11.032810586903718,-0.5285595652809194,15.748820547569958,30.017671814339348,19.054360573271232,2458.751700532286,7,CRITICAL
71.06116769234461,22.977696736412064,9.956874359121661,2.833004688930013,42.07760696420088,83.42220699268171,9.746233788375598,1651.8717985323367,0,CRITICAL
234.15765457315854,70.38019218354749,1.7008064332885882,-0.6359527724699321,64.09691191057533,82.27936849072827,10.87428594560809,2659.1530339076626,1,CRITICAL
82.44181066444082,3.9376731632609285,10.809244359955725,-0.07585544821176216,60.05039873384918,65.68058938965368,12.430362248248406,2144.1606653272374,3,MODERATE
246.78429555410352,18.486468229959698,7.504577345317721,-0.8136802316538336,46.418987611419986,93.20432812631377,18.128246742856895,1667.4632261168774,0,CRITICAL
127.12147609462885,71.79085739709718,13.411493041592388,1.8204525865559797,48.61431945749041,93.59123439832811,40.67879651102422,2268.523168930289,1,CRITICAL
200.26496978744115,20.495321155148396,13.798064011958141,2.401194946287167,30.40925980156899,66.67381736930781,19.730409529203218,134.28017175771376,4,CRITICAL
28.660594150400453,17.65208476973988,0.8273488590267819,0.7362843272639217,51.02943295816926,72.55917618375764,33.97450826252874,100.70929138805906,7,MODERATE
187.1577974029719,11.05002345121978,12.309623405317181,2.7140883001697187,95.79293701487508,99.75654503472707,8.309900155594857,268.38099422413916,5,CRITICAL
135.53030362116874,68.72894061175332,0.5654608563400593,1.3611962870223984,86.54076260054113,50.91741643679923,28.643951970879705,1323.9446689384852,5,HIGH
175.98253895264224,40.00466073528693,5.50754438542534,1.5200285417860928,23.07095821687094,52.72320696180341,24.27564925081758,721.6414339682905,3,HIGH
50.40426232345902,53.99145624433238,8.134499634316187,2.3816768068030796,12.680270858882885,42.794173186444745,44.11831787818018,2953.098657359038,1,MODERATE
221.06212348325462,19.125310726002375,2.2215119794069116,0.18720082020735562,94.01718814449676,92.71068574105075,38.84831079515852,1636.0246142538733,2,HIGH
258.83912326296854,60.64323368089732,11.194707188536151,0.4170628853105032,57.407477489267286,82.11418729644863,23.19319089754599,1993.9989233218523,5,CRITICAL
65.02194002723269,60.80044359696788,0.12532056258207858,2.6238076767785774,58.405404083437695,37.39499942091693,36.00571056181355,850.884006015156,5,HIGH
28.71436665604852,25.007841992664012,2.5289857265105526,2.603853984155055,80.26461961358702,98.7237145838576,12.7215496517511,978.9547875910741,4,MODERATE
7.091575813900919,32.85461064082263,8.711952447802135,2.9059311048034835,38.32200764841939,81.16731957127811,27.49345309567112,1019.6765041406445,5,HIGH
192.59145013297982,16.775222194416067,10.715813430559386,2.6073532657666845,53.37168119524019,89.53654767234822,7.984762222748327,2102.2324013478956,5,CRITICAL
182.12821082663422,78.12488186583235,13.749646540408742,-0.49051185586655643,97.17966218320639,33.37055524212406,18.923561290067322,1431.6444989141394,0,CRITICAL
164.009223814221,51.64820616467293,10.582449779019358,2.2948971445479494,70.49338182391665,65.34726432595173,14.034487264886813,1562.6972845396217,5,CRITICAL
69.58412883479262,74.76351045724124,10.076689053822989,0.6393539124383762,23.837052879620735,78.90188007089276,33.75639261300844,1784.168886834849,4,HIGH
117.2717987716544,24.270843490330655,5.915117195259965,2.9632054237837515,21.9904073185918,68.0062609200289,24.60362764857446,2311.0587355898865,7,CRITICAL
178.3429005558519,62.55127303975118,0.019266382902021206,0.8891238573152043,28.383828249970485,76.66532259894942,35.04281915392042,289.3018505671849,8,CRITICAL
149.0300576577508,61.26869151077936,1.8023888810343291,1.2153443300088824,79.00405069786457,87.25118445133307,25.611817505257825,2335.0842584120883,5,CRITICAL
296.3356560644662,55.33245214932332,8.018318171340587,1.1190996610271942,36.583930345655446,56.203594407213735,8.45937768606554,1698.4405052480358,9,CRITICAL
40.93192576701994,77.25111802134404,10.126948287666295,0.28694811943311116,11.924996200757182,89.40680729330968,34.41470598930107,2013.9044256686664,3,MODERATE
208.54336621427814,31.484426888505244,6.261724258446938,-0.6999116444283273,94.97569271550957,41.40412733357035,38.32917055951222,996.1042592254707,2,CRITICAL
121.29563043128763,10.457385887180584,10.960185172925852,2.582604921607674,25.27420747554196,48.96202385184623,41.1412490365117,1239.9727737130186,9,CRITICAL
128.45988447768443,53.73670873952486,7.827934429982681,2.2107032501051473,10.860236753326172,33.034193394912805,27.879677812268326,708.8741425686824,0,HIGH
215.27932969745288,58.34478403817649,1.112642933914683,-0.4418928777613229,31.34184421449907,55.50987679346758,35.1434143599798,2938.3139923038675,6,CRITICAL
207.7308453973109,46.004845876705176,2.8802437645192325,2.1070730854002915,31.152590840632033,56.593668137688425,35.081773475305084,1501.0688580807437,4,CRITICAL
297.37679811065647,16.5454314506717,12.599973348659145,1.50338666420244,47.980472576115076,86.36894180450756,11.229990391957774,2988.3092090738614,3,CRITICAL
38.51828683623757,40.35647533354843,10.873691199366592,0.6365751516704892,92.83508483500331,75.71914692027592,11.56882749838283,1479.5622146225737,8,CRITICAL
31.2328948152499,24.97517892553035,13.421429805187424,0.016084596382250904,89.12664260011881,60.57057907089666,7.835420232365045,674.8587678645207,6,HIGH
217.30164513862235,34.19732225333512,1.7633587368140486,2.43891513400893,51.120509948418515,75.64797850366237,17.796545405612058,1532.208142275833,9,CRITICAL
173.51607510192272,51.61748606757311,14.85333801922611,1.8007530371762122,46.98099144926259,33.694834536098384,23.94034350964258,137.99480396125185,7,CRITICAL
82.24819996794176,59.61717941526676,3.141100709249004,1.1909596378765475,59.950817782736614,42.61900752128633,44.91591411016868,2716.214008237415,3,HIGH
23.82581069669598,18.57797527210745,0.17669814429963016,1.4382741355938564,31.910861077458918,73.88634986692284,22.23973368272678,2459.2797485594347,9,MODERATE
25.69747487892916,32.42602885175627,14.961344085803313,-0.6357352716712761,14.696649276972655,74.89567734577116,34.049703540294836,2182.9451516689683,9,HIGH
268.25726239923546,21.532925679330333,4.216108281676697,0.8956790436447677,94.5301722554086,84.1894261095199,32.735881050901384,1837.283612018531,7,CRITICAL
57.56019741562287,15.89052910894953,10.020291787688398,-0.225198828857192,26.802908638945546,58.209983133752154,13.179278010023182,1747.906016337682,3,MODERATE
97.01146863465623,62.67097759966707,2.650234712644578,-0.1664652839646985,27.856065632114476,80.57878676313094,7.3402860579774565,2990.2500779567995,0,MODERATE
67.99692066809641,72.74021555495939,8.703427982987126,1.6452158491474669,52.521429596855285,77.87862327921326,26.8402700613435,848.4323533794151,7,CRITICAL
106.49889174958119,29.618574854766138,13.560524796818388,2.6450246073371524,54.24520103562976,97.43753648588944,33.01222369257904,2343.4594087894225,0,CRITICAL
20.82715282382801,60.10231394990135,4.802717511426579,0.6150264419133862,11.659078873066775,45.05911584972754,44.93007160745024,1752.5862152366992,2,MODERATE
155.71793727248112,71.75962314915289,10.053809640665389,-0.1690029079512385,23.315926489657365,68.61756946268477,19.34444209124683,2928.124020401478,6,CRITICAL
20.28376907766447,67.68993684241852,2.8185538319762475,1.5949877489466169,44.03393367046676,72.12351094773285,40.85458248324387,2486.853486228792,2,LOW
240.10695234670848,14.625071083138073,9.37193098078088,2.484748185401271,71.53576241594851,99.90535194539545,20.277298234767457,2995.604836708986,7,CRITICAL
70.11362457312991,76.50335052106891,5.046755277262652,1.9932752044899633,30.557661114874225,44.08288995166562,32.57646833722051,1773.2084834980901,4,HIGH
162.0035743813532,30.134115234356997,3.168123878819275,2.4750289221463486,48.071300161758636,66.62526139771046,28.930117220682078,629.5409934839064,2,CRITICAL
264.0237262684375,27.139252893906907,4.697730760554527,1.1462186840431974,60.16105582448201,54.23297153995472,7.119151732103877,1520.9873663703067,4,CRITICAL
195.26321071415825,4.994506182222427,2.6826160276169904,2.0075049774767635,89.97332451609628,66.81250780052999,8.13553707881034,2139.111179470712,4,CRITICAL
159.88733596540058,38.89389232839064,13.528741617568242,-0.4397417625642541,39.3463452094411,46.24900214721741,5.830563588978439,2327.5939508211327,7,CRITICAL
97.30012593461268,8.721089251274297,5.957803294756933,0.39309846145276595,22.020243927713516,33.33286648992417,19.83336338375958,21.519767267511835,8,MODERATE
99.90057391745938,19.88318567419408,3.67918957461551,0.5581966579260897,54.03450033078474,70.07958177283822,34.83204195064043,1524.9807237368364,5,HIGH
200.84608655945704,25.35540974138251,6.726117615238993,1.0451829849841383,77.20494415156558,53.50980211025825,11.910215759628908,720.9990483125267,9,CRITICAL
298.24180836635026,64.70610587933473,4.808042502097433,2.716305441027295,19.887378134746008,42.73589812239035,29.234118735355832,2627.2372630992695,2,CRITICAL
198.55175695481358,70.03909203167171,11.166288807199889,2.497186240888697,48.221514252726436,52.67548962546236,16.553111201243116,475.65822326968106,1,CRITICAL
167.33502521100746,24.197305396917574,14.568298678282416,-0.46189803084326186,11.600662713623509,33.44961410134214,36.879704959162886,2006.0396237330035,2,HIGH
219.19515307177383,68.69584969956591,6.570504850464703,-0.3088413924701472,13.020326348252603,96.53095638630724,36.935845960119636,812.865327168276,8,CRITICAL
139.56168368511544,68.57847498958328,12.915500999583605,0.43056219835564535,53.4658026894999,70.68035404812824,36.016580598656944,1082.4955867785313,6,CRITICAL
18.042702780235565,61.17207603078988,8.487946103394293,0.16297546356269565,36.837756833583654,87.03380769429174,25.99334055205507,2822.8665970553975,8,HIGH
168.68904476337295,11.735609121214523,2.358534976413502,1.4590838126250492,86.05965691048709,59.61827382834113,16.382668403194067,736.5354137160768,5,HIGH
287.28758535161404,55.22582775205832,10.359341131220123,2.6111041910581796,64.19388755138088,93.23202672963299,37.377761755145386,303.10823023233337,7,CRITICAL
52.590882707297894,75.6019251664455,7.701517456887302,2.849166166690347,50.85396655686913,63.83227550865774,12.44402247756966,226.46900630379298,9,CRITICAL
207.00146724619972,54.60323830137256,9.759097848781552,1.614411810140906,46.71418339488667,70.17617255404686,16.59038408114624,1523.7530280963972,8,CRITICAL
60.280106597716944,26.529347928626716,13.345311188574975,2.3526368056043467,54.7520932170607,64.42557860438598,12.357908246424865,1932.300217207178,2,CRITICAL
160.74830534192438,40.0463453944665,6.6065185598406915,1.1008088009231884,13.63949480913952,81.32948071073561,31.968406415505907,995.3350578412438,6,HIGH
29.002934894015887,51.65800346808429,13.517664348260334,-0.16669221255984112,90.35140207785939,69.66592543214438,32.44944112463273,2076.9740305433806,8,HIGH
135.11128087745556,40.84563269828028,11.260035214224823,1.0987536483739095,99.84728401605625,49.01192465062784,31.10039971147012,201.88048134824865,1,CRITICAL
226.8489986685738,9.596235338477586,7.329073888169772,1.2203304057506044,26.33384123728288,40.18776719258524,21.624058674586713,2574.857241870173,6,CRITICAL
104.27145727169463,24.96512357216165,9.048332034869455,1.9698302568542263,20.834466829715776,72.42870722180844,9.00684028805733,2453.370285022929,4,HIGH
199.4735173461654,64.1916824442906,4.883716987785172,-0.12046804117060361,22.92197171037357,64.24259730829255,41.44678338060085,2956.7788887484153,7,HIGH
238.63498823691876,68.91344368764139,14.753959496081613,0.4732415283469269,69.49243524109303,36.718298768727905,25.309238560489526,2810.784843087499,3,CRITICAL
278.1533458438358,10.984002617245618,10.01026744575594,0.4561098768582652,69.52967546056973,57.69322260552879,21.27888779644366,1081.4675484784057,0,CRITICAL
70.39262455663606,76.19094019189797,0.6577027874494484,2.8377583829646595,86.31317460505699,66.03434954003176,28.55299572993173,1209.8406443664198,9,CRITICAL
119.79477474279244,26.305809427888747,4.899328586220132,0.7757798413068757,77.6643749583628,87.8825263677913,12.711617432764232,2242.9752454852132,7,HIGH
45.72480399912523,52.985099098457596,9.349716506385862,2.020375869192586,50.472070603240574,35.327073908335365,10.301951164194975,419.56666042584993,5,HIGH
297.7450506475126,60.14601167653449,0.844999166988597,2.003245525497756,65.15698254087869,54.394674377220205,21.22100885831774,955.7638365296078,7,CRITICAL
278.1002903772886,64.95569877103067,0.3582628697871415,0.062176739212965515,71.9456203331207,87.58592858972698,14.08882776399642,373.2519921874318,2,CRITICAL
161.98713908416786,75.65997617807442,6.750363592917038,1.2874787574869284,56.14628232567026,75.38967522401052,14.771611781486582,1375.5616182370375,7,CRITICAL
252.6099883129264,25.03356384230581,4.99035269539005,2.5772115732745924,52.8085886006473,50.29708252626507,40.700459511141176,1664.9727540582467,7,CRITICAL
156.28739318161266,68.68051636412436,6.574479120497489,0.9007908778277978,68.0587701078388,89.17345854158496,26.230367087432995,649.2582004890021,0,CRITICAL
187.07570640082793,10.534952274896563,3.9403996482000774,2.7804700293701843,60.17270940780884,64.53055063938847,24.338762572934044,99.36242700403291,3,CRITICAL
26.737329634804986,56.403272508287415,2.470766204144714,-0.14216708270335365,67.95480748023193,64.88463239173224,32.579183749143894,2163.6803786165588,6,MODERATE
226.58112614904238,59.35821836111887,10.337150354705065,-0.7033635769038771,65.15692965670274,98.36111374402691,43.06192454706959,79.61538998998216,0,CRITICAL
38.314045090570445,54.21785929610564,7.718566744017007,2.5658154925789973,74.72769044622892,96.29815522654648,9.487942578822564,2920.739774606501,2,HIGH
247.82028907575852,20.18517889081224,3.0023131687405025,2.3907247918488665,67.85231579045885,55.09728783588908,38.34138268437029,680.3896250923384,2,CRITICAL
234.60842630111577,69.84345176121627,4.793841393899974,2.970359503735379,56.776823779354054,39.84053900641576,28.360767194713837,1998.4222745065474,5,CRITICAL
212.62340932289294,13.5086770696316,8.87711861494989,1.7175739524497042,71.36171301559479,52.796671259466585,10.84661415247349,1315.5601441951676,4,CRITICAL
10.848114157428634,4.290783321666467,1.0834402240871677,2.746751706668598,50.45337686668852,32.13382822179716,16.885972747559666,197.82810380457946,6,LOW
90.93850678359858,57.39719924895297,2.2117951389926933,2.3077961003364433,31.750410337534095,31.453752069727383,24.29445665858958,1427.107147770713,2,MODERATE
78.93377097325286,38.0380572186187,1.0986840616108517,2.3777053324803474,10.127639812052392,57.68654953759935,32.64708578309692,1559.9466902044628,0,MODERATE
108.04092224145573,67.92784159669408,12.184759990711783,1.276566281817073,60.396773243125885,95.87138758880639,14.704280678138089,2566.955960116748,2,CRITICAL
26.29282402915156,30.671771284660714,11.286138498180138,0.5294583916668434,63.15897039477769,90.99501388625454,26.395152618703595,2202.400227550736,7,HIGH
281.08734690931885,13.462287080617026,11.299693978188856,2.7382322901731273,97.48440682981429,65.80099837423361,32.386865096634466,256.3213747650914,4,CRITICAL
166.1406722137129,66.91537539758957,10.744880152140421,0.7284687024635779,42.5330500684848,69.56584668195815,22.94963003390025,643.3047966281499,2,CRITICAL
91.65729319740706,43.91277053120574,10.040781355048038,1.1552774689986762,45.47199185454806,30.415344772223953,39.52103844480703,949.4252989605442,7,HIGH
119.09445512228503,15.135663391228391,7.154878730672625,0.784457228500751,28.16196232079712,45.08508090836359,39.77836411361618,366.894905665162,5,HIGH
134.16076215145068,57.63071988691566,9.634172452606725,1.2592732558407884,16.348086571358973,31.734188885406862,23.82764870561783,1381.5592313251818,2,HIGH
180.17830000818518,40.88909107916004,0.5754233218196197,0.8820203159693087,79.55240435755665,82.81776728867712,43.91702841635598,2953.241388770356,4,HIGH
154.70382830894934,48.34503857922559,9.32196633985177,-0.8081297656820965,32.47129579053925,40.19520572185484,8.023403696217892,1553.5461178885296,0,HIGH
275.81759196432523,36.871867056526554,11.668165583053158,2.5281927440307945,64.80143749270341,90.83329717337719,5.134495132917465,2230.8088616030445,5,CRITICAL
149.08904487174908,66.29671870544051,7.505375405765853,0.7775752756630792,71.89957319909334,75.03270195730518,20.226730552156763,2055.154637144052,8,CRITICAL
297.6474044469938,66.36501725464399,5.362699926408554,1.3557745940293948,52.41130185624829,46.059307356099936,29.04388245490037,2552.736076574571,6,CRITICAL
255.42748732352874,56.751105745950895,4.161401022014687,-0.44324878896805187,88.87169017244725,41.04042219582748,30.168006297986434,662.8560015875162,7,CRITICAL
62.55315430720074,8.432110191716982,9.642030752431237,-0.9864486080694435,49.94153568817559,73.93372906461371,24.057829451753143,2266.4022598452243,5,MODERATE
279.1785643931749,67.1083089523255,10.392017979448632,-0.018839625425428164,35.64177607375886,93.05858861976265,9.995332529625847,2646.438616111134,4,CRITICAL
34.90991936564283,53.68103844263278,13.064513997938139,1.818344128533401,90.641397066546,80.28521532400671,11.81990087151577,531.0992724811234,5,CRITICAL
245.23491254735748,55.76193328034396,5.135011236914861,-0.6032218795484856,87.54078558249608,54.39826561223643,39.08591935408037,1053.470614968251,6,CRITICAL
114.18698804297402,29.03862723230973,11.546584610783784,2.6355497615458714,24.763595236877173,71.11685166880531,39.71644526957045,2910.9032577080534,8,CRITICAL
263.39229613352086,70.34236449256053,8.420337362840069,-0.13990972257526169,12.336491651852885,51.7533186760695,31.955941514428808,2346.7477810197815,7,CRITICAL
260.4170070322351,58.029728018788596,13.242547360171187,-0.18162554283289678,18.098700071465863,99.94046967450612,31.568718891155292,862.1206809618465,4,CRITICAL
241.77762003528633,9.007237322335557,7.917181624434312,-0.27396815351401793,35.78926586984353,82.41874319232957,28.907285121112302,1700.546473540571,6,CRITICAL
237.0091308921184,32.622242752493015,7.764447425969508,-0.944073148114541,97.50338215675396,73.00671478297275,13.117035428079529,1224.8918460914467,7,CRITICAL
91.40374172941223,70.91042895681133,8.668156221613636,2.0872218739129385,60.26645378447425,59.628139993608045,22.130028010396128,1480.096225454847,0,HIGH
24.275784915375652,3.7757361357903196,11.239730327136517,2.500138124981034,43.59355588263419,73.270660318169,32.83578605853515,1078.3952503443113,7,HIGH
120.89405362954844,76.91332957136396,14.470357182426914,1.4566508104647955,89.98444851514718,53.91312437271343,26.490090880133547,852.406435220415,6,CRITICAL
52.0573544959526,54.33300546556502,1.1034503132364848,-0.24720007328055082,50.782269833064966,32.02053876206215,5.743213362203967,2030.7938633464278,1,LOW
208.48532667073852,50.51007821147013,0.8015190358652574,0.14111198776351896,38.371476556091906,57.6561965649643,43.142272268803936,2340.05460895663,1,MODERATE
103.82991796133567,21.64474051903931,14.063255061110077,0.9037067894598532,94.70975758710917,95.13365737059068,38.792642102885736,2624.3922257870877,5,CRITICAL
292.6830602579745,19.903343099134165,7.948134382773092,2.8173838064932033,86.45658995734102,73.8410766341706,15.421800564389514,482.8833026082004,2,CRITICAL
192.2916232035996,75.36465755908763,9.223545218504041,-0.010594512729028782,85.93015378774969,35.87689921496311,29.658357406651845,2472.109460462817,0,CRITICAL
246.74416909030828,23.861796338729818,7.236354023920933,1.9265836156795522,56.10562687451918,91.94955293765182,41.92957534912751,779.3064569416493,7,CRITICAL
39.75740182255453,62.04042373751995,1.4048617891121173,0.7577928931716813,81.04945589339094,48.82123945390604,8.840440484546054,1293.462441931951,6,MODERATE
258.60434468178676,31.449743856566332,11.521340676279998,0.1913893934400872,26.141802333809668,47.063864515790925,25.121179231868027,2706.302183830755,3,CRITICAL
276.8271571540183,11.140325662776318,11.208369676328804,0.823663748088455,61.590066180061925,50.79636781462246,23.24972103385178,1374.420730928154,0,CRITICAL
146.11857564568078,0.857223815628716,4.675549822392179,-0.7151731298350699,98.54613305627912,70.40415652881703,21.408200211341292,607.2493314520623,1,MODERATE
181.87588132529322,43.540586961220065,4.593588678426006,2.19474948372145,36.186258746616545,68.12816654037837,38.423544355717,496.408592606611,8,CRITICAL
229.44294027089865,78.06230548391461,12.567620713582778,-0.026792288068131498,81.49170963229076,64.39896282360172,20.225845867898293,1429.4916246233588,3,CRITICAL
52.451588178123764,29.530895504736357,1.0853588661198992,1.9016484927718817,54.14305664872605,80.22758044588389,7.546533329640304,2292.7638234501314,2,MODERATE
150.76982293903274,28.575386719443586,13.216577225348487,-0.7266065142072211,13.582511489987859,52.157641193447134,7.6335096865721,2991.6713290434177,7,CRITICAL
119.59890833169393,27.527329427955365,3.8499253484387164,2.8203942246627443,78.67174580341006,84.74451651007018,6.709784260984359,2366.4777127240877,3,CRITICAL
43.912197648674734,41.64350698438867,8.894771216332408,-0.22794005837720555,25.17122299529015,42.27251748650194,21.36581687496149,2633.4956376497034,6,MODERATE
110.26032668745943,35.253190673943486,14.039912685026666,2.530968304828322,66.8326210419475,84.78345523539065,33.7362511079344,2248.5404355859664,4,CRITICAL
20.45169281564807,70.39317013816115,10.171837523049696,2.237892838461738,17.70977746422756,76.4667073675198,13.14889847722062,2688.396600253196,4,CRITICAL
7.743572084846095,40.44166333787922,6.216447187005548,2.871439696325664,95.21806577463684,77.82458166833106,30.858740817261978,247.3547590754615,5,HIGH
40.54988674644683,40.62062705508551,10.343013133581227,0.9115626437829984,36.255149846232484,63.708737798908196,32.48353888414817,2791.1961649653035,3,MODERATE
288.93453347675216,11.069727577644528,5.159694544745553,1.9095891753838061,30.38182225096554,76.69010728766054,15.208084960623918,1201.2903381024553,1,CRITICAL
164.85886076850508,78.61916327283087,4.158876245237792,0.4828426281511362,21.622276365970087,35.58579325916202,29.02230624242517,2766.410385375725,5,CRITICAL
289.746648345966,19.997831269506374,14.950249169020196,-0.2625270479212247,95.1401974005143,89.60857819345571,32.394733601073895,245.6838556292372,4,CRITICAL
129.7493634990396,5.869125396768213,11.261853467696815,0.7723037317337953,74.07133681971746,33.88830634413522,23.664544912085027,2151.424012220985,2,CRITICAL
93.54483992557788,53.0516999180167,9.670799660727264,-0.3370039384461805,76.74947998462798,40.411905691004826,18.468663891203803,2212.3524710372094,3,HIGH
151.84255885207324,47.62930961254981,5.329344648289782,2.9281784911455357,54.94641052422201,70.37527959480654,29.76606206297309,2990.7944501073625,2,CRITICAL
131.85350658987304,33.211652319419656,0.7374124373257224,-0.6150140354371345,52.72550067434351,81.75880188196841,44.11388349312227,2311.188706655645,2,MODERATE
31.699405278523173,33.77537871045425,0.4658531405273342,1.3568468938104816,19.901911869232897,35.33760950423774,22.073656374759125,1160.069643330508,3,MODERATE
192.24789440706186,62.805113683714495,8.312718831731981,1.5058554210162236,60.38569860255926,94.45353698856239,20.66940385140484,1680.6006838232652,1,CRITICAL
64.81145475287988,15.657011207971925,11.430490815585767,1.152318171496217,32.22248455979114,98.1525354160489,23.570676097044533,1112.3217957364388,3,HIGH
185.8763864693489,65.62026551559117,8.060687856657825,1.6487435428473343,97.94307995203653,72.41651211053977,8.048735737801929,604.1355630084772,9,CRITICAL
195.060327719446,51.89976911160145,12.611776079086718,-0.5352768999524362,81.69228460136326,63.68704187637856,27.1265311868556,760.5369359567751,1,CRITICAL
45.607455938594434,33.517581902361954,0.5013979963983245,1.2200740968211643,47.16928541735988,81.89764805958248,18.147895488690544,681.5913921374764,9,HIGH
18.404888133200448,36.64228932670949,5.501281146389101,0.14885028450944615,23.620713282237972,52.985014662904376,9.856884893250498,1655.4696838863745,7,LOW
234.22847582053194,20.531776574887665,3.556055867612671,2.7607042532042265,80.67985220249057,64.52851038735744,23.650269644694934,2720.3586909050423,9,CRITICAL
137.94012713079604,60.16914661575798,6.70909452235683,2.048286613758903,20.984839037318437,94.1305718770081,5.135359462959097,2739.9253457434247,4,CRITICAL
17.449138651642738,41.029979384421424,1.0856458979118373,2.8900579286389707,27.040037814736344,96.89587976690736,21.071409806510356,183.19605702696,6,MODERATE
298.45989515093015,25.668363419987486,14.311974623566089,-0.8497757210392418,29.036846596980467,94.89483812358296,9.22941071705802,258.1002148366427,3,CRITICAL
17.33416829890999,47.68400926087602,3.348831016040414,0.14053270072283475,60.120157444578496,48.37136468746881,5.971708135991212,750.4547903735836,9,MODERATE
208.51056865756595,79.65875616410584,13.834616632253772,-0.21830965344660402,80.83509885913297,46.27283281517344,37.97900184978008,780.0771683590352,5,CRITICAL
295.10367757902407,34.820982372524306,6.388397325550227,-0.955381650752678,38.288339085222304,50.836515415052,41.64995213130539,302.7697422129683,9,CRITICAL
71.75403126477768,73.65531206228957,14.78286199882827,-0.0306970790147143,17.620283284776047,60.89177786719222,13.306985934364267,1177.6207566968526,3,CRITICAL
42.67481060615885,27.60134719396529,8.310875751903161,1.7151039340817156,51.80846171719773,51.99171889543745,26.57193055337045,1771.4216702200358,5,MODERATE
36.415481826728666,4.378616553998871,13.962492962637112,-0.07564431146172579,77.3299217043942,56.194895701734055,16.118326285239398,1742.9233577864018,0,MODERATE
90.98254427027867,16.339368509474312,0.08023483041334267,1.0360137819304729,29.949745877864945,73.44458664845317,24.743097546887288,1639.4204501506063,5,MODERATE
30.31374330319401,33.49561146621474,11.223582092713501,2.5512724598599945,29.79320932354368,83.37679739657831,22.46525283576641,1029.2423361647416,5,HIGH
207.64840250823957,17.57079428756552,13.545759796537732,1.775031681396301,95.25043246120397,81.4890738787542,15.762042203219426,2125.2379422434105,1,CRITICAL
18.687539439018806,0.018163057460443,2.095808504684311,0.5785162796241279,95.87383544072601,87.00964969554065,33.01574318541191,2482.9221441235927,9,MODERATE
152.82663844493692,73.20012301980218,1.4418877759822724,0.4898757556484332,99.14191588554188,32.25290822507815,10.05963837281017,1051.8973141026772,9,CRITICAL
299.00905615589306,67.51035289847432,6.368589107789334,0.8229432560339389,82.68936414173021,33.34136527751293,7.122911286854685,274.8953707123967,8,CRITICAL
244.19108085180565,59.383378518955766,14.005183591994028,-0.2918342357603745,26.9365752251151,85.25680724820405,35.707017321491165,903.0641482537324,5,CRITICAL
184.56583146930328,13.42516765168229,8.135798402856581,1.5360030696639524,29.078336871933523,67.31551756272424,31.637201248827193,429.35859063321027,6,CRITICAL
91.87608623598351,9.629086096798884,7.9118469558259825,0.45661127641842203,40.62027173701527,70.46984716334842,24.94104496585592,1412.729007136999,1,MODERATE
187.16875088749154,5.408379957790652,2.116891774489828,2.4094613970481746,38.63192782001418,33.681080215006396,23.711590818901662,484.68675092191324,1,HIGH
158.1124391734955,57.922335101833696,0.011842666398281798,2.026210640231265,96.08749741702081,47.87196608198896,24.89645517965705,1399.2773778207722,1,HIGH
127.82501516711145,74.30463685503082,12.152101361181918,1.4420526563686402,81.01665845935243,74.68480134198344,22.480963043946915,678.5886191274503,9,CRITICAL
39.213113022059844,34.44286567304296,1.3136184447935735,0.4568088905980643,75.16079129453985,90.14273230774734,20.715691833247163,2221.4186942779606,8,MODERATE
265.98126457214,9.531253759683853,9.507747281029859,-0.16027267330606243,26.736690165231863,94.18883780269817,24.987624115444813,102.15335769082,2,CRITICAL
134.93539464639676,40.991425658568524,13.719246817727871,2.1046074564224915,91.85730034260966,65.02936470845572,26.14060684639042,1673.1439854191383,3,CRITICAL
58.38675354622952,27.90655259669041,3.129778697376465,0.9456363959643461,84.50833415555564,68.18319629167382,32.67609256334484,525.075059261769,0,MODERATE
110.32780526318689,29.985993947999816,9.979092543553662,-0.10099984729056999,24.727765719513133,88.31347417482937,33.448286429360905,22.955756119488665,0,HIGH
124.2389257586781,49.70644993245658,1.180478650612642,-0.21930153983997513,88.40532987648753,67.63372205231482,20.105163205605784,2610.216262433125,3,MODERATE
248.2613686700623,57.49744906097619,9.056327157564194,-0.3383963819945639,34.50227827334241,66.18009678761221,21.54162090973955,2021.1528076859215,1,CRITICAL
220.0843141684206,8.848287909852868,2.458975814298041,2.10864478482238,17.278277124889545,93.35588264326677,19.947886789448923,314.8496097105597,7,CRITICAL
230.79146809240194,2.847218464518111,11.03930340772767,-0.08405125879875319,69.1140075862789,85.2952904739116,26.461430945028415,1998.9356556978896,3,CRITICAL
3.309379328594164,79.54642421485718,4.518469421908623,1.10656905410079,68.84241934458976,93.63507684529063,23.134141516567812,1842.7090515580437,2,MODERATE
124.84619945392845,18.618267913244146,6.950865132069693,0.8061854438922258,18.543880860905627,45.27729383468076,40.583858525447745,1430.602927388746,2,HIGH
144.4032454905971,4.306441992676726,8.991458130414326,1.3184435969131356,38.696662804292416,66.70628406587497,32.8544506766589,1269.3891333083297,5,HIGH
5.7576830469170055,15.190026327673598,2.569101159993594,2.508619601484777,99.35330160299847,88.97304900153506,40.94625535017782,2663.4678934888902,5,HIGH
77.94396262351026,3.1166277078771376,11.124567279264314,2.4709895603269225,71.05840003078632,37.78034792269763,33.36547966237703,750.5410992944048,5,CRITICAL
228.0869469366405,31.344871569373733,4.539605109552218,0.8043042872994386,75.70676499429962,85.62635080057733,43.83968594095256,1206.9639698998822,5,CRITICAL
41.13291171869972,64.19214275610594,9.935577898691303,-0.9385349970611068,29.16255570438751,42.80813683904086,30.429471130210764,1000.7639304265853,7,MODERATE
160.59303943577748,27.299555980617647,2.374245760490605,0.7057752228572127,17.09038639035229,86.56831284897248,43.54200552652219,2318.179066529168,7,HIGH
64.56056160517124,35.53467255026932,10.321764888095254,1.4247741496965616,34.92115207668439,72.84006562898077,11.326795616377044,2751.0666125729676,8,HIGH
3.636232393167982,54.0469418853951,1.922821092156926,1.2310590363922471,32.40085466738728,43.526519403940696,7.099107233176154,2552.3494622458866,0,LOW
72.36043727986244,40.71152560559042,6.380347444049754,1.605344423200822,31.10896906732478,63.13479255329608,28.16500740815437,2397.15771229331,9,HIGH
292.7621264730161,68.91565488170593,3.7080911060831525,-0.38369707010766607,27.347888969833562,77.73336165225402,44.339728231990996,2960.634037798847,7,CRITICAL
240.46113356489687,69.28285400366052,11.225628741422739,1.5861403951229303,61.72801215898639,74.36970306184797,21.70420989209587,2097.4907602229478,4,CRITICAL
287.87299329631,0.7928556392922914,3.9305250676031185,-0.2693935250249111,39.52931282576396,59.907303736219305,13.481734487718384,2258.1402978163305,2,HIGH
146.35621317790873,62.24370451865593,13.225759595930944,2.002095922786996,83.83105135427773,92.95565702446488,25.86165796774056,2948.7515683209567,9,CRITICAL
32.92085960325105,36.85868801933391,13.377303171099193,0.35635045305072,26.55526760626456,66.34843901414911,30.951944983155542,40.832540489538765,2,HIGH
164.3878466921079,79.10724330429305,2.946619728341788,1.8395817335258142,51.816436378169,65.41071089700819,17.607147820635557,1909.4641617803677,5,CRITICAL
136.31320036798826,38.65856607003481,9.207689175115863,-0.8085376043755717,11.229205278347198,34.3575412959018,33.59077433997038,2222.1351652208027,7,HIGH
253.3071248218848,78.95167563106381,1.3157646257994648,0.6314401023636536,53.35140902096728,94.54842728583459,44.00458028182903,2755.124620196441,9,CRITICAL
29.424774235273375,60.365548896458925,5.873056494024437,1.820138089053331,15.025439878882695,42.39815980748611,40.87852486842468,2653.8560264693415,1,MODERATE
146.47234110653346,19.888390769064507,10.699825942519084,-0.09251793467402347,97.99511606853793,66.9841285405588,16.66341494048781,2529.042830076707,8,CRITICAL
45.01459940819528,43.07159834295661,9.891348702748743,2.1811481791888903,81.15329157853715,86.24973209802171,18.06894732578393,2838.4579903862773,4,HIGH
97.40277806701799,79.37085115828663,9.37051004109912,1.5231189324197278,54.11003289728099,45.081729386895034,19.861648977983542,1621.3899799828484,4,CRITICAL
221.2071232163399,68.6024486201539,4.238112954936653,1.3502470885991933,17.792862236141524,66.91613029795889,20.782111135745815,40.621884842783736,0,CRITICAL
142.80543881062997,7.789351503297688,5.67037424151603,0.4141954168173485,63.32008967113728,46.84794364563386,9.012779967731177,52.94210811708839,5,HIGH
112.7664855437308,56.50975974479969,1.5441921705042927,0.9298058815244703,78.28873756316898,83.17864984599382,35.47851355557157,1643.024385741217,4,HIGH
118.34288357101059,27.646366869665044,10.785342306504015,1.3893972039114124,27.164552770427076,69.50388175112055,19.61357054442802,1317.111271814545,6,CRITICAL
137.834030521796,0.5585809504278494,7.558331951869103,0.8898484556595618,61.138750670874174,89.91831022766004,40.192799068218086,1364.7102590290365,6,CRITICAL
235.50496315111707,32.27847752215997,10.631484485184819,1.7932532957622405,83.27898085445811,92.6190602014168,42.07762492480435,1213.2061168859102,3,CRITICAL
267.6254066820703,18.780353737997704,3.7341528719530914,0.7347877324278382,79.14229998816847,75.41134377117787,5.977252372307524,2754.8229110918824,4,CRITICAL
286.60040595117846,65.50954164163772,4.866573429525993,-0.1909072730318786,82.26928160804376,80.77738723112611,44.54012279712825,1090.327646485974,9,CRITICAL
236.07101587658852,26.98644870766124,5.01323005890172,-0.14426486879581102,89.13910823827479,68.44540699208045,33.40090926000738,2571.556286453988,7,CRITICAL
94.62206872440382,66.20189551630537,0.386136146208243,-0.9767849246282356,94.39138919435231,56.910011314716805,25.815689039718492,2710.5370854990897,1,LOW
206.44041182596266,0.04783510678362468,5.115718092459353,0.20383086223468982,46.496903968318236,75.36825461145841,20.581104334902133,1508.5152745968853,0,MODERATE
131.2809372166176,24.625532002089532,12.049568602770503,1.9956705619140784,61.189219227058956,93.58020364411303,25.740725304388516,1351.875351347963,5,CRITICAL
76.40118661381536,19.293217144620954,13.459477436246077,2.176650835350438,81.15935734410498,59.16762663020066,17.984988959137777,2287.8414005620316,3,CRITICAL
252.2614738277768,18.685388885488877,7.773274734538912,-0.19012983161699992,72.74258325512048,52.00870184616568,29.90751254786193,2129.7550927668494,9,CRITICAL
11.527904688697499,5.454929581237016,6.832525428288304,2.836175987485631,99.5968205437941,57.19058569868019,8.71921105779165,999.0346474566937,2,MODERATE
270.5285976406271,14.969941632840138,0.4623692804905538,1.009611173920507,11.230988599417973,60.47783411481197,29.844904116472406,325.59341525544676,6,CRITICAL
138.44323938742025,44.44396559084959,13.188065063780739,2.6679149960740105,41.961989378421165,35.14927202844014,16.013794005537765,809.2601525437915,7,CRITICAL
191.16044304248413,23.30888582701956,0.19515320138809078,1.8270611274465245,35.292513364318225,64.89092883044961,5.705393162093855,410.46494732065094,3,CRITICAL
197.8061766617348,33.391582586331836,14.171251203153176,1.8897336920896524,33.60842651489811,64.60199736350418,27.108230646515104,898.3021818145403,9,CRITICAL
268.53532221196093,30.149350427775083,7.33824373032136,-0.6598255147757155,30.02768042489972,71.19106793483662,28.137910234107856,800.2282654307812,5,CRITICAL
191.0009046501622,70.07239399999156,5.1290174036208995,-0.12003549241227729,73.82114567337061,55.39740213299321,22.06276018846144,1920.3800431824063,1,CRITICAL
184.18007542801854,72.42391992084124,13.863276522639902,-0.9647406668221095,17.628352594778967,72.91753171689129,7.891449302012674,2864.3981647952432,7,CRITICAL
19.99561216820699,39.436557732468806,0.36586489665145105,1.86451056190695,76.74479505490045,91.47514171919421,40.73371811216766,2063.516322344841,5,MODERATE
155.52240658356124,26.412476025248353,8.721373423036306,0.37775315371403995,72.40832578146461,96.8829693346615,29.457232289115556,2781.4152360324174,8,CRITICAL
45.050700245112495,8.54405632018909,8.233987867490065,2.146610064305387,32.572371925080674,70.85285512987348,9.628531982758783,2356.714130653161,5,HIGH
221.23013061644568,76.2722303505676,3.289806018170731,0.3557448797481051,32.75504048486451,32.98136677792192,25.437223063765906,2189.0753137720963,5,CRITICAL
153.66657624380235,4.818155592023796,6.433311470253159,2.2773350091954443,66.5974526810052,97.84651980869762,24.89017263793886,1253.9045818357574,1,CRITICAL
204.068333762506,23.812022205462434,9.783960089156553,-0.47720698500674796,78.595399493531,79.41034426273794,7.416074751717079,987.8876185328386,4,CRITICAL
12.50187018071528,23.845296093600332,10.906967953228913,-0.3065073729699672,88.8837051778629,53.51745539875565,29.2743881441179,2541.906569969299,8,MODERATE
25.437604813740965,25.632102891217194,0.010752880598696724,0.36350615833574595,86.69256074690281,40.301039067460636,37.33305595686258,2718.071834128436,0,LOW
214.89701641880467,13.142947461792742,14.05280145136523,0.6339495555290933,96.83946947474678,40.039302856539244,34.960322169939126,1366.6098310797775,3,CRITICAL
21.62530079960201,62.65291447389578,2.467880585892186,0.39481124337191353,62.32464058028601,41.74210842977219,13.118776566567334,47.00803259620035,9,MODERATE
21.37701832957758,9.799828957279137,3.5037065133353877,2.0545881300928794,91.77900052063237,33.19007651296742,39.491701182168455,2381.742555541282,9,HIGH
3.632542570466235,50.79253273225302,3.9521016854077233,-0.6121944294931412,82.76619459343696,93.1507932057038,18.701686626374038,869.5051446074291,2,MODERATE
286.950419489844,9.907682136465397,0.5673020482805297,0.40486807855395224,90.52008618826122,67.85377629791354,42.86033513167765,49.4658377504238,0,CRITICAL
221.2525078377021,5.642851007436525,1.8457818538548736,2.3489599980618374,11.046394115682997,78.9971588899686,7.869918569028549,2418.865905748844,0,CRITICAL
105.97542255061924,72.75436029487012,14.79524884416243,-0.732811690951312,96.93126926792299,87.96759564878153,24.448347540793705,1561.8942826743564,0,CRITICAL
88.96067438629657,15.210301305496454,4.728251060659291,2.7693740306854298,52.61771465618305,85.40787044332401,28.884975087101967,2061.9280240886383,0,MODERATE
104.91096892375487,65.70001236477634,1.7295163550857402,2.9452673690880515,81.83646906173585,91.78239366101892,14.906003938984188,2745.7756670105427,1,HIGH
232.39605935435455,43.57046968857087,1.6048689176193498,-0.6457273046996796,21.44837074040028,97.70782357674663,35.855207548809105,1632.6980138115541,4,CRITICAL
198.41118332112433,6.228521568701568,10.791899515049579,0.16509008902294786,45.63469862325767,60.73494303193577,30.075827192428683,1519.518336285318,1,CRITICAL
55.558670360240384,76.4358553150454,12.818529960489613,0.4896026641414246,34.431459671889186,96.52348266678733,5.724377491518222,886.1731216178254,3,HIGH
52.2328006002253,19.756893359351402,3.8542844926270483,2.1055654746109043,36.249289345084335,80.63029638399715,29.334743627849434,929.4776266310588,8,HIGH
29.518694914019193,68.77162762820852,0.31364268502852455,1.3837072484669353,21.09300579557936,34.946773321565495,24.659129376737855,2393.6953567683445,2,LOW
198.09081591040143,13.504800462765134,3.346350276680337,1.5774628019702694,82.51874492887063,77.72481848486419,12.841168068140307,1358.1071518460924,1,CRITICAL
229.3117986665208,68.31543057134823,0.84773536195136,2.030039291274024,10.831808312297035,78.07016617233941,44.829929082381184,507.3081016521988,3,CRITICAL
79.51392849750121,1.0583050324235188,1.5509240494506227,-0.5280840022518971,38.12549112866822,93.4102394654769,40.8864877931046,301.69571672147686,8,MODERATE
6.283488309273844,40.942436525558456,6.472621797714636,2.3328378276410495,25.696948889477355,56.10524927290645,16.700307801162538,1429.3019482481025,3,HIGH
24.651500242928204,61.55540635372454,3.4487755629244887,1.8224792167205761,63.01350465475065,70.94380501902725,26.642836831944653,1405.5659703808367,4,HIGH
290.35801045350917,74.78364139942266,7.739188177881351,1.3093669007854811,32.88271623530895,30.853128570821976,17.66008559641163,1967.3056690520802,3,CRITICAL
88.63343324322608,72.73617089651896,3.8024062988578553,2.5589413391322267,33.30986090752897,53.24526695269352,36.019830065443124,1423.7810836805193,7,HIGH
230.7669443514401,65.56998956381159,14.108059516544214,1.8012254155352285,53.950432959578684,34.357060831114666,42.2132573278582,447.5575983199599,3,CRITICAL
187.39907065627912,71.05530797290433,13.589159518893968,-0.19320014947589836,68.74201354068332,66.5311080935428,19.353144276575343,1533.2525966995704,1,CRITICAL
114.58189189586876,15.93757486696612,8.50209157515699,0.7189815243026669,20.91742341086473,87.22133553548673,37.2233699657451,2722.232423580355,3,MODERATE
61.70617865866653,22.7347436569383,5.3163598798107925,0.9761714677429332,25.796030721894653,44.450988449034824,24.936301708528195,495.135406628233,1,MODERATE
36.41592544782193,23.11748199368468,5.717203230521034,-0.7791294929983774,32.24572701350658,66.9208731890445,20.863142452463094,2075.468830113692,8,MODERATE
184.50389041166,30.164314480135907,6.1777842471674544,2.818550053440223,97.63733927061645,44.2806045557537,42.53687408395079,1789.700609597269,7,CRITICAL
232.3901341913364,31.465653630815098,10.913689832024161,-0.4856909568124861,45.74372499486283,38.44819274923683,25.416187548761258,2250.785465601172,8,CRITICAL
193.17127606233922,43.56442597237404,6.7745849327825685,1.7898450689069074,63.909108156792385,65.76977543540397,23.696420010298596,468.7888148142264,3,CRITICAL
159.0906399747475,12.79038106931531,12.850949197588461,1.0249241443635206,31.73885314443801,35.54040346648093,31.89737607849372,2825.983903979864,0,HIGH
12.585367029490879,55.299733102879145,14.161421788955469,-0.8974710004623097,54.14135726417391,71.11482417965925,15.449368040731377,1870.4799547461325,2,MODERATE
290.54663327831514,13.40532314436052,5.039192300684007,2.6989899034574467,16.670725694736227,32.19362224737084,17.99171483153263,2544.271990319588,6,CRITICAL
239.61425749637237,24.8246785683638,8.410417220635201,2.407347235275733,13.126793133009425,37.47004803078629,42.281833449544905,754.888155767102,0,CRITICAL
87.84661101028942,40.26761044849232,1.4258480524884665,1.097031711615342,52.18601741393142,68.49982398411504,32.1411938174777,2223.4504104059256,7,HIGH
293.9910988076552,63.71524492187818,3.007035716495385,-0.08423065544221897,45.87933587665709,71.39851890292397,38.06548591084022,2347.4714989150784,8,CRITICAL
180.56447689089663,59.15753865909818,6.201986500652402,-0.513508437279623,22.31922877226449,32.029085106563066,15.844470477417186,1204.3571117134854,7,CRITICAL
174.72679746217395,51.64274851284178,3.0930407385266827,0.4535699177285064,71.88412860286604,70.13637516010908,26.751607597194884,1164.1812895925978,4,HIGH
224.42195382885964,12.461860846413613,13.148407361830763,0.021713124184361998,99.3613141809338,88.69517677265459,43.85585067957993,1980.232869776733,8,CRITICAL
243.53093642704127,43.76362764924622,2.3742938408864713,1.0267648040251949,45.60821390770412,80.56213241057677,17.748155961128703,298.35489164544356,3,CRITICAL
196.9435821994508,6.995720143990836,6.834912323296379,2.865637184493716,66.2102772325655,39.1829572744559,11.419059052681675,2212.1599676481765,8,CRITICAL
38.42872390986001,30.18905414373206,9.085488606898135,1.2998139729185656,96.66783481280372,71.47322532945304,25.43544032898656,147.80254432144454,0,MODERATE
101.48025179834951,33.08132242319673,10.377958622412667,2.5597242235603916,84.83814752021877,77.05767500519494,20.512843548995047,587.9590973400614,2,CRITICAL
278.4250920978149,3.184915155660306,5.746040545897601,1.603515349983109,51.71970009724172,32.60618412266042,11.383089311468542,1999.1483965792743,3,CRITICAL
67.38468355315558,21.919047957597748,13.036486030870927,0.9009861063488018,76.37405360139275,89.87433680785358,40.54205530813472,313.0045279340522,9,CRITICAL
111.65010715125399,76.45195738131915,8.524787266168882,2.418430250933485,21.532153622547163,93.43871781028811,44.62895642215111,2916.0894326008342,0,CRITICAL
129.6230648832588,76.29060862637516,6.592616706713277,0.88547244069199,56.08934699174193,89.5316591353581,27.74328722759991,2607.820704196464,5,HIGH
131.82149690833566,28.186164340203142,1.0086095107805493,2.474512682041444,35.11542494619429,87.72420275923793,35.98707073493816,1886.3809505720747,3,HIGH
183.88187474835766,3.4480087158659245,6.970342026677475,0.16630707830306113,24.5047319106545,82.14756389226253,39.36153478185198,2460.7912178946626,3,MODERATE
282.9227513234123,14.327595146254524,12.311037612235953,-0.48474770494804753,48.36528156290814,74.34024218973721,33.039280240873076,2664.9885447969123,0,CRITICAL
72.20781354975149,31.377423474683212,9.218115273319732,2.4212578574517534,21.7913098990253,77.50389034917762,6.766241964469248,793.237435724019,4,HIGH
36.450412890275416,75.82237583753839,12.482436805936775,1.3496606551706671,72.90865973570371,86.44767053344881,11.305369268672711,2551.246532088972,8,CRITICAL
59.241146957981194,11.295925082974794,7.4101750589895845,2.5563695929958405,51.0616039648002,76.37489208529132,7.839567646055459,600.4854752400533,5,HIGH
266.07747006278083,61.08126749345698,1.7769255764172276,2.751308827969533,57.803016930819744,52.94088696774497,5.395184265682262,1251.7599471634699,7,CRITICAL
193.7432437965618,8.694603149975366,0.20459768753821606,-0.7854864385142033,23.173834480134133,56.317277151294775,17.23985635028946,1683.6137011208261,3,MODERATE
85.77203677174803,78.50060619130215,4.548293200778868,1.0038772074354734,22.579449498414505,92.79402278606045,20.69423841926239,2147.3950699606166,8,HIGH
244.78408169058517,30.5293199287308,10.469857072466887,0.499858196298117,62.50738917341117,31.198546005801333,14.64118929343703,109.82112681313356,6,CRITICAL
258.4109989090308,62.018763111924486,11.853898559125406,1.5034335882804686,98.65087730465017,78.91744068709974,7.5841859234528375,885.7180500790032,6,CRITICAL
253.9543016070834,27.407286624890546,4.436292519304941,2.174364788809294,18.662552491395306,96.83442866976507,26.194523633467103,1833.386912666963,7,CRITICAL
275.67796009186634,50.213510172704694,7.434808813248707,0.1223608638974758,35.715828570920316,79.43597189705815,15.932772798285665,1084.9586638643739,1,CRITICAL
75.67230605200848,15.361286779202938,6.316783566511225,1.2271935374926866,88.25132048840987,99.57383917622474,36.84148619454249,2329.5746657758905,5,HIGH
226.51257862388348,11.681681543757003,6.157841765271418,1.8349143196195983,16.504481102971326,78.12814338698315,5.322104865011248,1961.9234402291343,6,CRITICAL
138.161849182242,75.0451311654505,3.4702306980022573,-0.46227566865706393,88.82971492302562,32.40541204518028,38.701082051504414,718.5163320967326,2,HIGH
252.59956586701847,73.41178223235468,2.0455665754418755,2.2562676238050674,57.185738503727606,87.89069171528465,43.19014715783828,454.8683591851526,7,CRITICAL
218.54720314848396,70.99751521703058,2.9503283734681967,1.4244383994118923,46.74400965337833,49.92409383575233,33.64540252614278,1894.5600408894102,0,CRITICAL
232.9342339499174,50.03467601332748,0.8299858074501915,2.798149748454607,37.87125079163103,61.224005796510866,34.34576261050266,1362.392636560178,0,CRITICAL
196.84855130432146,64.66145689730226,2.9719611273536555,0.3581156765227731,36.740544231505766,51.84643411349575,42.34249246410933,523.4919824819294,9,CRITICAL
53.22863084091206,5.522954952909993,0.13801346438069184,-0.5674162306512054,37.52223242045309,48.798787434677564,13.362851412013965,992.5951318487645,2,LOW
163.5080756690815,26.783123351254332,9.408876009539673,1.0260048041477012,89.63227728641762,60.198399256884976,44.782622728343064,923.079309989388,5,CRITICAL
295.40092185735244,25.096249980572498,4.745631110815244,-0.6567569131622446,75.1415707157307,56.512601390847166,35.939248135141675,342.2332775713378,6,CRITICAL
281.2164199491357,50.85162575620906,14.59717067140363,2.878106093296027,70.27507070480355,74.33370072898126,34.062828333111746,1649.7888774103797,1,CRITICAL
12.952120739103501,28.47662187765124,2.905755761644468,-0.8452601669712339,81.88742340568007,86.92058406912574,19.443623159811708,2295.672929059411,5,LOW
49.444444718831136,11.880542531494465,5.187428554643908,2.014015604429232,33.140319670373046,50.79620572310685,26.831099416224422,1734.8913287819014,4,MODERATE
39.51863203636857,47.71736603308349,5.367617379622998,1.100409592568976,65.62385308735801,44.96048069754122,31.15671153093388,2482.34826751331,5,MODERATE
217.79397299558866,65.15071365352652,0.1267724409369081,0.4744826099931547,51.40596150621558,76.68266896092396,29.813714452688636,400.1542707019853,0,CRITICAL
245.33559895708353,30.569879556797854,12.588119295591884,-0.7366313419653814,80.41974716801741,76.92240460815472,33.19938553910323,1318.1233363102272,9,CRITICAL
64.05340989320158,10.581497207878536,0.4799169021648708,1.488667696694431,37.83304994259569,93.07918675003202,8.295269563136426,1836.0570089011355,6,MODERATE
151.7558078855487,15.735055785025844,14.102697520938621,1.340881317563821,67.88607551829062,31.11619805173176,19.22593731326787,2034.4846516068837,7,CRITICAL
252.21090840336,18.99866441355072,13.38111526640431,0.12353309227039899,89.39911706355821,89.7128463481557,22.360000663819086,2093.4431931418126,6,CRITICAL
219.84046342987517,23.991807439562898,8.032828741289453,2.6408868056412484,46.193542857543584,66.47015210638499,15.425171914998659,2192.3169727516856,8,CRITICAL
162.6711616475545,51.42360564050473,8.153933623669381,0.21644002937134754,15.99598786307153,73.49114624204691,11.90509081076895,1961.2608403441297,0,HIGH
177.10430713763188,48.07563876301752,9.806668844342346,0.7989016423684245,56.44457401076135,36.396000839299035,10.557099196514512,300.7997050437856,9,CRITICAL
152.50816407488398,55.68638892536313,5.805750179023304,1.1750498236746227,41.13752390263234,60.283045301043195,19.655335690263406,2092.0109192548434,8,CRITICAL
89.26453539564618,29.000158762521053,9.708334250967832,-0.5990724872948556,70.50028424924574,45.91116850669667,24.737668022502636,2179.852317187675,2,HIGH
169.50659785770483,65.91981215039826,0.6715258303273031,2.7286468768545293,95.59296322737455,47.795752105775634,7.519057605866428,2980.5702043142087,1,CRITICAL
206.6655906150272,16.32701289246082,0.8107144102458985,0.4981446098041644,53.70474861971623,65.28665802732192,42.858323783621984,2086.2200613693553,5,HIGH
261.9968747582423,37.52325980145231,6.858456294293165,-0.6768831445026255,51.957120713998044,86.87191652821787,35.60973291443034,2066.7545793396157,4,CRITICAL
190.8874061937744,64.07509772331443,8.244334516590524,0.5491646947013198,68.91263201723143,82.06466511013993,34.234070927418664,1554.1436047422765,3,CRITICAL
228.3364611129474,14.41269181860954,13.317264605037286,1.4008101883703228,19.31477532342109,71.36999713601676,11.914420999549078,2606.4102675836393,3,CRITICAL
48.021490486371896,8.789049099262636,1.5699095086184438,1.0546106872853183,32.815557003251314,67.7592734927427,29.15203072048756,2990.5675906442516,7,MODERATE
138.46724232593698,70.69471741503918,12.33971890790834,1.778167896149096,92.70813929503586,59.9114230264143,26.188997872346697,2341.5537131883475,9,CRITICAL
2.799485948127989,27.43437302073567,3.1507100593810438,-0.7780642317283575,70.29483520273897,98.08969814929705,44.29875383146775,1845.2511260162692,2,LOW
74.0036593564869,54.70960999272256,5.911254727650478,0.1381624410882245,11.209963958507462,69.21347879639633,34.90687080320632,255.2853842560732,0,MODERATE
217.93851453390144,2.0278883411150783,4.749036522411194,2.276922307360409,28.416292530311786,47.77764788185554,28.030475348649247,2185.6826125542902,4,HIGH
297.54298540480903,55.20375107275597,6.002329092980984,-0.6804252488345566,71.45535394260091,46.106355442802766,39.03250665880489,2131.5134743742124,7,CRITICAL
29.753429876164773,25.288104923757643,2.257432471088783,2.4219438187838302,78.79592823063167,72.79471215425993,11.20377083442838,2331.1930804721064,2,LOW
120.44829475838648,4.459268286995339,7.553551116053324,-0.632415631691575,85.58736154066376,66.59792691176501,5.608661187639088,391.17505743047815,1,HIGH
240.02129060974784,48.78502092384936,12.02463884747051,2.337816859566785,36.29591230438404,30.538846206829895,32.60933333658093,1968.1228503759075,0,CRITICAL
61.210690388669654,19.264305285853858,6.623010155683454,0.4431536043149067,93.79257366498064,88.10457605370456,8.932458409489499,901.2572367559904,3,HIGH
166.52548479068588,30.9445793641504,7.359203638472986,1.4488362530288632,59.765220422010316,79.28856479627042,9.617345599340368,2285.6083053404445,1,CRITICAL
219.92138880890244,6.446464982921087,12.731513779219714,-0.3884515374080073,72.68851201491036,76.32805027746724,34.78722905698122,736.3143830137693,7,CRITICAL
184.79563507805372,11.773060087595626,10.590871719570462,-0.7353251130992766,63.706497650191714,34.81464603883613,15.821393765359563,2058.256456924824,9,CRITICAL
56.40742038462484,23.8381788396675,7.356816127796771,-0.13624718391945967,21.046604920715843,55.343909512074404,30.145248622755716,899.0789820122595,8,MODERATE
106.61537060572182,7.180760044812571,3.865434722837695,-0.4885847283652178,96.68031934463919,95.47675825129504,41.69627704370994,46.80299259594479,9,HIGH
235.13753534561917,72.86610117490522,13.2739012026745,0.24962359071852713,21.058802190473738,90.38124689389545,17.658981265514335,1907.4065776798243,0,CRITICAL
166.267954239605,0.4837634547182734,8.655306025358374,1.0575329860440807,32.93937607700653,49.988005650867336,13.685766313596751,357.5418678135887,1,HIGH
1.568884062873821,38.708817509144914,3.317214151660401,1.355037854260038,83.22650922006821,40.99412188693971,9.262515349642069,1984.688588908878,5,MODERATE
228.29722800842816,9.859796650604116,4.036796289570155,2.1594724295189716,65.67372653509912,61.436157001800396,10.218494456789045,2778.3161561036736,9,CRITICAL
10.593406482071721,24.61432715823588,12.046996334043689,1.6249595729934345,85.43342488387212,54.90812650673626,7.488907815153709,2908.352883949049,6,HIGH
223.72013481936963,74.08476478546123,0.6621834313118319,1.4350333005182119,56.41625695366404,77.75584636941937,8.505695153189606,723.0508002362855,1,CRITICAL
60.74416804957122,12.935564261918948,14.8813828054323,0.6471281099430986,43.929391182997136,97.65043670590238,22.280183552366157,2431.5746183989518,7,HIGH
287.42204403581405,77.26658557746661,1.9552751957218768,0.8952337398405548,92.96609495930065,55.4101014987793,17.83460180095879,1073.5887650798722,9,CRITICAL
110.38222539062534,16.463550159153737,11.941027880954062,0.6580833175607244,13.262708576331537,34.35569208565694,33.26243257291992,2703.3620767889875,8,HIGH
98.07948490142373,59.325288677346364,5.921629751575243,2.3686641202455325,87.05171983177412,92.83298058396696,39.80966632988007,2366.718914515534,7,CRITICAL
44.666415099733406,43.73418119178494,7.383242749312003,-0.07999818980640061,30.773600666900347,32.65648111679096,36.39092812569537,240.28671560437564,8,HIGH
91.68126464706447,70.75829820774074,13.209758661968667,-0.9771162738321415,86.3862694978571,96.69361280073332,26.22549026662609,1233.2682417542865,5,CRITICAL
262.99522854846015,44.319460440250474,6.193667843838199,1.6052795889049571,22.527695207519706,76.5205599606328,9.097684649306137,1025.2071215088288,6,CRITICAL
298.9003012881742,42.7647375325047,8.062406305098516,-0.19015126544467442,62.219706732148644,95.91824459093644,33.39069135766214,2359.8394417553654,5,CRITICAL
110.4928591520545,15.636640029471991,0.7394949361375491,2.5604605452392373,89.92971271103248,43.97617806542848,19.513148989074942,1242.6514177464142,6,HIGH
134.58318928636277,13.298348964132698,0.035212108011797305,2.4361853188266243,52.618568220900144,32.848985667766534,8.426015756616408,2060.0734250061896,2,MODERATE
216.6212814608211,73.31913208924114,3.6719980950258884,-0.6930905122871764,77.19100064230537,64.17469847935442,38.69865628850503,1815.2570616595124,3,CRITICAL
265.85873413952237,26.227055908002725,10.20874639378151,-0.5744463783436906,82.42044560700026,61.54363901990877,18.528660687300224,2927.4033829109485,8,CRITICAL
177.91330025603526,29.766580397031674,1.8189734003870506,0.9806863689866652,76.28447878451013,53.2044591278418,13.729953300462853,2814.5991712688124,2,HIGH
117.4577094533488,60.78589267427107,1.7064293820682415,1.4368906510774186,93.27967631871385,97.03595320720882,39.858082584753724,1294.5445539213817,1,HIGH
123.78655225458712,27.10587859382459,6.164409120538549,0.099633349928963,50.21508074679358,87.58086125130026,41.085354737880195,2176.2630706906248,6,HIGH
208.68544394904205,76.16499573112021,9.717555579123397,1.8671908667974826,25.58128952486402,76.31074149629154,18.558833487662394,2491.791080064041,5,CRITICAL
0.9654790812836045,59.03422151990402,10.681079883718958,1.379664083675486,14.302995733223181,41.40008041464794,19.192056771254936,2698.6795465091927,2,MODERATE
185.8768012379522,47.7943394058736,2.676760111475622,0.29929643899421876,32.18138826737546,81.40263857529672,28.185141103325762,223.04010605392136,5,HIGH
106.64790313240722,70.4716128435802,1.1938222105806369,-0.8985140478307376,22.88777534922179,80.89087182898068,34.337659752426326,920.1948218350204,6,MODERATE
238.25919938312526,3.96847266795862,14.105955509183163,2.0006011251940707,60.215386729103244,59.75477215312053,7.5259680762745385,974.285522086195,5,CRITICAL
27.89719194693965,20.5650153751367,3.909995738431526,-0.14098533669966917,26.64508034905588,94.73501367998095,28.733746287538867,1314.6489346352382,0,LOW
176.46068008451715,37.2029067376728,12.800197464130857,2.3378949738505135,13.504033656043406,41.68845175603073,43.112802471343265,524.4089571319487,0,CRITICAL
144.29186696583713,18.158283157721684,12.952371756942274,0.6811610402170207,13.239084598180106,48.7136293688165,15.483755887198146,1498.6935222510242,8,HIGH
192.69765777156823,59.51241498417215,11.587838876438166,1.3083097705270617,84.84125485283755,34.425703747544354,41.35308856387735,1996.378695349399,5,CRITICAL
19.456078344890503,73.53664248429801,2.532504099788551,2.4917949216360076,63.23049382987223,85.68156707243112,43.00673363052375,1502.1444822458188,1,MODERATE
173.99513622843938,33.90160959447387,12.327021888813006,2.4544920036798135,42.227677170404036,73.52315702667781,15.76614563884359,2004.063423688895,0,CRITICAL
168.44537638785712,27.370608008951596,11.538758388623801,0.48607830097429305,90.48052384662222,52.04582139768747,35.16807463541402,217.9960628173429,1,CRITICAL
168.19802832485126,76.9240585710053,8.950844851593256,-0.1644444291406275,16.317695026694224,41.46695645160207,14.551000332782401,2630.4422484880824,7,CRITICAL
181.04629997893645,35.58819462620327,5.058030527534291,2.1005843109143787,98.22898654550433,32.81034390201182,34.50444646928531,2818.4261924611837,4,CRITICAL
202.94038116790867,39.123872035942654,3.9376290639981617,0.7323208144085247,65.4662611229015,41.67218980381556,36.89679885155304,1861.364123873573,6,CRITICAL
241.49669990423092,28.13198978735243,1.8283381812053845,-0.23183202576398365,26.511782857196362,61.729925243636075,14.888228148425977,2646.545175937953,6,CRITICAL
80.9462160384643,72.76387784097108,7.6463560035130715,2.617701369268601,71.11621890792716,47.30238783074243,33.6347817433294,411.709129611673,1,HIGH
247.51482305401862,45.51643866254806,8.778913132647698,-0.20758322303565047,78.70431338052063,48.128752420237674,37.48418155456359,2396.3977818274043,3,CRITICAL
149.4767046790361,60.97396697453157,5.390084857736809,-0.8967713272350757,48.640850503369705,91.29034566674,19.34315488427647,375.06161654833005,1,HIGH
23.11748374029935,64.9445374680709,7.130386015213029,-0.9188801049303201,87.54693456209927,66.05963714227704,11.708111039589078,1235.8704898626593,6,MODERATE
17.56527877319376,27.347923353380654,5.452716860539001,1.4892614258170571,23.565916656682326,81.04763811898903,8.678582692700543,984.9792329836596,4,MODERATE
100.27149560881824,34.6955465056304,9.615090859810518,1.6467002428701214,35.09538252198475,32.499766431970016,28.015268144397677,1765.0636391569537,0,HIGH
235.46909313344025,67.87774195250117,13.51888811694845,0.24416682022793568,18.41431254255908,55.56143489746201,44.12392477262853,918.5133150138099,1,CRITICAL
212.30428042227473,29.06042813406482,2.458803930704173,0.2800439569882536,28.979005654661695,63.54185431768093,37.91801280088865,1919.1946164080555,5,CRITICAL
236.58448940172192,63.5148106761481,5.721132148546851,0.357975660239771,31.485593072003052,43.049179864712926,22.433585557382113,1114.8141216728343,3,CRITICAL
155.18071693248282,75.27938580595497,2.11302905926292,1.7206341870355146,92.58698718295392,38.41340790118771,26.46483611419834,2585.155335470784,6,CRITICAL
132.05969938664717,49.85682984544056,9.37415655611748,-0.7674648358926857,17.029871987604057,90.92126449498898,16.181115416472757,1908.9738438544423,1,HIGH
44.23575801188518,59.33018299615111,10.933057642328937,2.7164654107653026,48.46736081689385,95.76021389698576,11.522634694402543,661.5889260179094,1,CRITICAL
98.45782608279346,64.4077849632908,13.978690988961839,-0.10991582329021421,57.91588185042217,35.51646886317852,24.283246329290932,1021.6656776436994,5,HIGH
130.2058098521626,67.60317191173141,4.183078893914473,2.998692820968369,90.88237484219447,54.43130987797102,23.540062646687407,2545.3142451274343,7,CRITICAL
26.580128903885168,31.604267028543678,14.253168087981452,-0.31390922485125206,99.79265967950921,97.07999397011316,25.87719811215041,1171.7096549626262,0,HIGH
66.18358581336338,4.101076734079854,0.948940077310122,2.08618582924951,77.80493034278523,35.82132131927254,43.11218342255763,1616.6812153856226,4,MODERATE
179.46758821912164,32.15010169893916,9.045207950468823,-0.10634982028149986,97.37118915121266,75.05489610151083,29.15581200579089,1953.8469691379516,0,CRITICAL
220.69893427175694,53.90049838272718,0.8569907901499496,-0.6766127934269841,80.83910192822864,98.05549596769039,29.23087346489495,1056.472755766032,5,CRITICAL
299.5042534178849,36.028030862463424,13.406612816429172,2.4997332974025954,96.68823768742749,98.47565680069621,10.120990514443072,896.0563196590435,6,CRITICAL
279.9339994030673,59.917052068831886,7.947135856050812,2.4350050367635676,73.65436533500096,62.98563316326203,44.85955464707282,1436.2596097719252,5,CRITICAL
192.76955986055745,28.55859435749311,10.040225261441941,0.6142815697984054,17.178708290596397,41.39243754476664,35.91379776938674,660.3452968365116,8,CRITICAL
126.3744159882216,50.77953128832236,12.473608888656788,1.8095845701617073,46.17281682934089,44.14590204842072,40.08813376376019,866.947549018809,2,CRITICAL
190.85320941246982,14.913584388317966,2.2546593372595316,1.2282637307356685,68.19375554222233,92.27209765870762,21.572016473239763,204.99388241546754,7,CRITICAL
235.6954854240696,59.94955493159655,0.5788734290720077,2.411824454694995,41.56466585088259,93.81781030308152,25.085123831424994,925.8314223935962,2,CRITICAL
35.500857277016195,43.655677505042064,13.183217188692783,0.2602238772746177,34.60455263024008,72.55157507114883,25.88335236649106,975.6981982234365,6,HIGH
122.97146690888647,16.325151083728045,4.723998411883987,1.0946895999959407,61.96593404197819,83.63234796289379,12.763781571584207,2886.2628355481324,4,HIGH
251.94068569068517,23.35289387982458,1.934683618907479,0.9414894848182018,94.01516890321913,81.79518760292856,32.57956625307828,1777.3918998883228,0,CRITICAL
115.1498855799132,59.88869668654659,7.026918556306298,0.41562330502743494,13.148368616453821,76.32751185923749,41.11906894469826,2366.3996277391007,3,HIGH
171.56168136815597,38.60809885292166,8.974591135440281,2.565820258225489,79.23080831872939,87.90938684103574,11.54823272553676,155.22421328536092,8,CRITICAL
176.33080825865946,17.282515231445778,0.46455905133765185,-0.3364883013498581,75.04545502401643,77.97846361282248,8.45273093944658,337.47934695294833,7,HIGH
55.34287594009181,77.38169522962382,4.123434873856316,-0.4019654419172154,96.75580828494584,67.38016140232494,34.52875622161369,2447.320143370525,2,MODERATE
108.67063249568652,57.21000158535104,0.4919981141534402,1.3076381412910054,93.76401000992892,46.58694538117098,15.928073266919283,1878.1776572645545,1,HIGH
100.35338662257965,76.57078660318369,6.305030837932485,1.629976919939768,78.60093058397736,82.07217008830332,29.954501664693176,589.1264510098047,8,CRITICAL
7.859012559619439,34.168403628827456,13.426500435993665,-0.2215229827017393,56.83678882143388,63.140650748679214,32.83033351968723,1226.29030946798,0,MODERATE
7.257529167406574,38.00802725533764,14.739786172403537,0.5628697690184965,28.384079791016788,50.63541788052565,17.87643054327287,1625.244049945236,8,HIGH
249.50911310273204,71.83641729480154,9.555713302554413,2.786255371914975,59.071214649301695,86.13623930192428,37.60578389703137,2533.9572908295763,6,CRITICAL
81.92124299184373,42.003947219630774,2.424565406768877,-0.013530309237304028,78.88167945276884,78.76995202471198,26.999559284568676,200.02773524959267,1,MODERATE
155.42362987164464,56.58231295245337,13.587740849989586,1.6734428084695763,90.61022913741039,95.613769418729,39.75997631807211,1798.2324223147398,4,CRITICAL
89.61767207663192,20.173830199642396,7.7437173480009065,1.9605975747903632,81.07408082894942,41.58091480132144,35.531742102357896,2156.767046328318,1,HIGH
282.20377353460213,35.738117496211245,2.3062396815437713,0.7925147978606382,27.574024167194857,75.44324992455452,39.74302528149815,2934.117736573169,4,CRITICAL
77.78902765973213,9.875989264828409,13.82590004177492,2.750103947038332,63.971768280525346,47.09676276617232,5.8064552847157636,2425.3370333107096,6,CRITICAL
128.8970438216805,16.478402870156934,11.362035760846545,1.946626940875162,39.89561135782213,93.25080897111492,14.740250429543789,843.1573944245148,4,CRITICAL
261.81907514538057,0.07547322141048696,10.975579090847273,0.8316983194435914,10.82851006515787,36.964958997963095,8.600317617837545,2134.54599775723,1,CRITICAL
252.58007003754258,3.1412041318928186,10.63771055691607,1.277340807104376,28.019884220979947,75.9313264511414,22.683320687573968,2294.568097082392,4,CRITICAL
55.83042535388319,78.18270585415435,3.005097316446635,1.7704537737004027,20.189858494010434,85.3760005069621,40.59840486461273,2194.6117897568174,9,MODERATE
240.79299293871313,19.388295610940986,3.165100375612891,1.368760721716873,85.84472111855217,54.844248825529505,23.701610490674767,2464.0293224965726,5,CRITICAL
137.4560660213678,53.064856760320154,10.324394976408826,2.5147903353043035,33.26556269330308,96.78966555686665,38.98852178321577,2713.11532911664,4,CRITICAL
144.89066162560655,67.12797590396892,3.295841251655953,0.4275546491216047,35.62281719988,89.55114792102262,18.087129520772717,313.32100958823395,1,HIGH
40.04399172478313,44.05283673892514,6.580075452045733,0.1995429602232197,96.39429146189958,50.62328097794324,18.5828029122101,332.19629588973413,5,HIGH
24.180454127137395,12.251560006716495,11.730027383909121,-0.14464444201894278,44.11780507439669,30.52787649011991,40.8224692130751,2393.2719665365253,5,MODERATE
218.38179209212956,58.24931498689331,11.759287771467614,-0.8488681277416195,10.86270761299551,50.766002328264264,22.032685860468064,772.0699800339833,1,CRITICAL
148.93834570658993,48.02011280796664,6.798926587887895,-0.8279441424797787,35.546153351152284,49.69173293295198,36.590619511786656,194.45343741123227,3,MODERATE
131.05521078455388,58.500047147790006,11.882849074128677,2.4802207724371312,20.73696225416312,92.29752252506363,14.465741915276054,1215.6629593222053,6,CRITICAL
218.85246859571902,61.579729828566975,12.579326942970852,1.7135725856236292,19.252770556226857,97.69848247783233,42.95203318710542,2463.233197241713,0,CRITICAL
229.65386969733294,78.03282941477961,9.821636269263903,1.6421296617459444,16.973856112217454,34.930799017918226,27.983129861222842,397.1637709656615,0,CRITICAL
47.67245030080607,45.885062402136796,3.4263877846263027,1.4585712757395441,63.39335231578396,62.99063799733217,35.37294274313608,2022.089075977313,5,MODERATE
183.06754484329238,27.331289015248146,4.110176705783212,2.3968765787764195,27.041295126687277,68.3832398970857,8.58062799179542,30.775268079271736,6,CRITICAL
40.606224683305655,51.87716455201897,4.722617331131031,0.9210677026625098,42.51185146369094,36.50381629307923,24.70656903322115,347.0175926931008,4,HIGH
225.4125258087137,5.47525673941009,1.75206161600928,2.4816433142332013,87.5815944517015,56.42483963962658,41.04153990936093,1065.5340303900907,9,CRITICAL
197.08654688014187,71.7917854657269,4.097394305549177,0.4377801047289567,48.19043258166481,52.195769217506545,40.08154516173218,269.1347974527538,7,CRITICAL
286.9843863250374,9.550480907055743,3.1427883646879815,2.706830017356362,92.41222150464738,67.52394480289611,6.872558289369102,2540.7869689625963,3,CRITICAL
20.687404906926353,26.22742703086546,6.829931247129032,1.7946279203249604,54.81442480560457,76.28336298123565,17.147938765157868,2594.9300993734973,2,MODERATE
17.116416345376294,65.25963045008967,13.626563218083975,0.028708544097709066,45.89529533557802,79.24395773475966,22.732800259163206,2271.6006952365824,6,HIGH
84.65612240796004,47.784990266456944,1.5672047513093712,1.2563396867545005,77.53500343816314,39.57285165293713,11.89059257423153,742.5893015589401,3,HIGH
78.5117051207718,31.49084162219537,10.804018859210935,1.1321222459530222,16.58575888912019,86.9063391361235,34.19993243959881,1579.2762842151399,0,MODERATE
74.09363972159994,37.874852750001715,10.309245066196915,-0.44840471307866414,18.053054468417564,77.49794208535312,12.380479823948463,568.8818060596468,7,MODERATE
271.876374156311,68.36379145617443,1.4363129799503649,1.3649716230024564,68.67763425306646,92.23524417227037,18.865587774795447,858.2097812178702,4,CRITICAL
74.86385995485183,27.20035088479137,13.838586073587,0.2591424948678318,53.82466419153234,61.453524160480384,31.53122547431273,1557.6957706778974,7,CRITICAL
81.5849178385893,69.5719747849737,8.527083032352294,-0.7906049327615903,81.13737252872892,92.57228339055341,24.283573780979196,2210.3411492131772,7,HIGH
227.8194787253891,7.050754478135319,5.455882817035263,2.7946246308262594,92.46437536091783,90.60418856492528,34.54284154539575,302.0700535730447,4,CRITICAL
134.921952735162,62.143874976690455,11.3480787524296,1.5659614762571512,44.953018990439276,60.68865326514887,43.448316048914386,904.1561589316967,7,CRITICAL
233.01316708655438,67.80381064437891,3.8604818760245108,2.507675727483388,63.67690239261816,56.6800320705085,9.6618675086079,2781.3316187443284,6,CRITICAL
19.609847269315573,14.5454122269871,10.402647555694806,1.7042240200530125,55.06269650157789,95.29684104791798,33.382708655922436,1298.7874869900268,2,MODERATE
146.27135810201528,34.42772258977604,0.5956681135837083,0.42793476856045176,98.34495900781896,80.06153141769065,14.21376622528458,2817.831628249757,3,MODERATE
10.08408005498479,13.23998197309245,12.591120564139079,1.0507522893152457,84.79759666209357,94.9771742506653,21.57906909630277,2974.3736138253644,6,HIGH
18.795961036606357,56.52833031953742,6.722562705319778,1.7029870413887083,92.05639374496182,85.78823452270692,6.314509031805593,1589.4462818120194,3,MODERATE
271.9312360033233,42.82782144493254,9.550393715369125,2.84100930080575,32.89060788198438,72.650820750399,10.436295291707957,878.3711491588547,5,CRITICAL
41.773611335278545,50.825867736665685,3.318567297100255,0.014677836486785889,79.5273780846335,38.10969439026351,17.791091561955987,2376.5148895462858,1,LOW
159.72620468256514,15.718957356496892,10.15610568987672,2.4999082344964707,33.8925902497884,50.4036470805369,18.679432211519398,494.7459918645446,1,CRITICAL
123.32868078021197,16.93966896419356,11.58360413839915,2.6963112211770777,28.78682800855509,97.81896849688741,40.98340865848383,771.0996418227702,2,CRITICAL
104.2029978776528,3.3197860407925095,7.098197803265981,1.6816620586358262,94.98395436899958,52.35954690999431,34.6725163706606,2358.942130307861,9,CRITICAL
269.95000370618175,25.765402815658376,9.265903860926915,2.7250665096053512,11.737397504607998,36.52784088497596,43.88731872748164,1312.264855701449,6,CRITICAL
6.54701903264685,44.779572906694,6.844888857335978,0.5915143499094739,96.88498332970867,79.52873491435238,28.962860413409622,620.5830522232469,2,MODERATE
199.13690585267673,68.63479311978631,13.411370538867683,2.812064704161771,23.433570728992557,81.3802978180579,14.66854928365272,1960.3547199579268,2,CRITICAL
289.0183302640651,53.354195796694455,7.468037707714787,1.8111315086638995,83.74942736139414,49.98204042010055,18.106201196865715,2203.630346917415,3,CRITICAL
168.05045503855257,34.83170587198011,12.627130635432284,-0.8319769303247524,34.83302977612928,50.83703855424126,17.793436931678684,392.7122935626959,9,CRITICAL
281.04673860992756,76.24960915153102,12.020280874053729,2.627491327276211,41.563209468765464,62.822508985614874,18.059773106530063,845.4011747253037,5,CRITICAL
15.677363785807131,57.53961604606655,6.157572320225348,0.9378912361327703,29.508194018978646,31.525226483357887,31.91856692447263,679.404731009255,0,MODERATE
125.63799572224842,74.41321622900401,3.4512673778621257,0.8413079391113314,62.696263823297166,85.25261072528144,26.23231712361665,1151.9667937121073,5,HIGH
78.04733728861535,42.20703786177325,6.091231988396565,1.265866423918537,41.32859927570867,52.19621510918879,20.416967123465774,2295.065788816672,7,HIGH
219.24628949421893,20.712341983451168,12.393260636628302,-0.4024618129150883,69.16537355451969,89.76341714013843,10.963590749148665,2146.850144777486,7,CRITICAL
294.389127149174,4.226134909177759,3.4144880372908855,0.8766641942695945,11.408258614785938,86.18412951200236,5.885566517685836,1994.3212529434377,5,CRITICAL
76.95901873327435,58.08678811870804,7.86654518786624,2.324508866870983,15.793739516353565,76.29814231831482,13.753387103507704,38.73092668840178,5,CRITICAL
196.25238044222235,9.70423984044273,12.091451219411212,-0.9380701634499387,18.96950374581238,52.74124069695021,9.29885615874725,443.58707387356054,2,HIGH
59.42928982792204,24.222010261757376,5.302162126925682,0.0916686412974852,47.7094316779208,66.14215931628189,36.41780123408957,685.426696324159,1,MODERATE
169.59907637148297,42.59767263071179,9.633144555040461,-0.9901816542246231,83.33165553939784,61.138048031857124,9.499918312555415,830.4284211957718,6,CRITICAL
139.17974600650086,45.15332702237981,3.684473610732218,0.6628452365993933,89.93601193405443,53.72173203740719,33.969129492273446,456.351094113722,7,CRITICAL
291.6015988894611,48.046655758970886,1.6391916805223987,1.9132620419749387,32.032966605481064,89.36954025122247,20.426347591043307,1242.740343392191,9,CRITICAL
182.55818180893996,13.300426427976051,11.915763376392846,2.195087316458514,61.69327518151126,63.84549522043657,7.935135589751039,244.03814334179722,5,CRITICAL
104.85191162604563,30.378992385731898,1.4845293511306024,2.7807590445080264,79.15284934233405,88.29061684580026,37.50920197726343,2255.0661273555866,4,CRITICAL
34.22873546638001,49.375538169357334,4.0707209261937685,1.434018451883146,35.994648692764784,37.3652931899277,28.185222809464534,2367.4079461423926,3,LOW
45.374048620480366,77.58550917070278,12.826641329961602,0.01850746661158187,46.81069630626459,39.8717352020235,14.430460514542922,1731.3147350106763,0,HIGH
67.59507898537052,58.210491015975094,5.197039306180008,2.696591796546796,57.15767824171425,98.41242135790837,40.787246973306715,287.32053358506414,8,CRITICAL
75.2899984020894,73.80830056751662,14.595680242712417,2.1012630155215044,22.138736176724294,71.14379238242627,6.810332554822058,2672.447845249339,9,CRITICAL
255.18481735234135,60.97696466513416,14.696015021607897,1.2977139320125781,12.338406435320229,65.68387714493343,13.072784327910515,2897.5947695501814,3,CRITICAL
168.36683648475747,47.337357511392035,4.024140306803351,1.782560862875744,23.75252283864549,66.62092442008782,35.08187711223444,623.0434097589323,1,HIGH
157.01727341230992,15.361869530907564,0.6146733337483568,2.6972654200297166,66.41682591281801,45.06881418230019,33.375117212395566,2119.826661933345,3,HIGH
34.430661560765245,53.334852151401044,10.575949263080688,1.8495761138916866,16.62564353803135,80.30927646513811,16.570867748979122,2528.9771193146075,4,HIGH
258.0419080048305,49.87036527679257,6.764797539725156,0.473498030338936,27.072672836511547,35.9346436610828,7.480995014111325,1628.733697177253,1,CRITICAL
216.84429096254513,48.19753363658131,1.5112926593936442,1.8521128091563868,40.40684971257733,70.13265991721163,39.32312288899775,983.5028365897116,6,CRITICAL
20.300508570000474,39.18286943905926,10.612842284670641,-0.8388873490584485,17.008305787572972,69.95381576101309,17.547905522796103,1446.1049709394508,2,LOW
212.3505291689306,42.29252831914205,0.46762363667881834,0.5456622473223249,27.252934404547098,93.99318968934577,12.828536597130608,1546.5608773376669,7,CRITICAL
163.0614652027938,26.755402169448324,13.052950357383631,0.6252921273823171,92.014281008516,66.83279670734022,25.642472894439084,1213.8983916803231,3,CRITICAL
24.517603724033478,41.545015411384256,2.0797879366995558,-0.3326470623166613,11.736921900428628,39.59438871819257,41.40908797129789,2790.9306310284446,4,LOW
137.49019245859694,15.80447245427826,1.9096781812008752,-0.9076580777929193,68.80887317569258,70.09272814737139,6.741863113735014,2236.771670608656,2,MODERATE
145.4088861390141,64.41395178883015,2.635084469528768,-0.46647505344902873,44.59680378236664,36.392935105573265,35.63216352123551,739.0788939197927,4,HIGH
49.73236204898272,14.862156375896625,14.403995377380998,1.6184859831882203,70.5383865489134,44.265568470994516,27.898929117548356,1764.9604182132082,8,HIGH
283.7094441000847,6.797303191157313,10.39754040380769,2.20915526545475,62.98225483270641,32.17760089311913,22.01796466207268,2072.293669774879,1,CRITICAL
254.9926114441986,34.89968210857259,12.02057303195455,2.9528139709078967,30.114887891917984,65.93055077216488,34.7632177642024,437.6661366723482,6,CRITICAL
200.7067011987325,52.66459516048495,5.964524785991295,0.38545401243397714,86.24885388160497,35.91728307055006,43.632976977665294,1088.1087122928434,9,CRITICAL
138.68866830018217,35.01734599468331,5.0446909125743336,1.397516889044407,54.2746344348421,62.85760649719303,14.16824844650764,2718.53387917967,7,HIGH
123.52966247535255,22.140330556104686,3.5172601017475493,2.7485798672604878,84.02824170221245,95.30615247269009,10.745894602884785,1710.1758385519006,2,CRITICAL
195.29204014528625,44.65369471123526,7.209720424686134,-0.33183287464738953,46.54112825693973,80.38329891135325,41.51526980890788,666.6532832597442,3,CRITICAL
163.62956082207165,27.760186832975997,8.277431003012527,1.8705823453709707,98.62169985237152,35.418817195770515,31.75812309829215,385.8986983950693,9,CRITICAL
18.681931764565686,74.62941521013065,9.476622654791331,2.019914932596653,79.34404226511667,45.69468685461902,22.51944086247864,1564.3161425551357,1,HIGH
153.7507946310995,73.81161116828576,3.8567775599804177,-0.6440978565226465,96.93551846013162,77.1563693925404,27.930382810571324,1652.1034546268495,9,CRITICAL
241.92108516985184,40.18974559776764,14.22981121354486,2.44499754073226,56.289383101887296,92.62913027169286,34.82455620704976,1016.5550650367447,8,CRITICAL
137.77196327908743,26.23071952146068,2.5463774731070377,2.2524201884433754,52.63220190616304,32.304301073476765,35.92127594822869,1898.6397646889732,2,HIGH
15.586973266280523,58.97059311653113,14.484797621496185,-0.8663879736902622,77.99084283927321,86.87157922044159,41.795767232758585,224.6803649337784,8,HIGH
235.88345981520993,2.937035478645331,0.22284183761255683,-0.6356623404797941,89.22621367120871,69.3269716236816,22.073711555824907,452.5162859330991,6,CRITICAL
60.40913464079232,37.9815204834921,7.216885377252684,-0.8034924244325907,96.77312162790022,68.22639277074748,16.7364364007758,1647.8959866135524,5,MODERATE
77.58625046641163,26.90587154162668,5.000517571748442,0.3389741271974489,39.20967154292498,97.04692279273506,30.586570671593677,204.2107676564728,2,MODERATE
49.411906029688765,73.64287080820438,6.7368512089537615,1.0371559627197047,81.8834116458375,82.33512288177411,21.629115971181214,2645.10811967348,6,HIGH
99.06451946144927,0.9602421818146034,8.559968684711835,1.1293909118185153,28.958103787198304,89.50832076392783,28.783938157959117,443.59618396042003,2,HIGH
227.0254517065905,44.22519005746793,6.533837370190636,0.07066703907777061,59.10169120709007,54.77968986812667,21.79943193823801,2028.2812247719187,5,CRITICAL
155.8157578511812,59.25308648533008,6.222702754523924,2.6463875462410966,26.186333356827923,68.8054828579887,11.119831467126978,1185.7862563089873,7,CRITICAL
61.46438224521377,38.8014390019233,10.990851231199597,0.47305115948765275,41.26576255753049,73.07839741994395,23.777070066358338,1211.3674876759003,4,HIGH
263.34902344561226,6.832242413017733,10.28814412629697,-0.81779937613859,93.82225304858133,52.51087582537255,32.636712877641315,2299.3707952612085,2,CRITICAL
263.87455648545875,77.79691120223218,12.499069230537717,0.20090844616554548,23.148162979577748,69.91736874631798,36.971352306705995,1508.3971598352837,5,CRITICAL
261.17352751380207,41.44083451008783,3.7493847185924336,1.124437690176622,66.91608056216768,46.56587656357996,24.733051071861873,2182.4532816587216,7,CRITICAL
71.63886341446178,49.13489954552091,9.142927646310953,0.6328872903529281,63.3658845634663,40.03629697477677,11.609515608416036,1525.4698616832522,9,CRITICAL
135.37180325429642,18.928782616600586,8.777921780892807,0.09537007639703665,20.86645174380878,56.17791814941329,21.587508385977262,1786.857917387685,2,HIGH
295.4968968422625,38.679846808544305,5.546067163090331,-0.47470700094273033,39.33811393919309,81.7502740122506,36.45175715366793,2286.9295910515993,4,CRITICAL
231.6037428929971,34.33195935666575,7.290863128540214,2.276658000384919,60.66833540637391,94.13310036517213,21.514370824682914,1829.7800539054006,8,CRITICAL
8.150226367667946,5.991667360158699,4.706732149585931,2.9845809684967675,26.846074808964122,62.03998360487628,32.86123174416889,1854.53302597859,9,MODERATE
19.561377378147615,8.492828283797378,2.1276659642547777,0.31816853409552825,82.05612907715339,74.99765817928022,25.28854726712359,2371.8743824542316,9,MODERATE
139.17941304369984,66.99780156950196,3.2070181599409926,0.5264841767064157,97.49408585812749,37.212599168257036,14.648925004375869,2848.2787111417324,2,HIGH
272.766061758468,19.18559617652722,1.5827046960180162,1.4721500987078282,29.328345996622485,93.31246309866302,36.846020320922975,1142.6141387273035,1,CRITICAL
161.61053938581426,15.596661719890443,10.246043627851861,1.8737658989421653,26.822076831151833,69.80229494989541,8.36853816282748,1739.8091285333346,7,CRITICAL
149.34375241028707,40.39291610001114,9.910910896637272,0.568118139214365,50.944156461770014,84.623677333761,25.995611310206023,277.0940100459659,6,CRITICAL
31.642109986989176,61.49977050900104,14.259095573698092,2.619718067927261,77.2988749426029,85.61088406449757,13.355641369736198,1089.2355640952235,8,CRITICAL
197.03403141728822,4.9557214863190335,10.94517620470862,1.2400159569156735,35.34405492117263,47.95363684576741,7.682625141655026,1247.9066931503703,3,CRITICAL
246.63094818006763,46.14463357106047,0.7806875813419717,0.8015603056237239,11.789191782755235,67.04221172272946,25.117357483329954,2509.007204135672,2,CRITICAL
114.1260022522687,9.536835427245869,13.263677608934312,1.5866910126396205,58.70985652296046,97.23358260926842,24.982486237396945,1549.909358334517,9,CRITICAL
232.68355527759823,2.9168840660494766,12.940127444185887,2.8112153929966928,96.09405109905768,36.27441813745794,33.27603606702883,2198.5777924294043,4,CRITICAL
289.3429961702435,4.219516172977391,6.64980481159048,2.178209177686822,45.2149169866251,77.81349286206944,34.790027722076196,76.64205207650065,0,CRITICAL
61.12993773830673,66.7331286566753,8.787945757918823,-0.8399474778595026,47.812109876479035,97.35848546246204,34.111659547715874,1404.1881554923805,4,MODERATE
156.9988893584224,9.437798690244925,14.641174987087783,0.32923964295983854,97.20115454026342,51.04039756378155,21.3823493166702,2705.926642187481,2,CRITICAL
86.14138742537266,3.612109152983356,7.984565457722494,0.8821787398048908,72.51468504640556,90.30135449830436,30.267591489062504,688.4554497312396,0,HIGH
237.8563257101518,35.03199097143298,13.579827425641346,0.258070288836421,74.72547305579127,95.35602817857901,28.077809705758412,113.93611221519652,2,CRITICAL
173.27800976434725,67.51947775536198,1.2455813671527967,1.800750243321826,60.64318048339609,82.29603465763776,21.862470244676786,1311.5580264661598,4,CRITICAL
190.37472526509112,20.992670119144154,2.865778030630243,2.305076599450324,97.71482897769174,46.192981861487084,28.888507767439727,2119.206825529834,4,HIGH
239.3742478847682,33.73700940207331,6.611324151619767,1.9253803807410863,71.99798359830004,53.380050317861574,42.8899150682505,1374.301250387579,9,CRITICAL
118.79114179873646,3.193802605100098,8.77135212505957,2.957333147313101,90.55294764446525,32.50665060924115,12.715749747255094,1390.735374263572,7,CRITICAL
274.527020522113,35.92628113079007,12.243417777942003,0.0901905915721164,72.94409791598991,88.20172639717487,41.23088383142105,2016.0190228901922,0,CRITICAL
159.90866017384198,46.209046450970696,14.823931727147803,2.499957980097686,76.16042423563563,89.4727830557756,7.138220559327935,778.078648683486,6,CRITICAL
47.3864468506044,45.67256430017159,5.832772447111746,2.0664906606979447,36.13698299280219,74.2897216976335,17.335568516066427,2260.6315790930926,4,MODERATE
208.76973545064072,26.594135373949214,0.7112345421012739,0.4487150302325844,37.31308282124371,54.6769495884696,16.52580994446113,476.27832209908564,2,CRITICAL
237.97840513147634,25.24265445305084,12.017572549429872,1.9364981746278747,80.46861846184262,35.376771934794434,30.05460431523623,1199.3368037522434,3,CRITICAL
95.028503120258,8.52988951492783,9.065710786242121,-0.5836961743270122,36.70356602529097,82.71403269404365,10.248998071091613,1974.9041632433355,2,MODERATE
257.15377709962587,29.34386565170147,2.978142883023025,2.1573339293622094,60.64930637213784,80.85683355269461,40.293904473590146,2488.539641545989,7,CRITICAL
271.8429764297299,7.959573509837172,7.422426849321303,1.1293224103484105,32.44170798160317,93.88217652172307,38.14205633860165,2378.7625920718647,3,CRITICAL
83.07134621334268,61.327675576964126,11.134653683005865,0.16916069083701268,83.52850427281625,81.13724147037536,31.08263278741111,2170.6230859369393,2,HIGH
295.0564418145666,77.30194381985487,11.556176806029656,1.6231092071367206,19.9451216104921,88.00864595708013,23.33655327168791,1090.1072229384454,1,CRITICAL
42.213458414627524,77.60595653333655,7.49427617998143,1.566479994857636,84.6501975785498,82.21682325327997,42.318241685683134,384.46686255529704,2,HIGH
60.60470052074699,69.2056879500315,4.578217951932887,-0.16205510912160115,64.24568204568416,74.14810318186215,38.22986218882224,666.165968725112,6,MODERATE
55.267451771407835,48.06337194716953,14.606138730577403,-0.8784103407538955,26.821858134436955,59.887647593370644,24.972605923249795,2597.2047674379255,5,HIGH
268.1969130023611,56.06925577951039,9.950439164347392,0.7344903476066955,58.78318469555064,93.14821160495944,33.07493417817245,2574.847482995325,9,CRITICAL
196.28776569748857,22.816464214433125,6.12356279019448,1.2780474773776849,35.424895316260645,75.56780003352289,27.67719808718738,2855.651340566267,4,CRITICAL
45.63128496668186,50.46163361380965,4.206948363069786,2.5064211134823937,39.11206012574469,57.88487253761363,28.517689535530582,246.44618264871397,7,HIGH
132.0970255105047,36.451963955190195,10.966544745053431,2.7128671825903776,41.63752374371923,35.84285066273701,18.239042777498852,1619.691074126819,0,CRITICAL
184.5894075209406,38.561387182154604,3.6327516839065153,1.1152208726270656,15.698732227508884,50.34933991330675,23.48338418499587,1953.075473814616,2,HIGH
25.039225496814986,60.62212483001264,2.5756498346053225,2.0152139350741796,98.73655159612757,68.06087143811153,8.124857231589768,2137.758983659233,1,MODERATE
264.72491052220164,22.553468447780133,7.947508334431054,0.7572130893119877,12.838116531810169,49.294475901133616,19.293947666583698,1938.712440331082,1,CRITICAL
241.08106063246055,25.44316893556159,4.349810889662128,1.984328626291572,69.62471858658506,45.48647435425315,32.83314061448608,2314.6339419088004,0,CRITICAL
151.56203207299146,73.97134329029093,9.433577173854225,-0.1807939002433323,43.41048829816875,66.91754598614929,43.12864122024745,1091.2252973422378,4,CRITICAL
290.1379845777511,4.49794358807778,1.7690801231135023,0.48425893921412566,68.1409261852029,41.88742421270142,43.52256451052081,554.7096609637368,4,CRITICAL
125.32829378252991,38.85074387306723,9.824116568509824,1.5369119952544592,42.06234277788254,86.02870443275725,27.228914764995665,629.6584490083069,2,CRITICAL
295.2330957109493,73.02406403262894,4.249447919965533,-0.9273681375716847,70.63755816329729,63.905770593986055,29.26489007238328,55.69649462108973,8,CRITICAL
200.37599964108813,48.82904062545256,0.0036440165176909733,1.889845241355816,75.63119585215247,70.1703941773855,12.4288474200387,1063.9591788765426,5,CRITICAL
190.40138197618245,43.71256593697056,1.9040408651126457,2.342142005072667,72.14973763596802,40.3168287318144,32.81232432374123,293.3972716223323,9,CRITICAL
49.7864685887355,19.979534338348415,14.00423066752641,0.5965666443758058,20.256578322233704,52.72034349405572,7.82635170697545,978.0363045147689,5,MODERATE
264.57832749139317,27.46203912515586,13.010319586730366,0.7917696687086573,69.12039111892162,58.706277828280705,16.38742743197778,1892.0660299554183,9,CRITICAL
128.24690637618454,68.16387326437544,3.5041354805435527,2.405128848866124,35.19887945086876,86.57489813615521,31.73453389141769,2685.5446056487235,5,CRITICAL
48.670021734743806,44.73745054147665,11.675578568182368,2.1026185413041336,12.592123351240016,83.91116661603067,17.412405261739572,2522.0242439517388,1,HIGH
3.782255992727712,41.17937550054239,9.128573897609614,0.15259795613350002,47.334760470005854,45.60842323513769,6.993874964578173,772.9691516335791,9,MODERATE
167.92670509151478,7.966377083202314,14.563570671748042,0.29590442624615587,49.018879252342096,73.13253571249055,38.27481637403855,419.56776375017995,9,CRITICAL
158.2198866368029,1.2822525164098497,5.604084893010887,1.7155129295623865,52.045672001720185,47.041945044039835,17.413200285382523,595.3553759142593,7,CRITICAL
215.80608671074756,77.09481509496393,10.22190918775757,1.2527923697926449,73.43417488516445,99.17730089831717,7.524208994347137,2913.5402226727483,5,CRITICAL
267.0774159053406,30.158893382947333,0.9530358363587788,-0.35108171561401225,37.79594282282132,96.64867146916094,7.991526580114607,1657.4339494627625,2,CRITICAL
23.821975392908858,48.25704496796035,5.9437102022460895,0.23971963691666565,38.37524617935303,69.42853043644342,15.070351951550144,563.856624541713,9,HIGH
219.44894710210872,6.377205854982799,14.457264917822707,2.5999331075146164,15.449703061713453,78.92318003259001,12.12063788886105,2525.423540966709,8,CRITICAL
56.22358322927467,54.64914285784373,8.084713116751809,1.7526977468890537,71.81390943930663,86.10012675460516,35.97200471120603,1197.6699080514136,1,HIGH
257.4531159471492,74.60533669647687,4.318192550022669,2.943897270742078,61.10434822596255,80.46988940314327,17.867361866681378,2699.6820128846875,6,CRITICAL
245.71905415849682,46.053220239793575,1.804064446929103,2.0680501199230776,41.44826014244093,78.98800837576945,37.1878314015933,796.8178379667698,2,CRITICAL
162.23812649566332,10.089225790032845,10.552925102722956,2.767897728574361,73.46700810256192,97.09878055646696,11.953839912926112,1191.8008412366237,5,CRITICAL
213.07283958699347,46.53772219787814,9.672840651445902,-0.13524570451809836,58.362197430418945,71.75192744150982,24.715167181763352,1524.744333114452,4,CRITICAL
94.30503395512451,61.30777704837219,5.60908070405662,2.085939499267703,52.23204512834857,74.5411870273339,32.52148534212515,2679.993695585314,5,HIGH
141.3503696798444,32.51332292592149,14.264120277987514,-0.9191299194088103,56.01920892950138,89.44881253067268,31.079634154634196,2608.8971461830665,7,CRITICAL
246.4910693131415,70.38701983531743,0.33304219481775477,1.6830400868461357,67.27133127403508,76.89236075008847,29.04517639721075,1731.578109505556,2,CRITICAL
137.77955915196418,51.89463626858916,4.555857774477387,0.8771291124809655,69.40023441171395,81.30528354122657,41.99286407724679,680.8910191470542,1,CRITICAL
107.33947959763253,71.93991346313621,13.816042294493721,0.38704028768027454,36.006203722664544,46.391808033764974,14.141005908269776,1222.0037757788677,7,CRITICAL
148.26373417508998,49.88042489978697,4.814031574791605,2.4496174091723564,22.66690270520379,55.98868468805496,24.748768178484216,2927.386534789206,0,CRITICAL
248.47477573116552,10.503037760385938,3.783792507827556,2.4170707706301227,24.097076307146686,40.31109419983251,40.35970200289635,1831.1642071546582,1,CRITICAL
100.56241421126182,24.77533688841513,8.01330614896871,-0.9107931804054257,67.54517973127014,65.40358096343638,8.115750623806282,2347.671310270106,9,MODERATE
52.12847794072314,16.143595860196555,12.357026248808069,1.438020489797724,88.55859571904134,61.90091804761724,7.23553073012301,1360.5967921770307,0,MODERATE
213.60420609923423,72.70611981734899,1.547201413175416,0.47132889728382565,46.85466505109966,99.80139699956197,14.332091502331657,1605.381680891083,4,CRITICAL
247.79346381242453,60.83200538299862,14.145310644686042,0.6626440060017966,25.256814429651612,72.78460569708798,30.320848781520738,1298.2832544529815,7,CRITICAL
30.191243557059998,54.11186951280048,11.92609321771746,2.328162956875104,78.09422484644692,85.05113762360963,15.395185057992276,2114.7045742246646,1,CRITICAL
71.96223382678342,24.077305570529735,2.7187538332732792,0.2393590861107131,84.92405269775037,53.3810269530358,12.60959535235196,2557.3836213828945,3,MODERATE
42.59159692829817,14.723581764017082,10.68011941797244,2.7721952425504806,89.25241988088699,88.20817319399575,23.35209261433168,1531.9433588091995,3,HIGH
104.38242347464998,60.516087039112946,5.774380839563357,-0.28146469451143696,64.61482860223599,73.05594765413784,29.54392275077646,1452.9850267359527,6,HIGH
135.1052936716238,37.93263567032638,6.03442017114478,1.650889693472711,87.46557034492763,78.78946321189069,14.942308280669616,1034.0536719532229,0,HIGH
224.64790108899194,18.063164172050328,11.749351386582996,1.6884202680550588,11.387346260356692,50.61015445646181,17.02764746894968,547.7481489963698,8,CRITICAL
195.34427546450223,49.32975825322201,14.441772119710983,0.008780645711672808,19.651222159257117,68.4046874186904,29.542372192460554,2818.9582141678243,2,CRITICAL
186.27857024352934,3.226708171076158,1.8998380927079088,0.2990024358688079,18.331846034688887,74.3825881389526,42.82953687957811,961.917561664925,5,HIGH
105.71248398289632,26.09362033026028,6.309453553182291,2.3391939703197617,74.13442158292597,71.23662730716067,31.98966909752353,2406.0605614513706,9,HIGH
252.43426592542798,37.48455956729077,7.214124121264553,2.0472210198198098,16.26236051892211,94.06355979971966,36.3161657433824,2151.734123436673,4,CRITICAL
141.38615021944938,11.836666728752467,5.644677254324964,0.31638352125903824,54.672793521967634,92.87908651447874,19.672403790218752,2376.9344488288248,3,HIGH
293.73148140454634,78.77235820726716,5.447836855743375,1.1358261877397355,52.54362087726602,97.96888405138094,15.890174375378642,2811.569037448865,8,CRITICAL
190.24264148872106,16.727789167169142,0.7840300134239481,-0.7532788149876182,37.96331712024168,76.71996042048926,23.170709728104903,1877.6448654582737,8,MODERATE
37.87942246935082,10.428250403461243,10.28307930843935,-0.16501647040548306,88.33646529478898,98.03398910879793,37.28531314846695,2695.892023278493,0,MODERATE
202.8532686226302,16.282789910951713,6.54321625680068,0.9432822354415964,25.338988169199638,88.27346000223362,23.251985671622233,519.7380222786351,6,CRITICAL
97.53120462950969,61.52489065277794,2.9219070396589015,-0.6561050588831536,41.721650595931585,48.958249823797146,38.86901635159444,1887.603476351227,9,MODERATE
205.89815900582923,34.04045274174742,12.240502534531025,2.37332941956775,79.67543500206362,59.920496868590796,44.55087922780508,2321.3813264855457,8,CRITICAL
20.892344448721722,45.23327518020304,12.03841122227442,1.8720248404305915,12.738008295395582,46.68747095323069,7.8810666292134535,829.4905696176387,4,HIGH
52.46443115278782,1.6807325589088595,7.295874421333407,2.774534682593979,70.56553602217318,30.293801258139563,6.816406243348148,2227.4463278500557,0,HIGH
256.7211776717359,2.7545046858651645,4.476759917216408,1.7738676238561086,83.47579537254136,43.1634127202836,10.983588116534474,2339.860950766386,7,CRITICAL
68.15386710705447,35.66604398616129,9.571390886946785,2.7616054890487423,93.90410549543505,30.284241040081298,20.37478702937385,2496.9401089290054,4,CRITICAL
251.112337572882,65.33241945612988,4.322282036661046,1.21805022276386,88.86669764423364,80.38869229453431,10.241688365817296,952.3910795358798,5,CRITICAL
83.78282653632313,70.81911029660522,3.5401189548556804,1.4008744442478775,38.74457051503167,59.78740084048397,39.82657910475024,2051.1876387015614,6,HIGH
192.8645730176123,6.936525407651217,10.9577198103949,2.9078842185050435,62.77277271906573,51.88023089545008,5.925850041082552,926.6747845610911,9,CRITICAL
208.2451720529493,43.06904816808182,0.6048785958142605,1.5685165874570415,16.956414383541926,83.32046237666316,17.631708653432902,2222.340354745397,6,HIGH
153.79642594351589,73.05837490234164,1.4215270655189094,-0.8768537245570136,33.20830031932077,88.27407422337515,12.387785179768214,1399.6615221342224,6,MODERATE
91.59320300901939,31.03782035183091,0.10182261035384665,1.8952111065220931,18.480014087275663,98.2709677054916,42.26157320630129,1800.6822360911156,0,MODERATE
63.79331291132884,66.36526651426949,2.294147797131392,2.6218747685496626,38.36685611385675,74.94095092726688,31.77924019560112,1259.2031446630954,6,CRITICAL
9.956806368727866,10.695652351954896,1.034850130656892,2.1823209991773065,88.7668492112856,62.30702709780362,41.48121025805498,502.7091222508764,2,MODERATE
91.18392037221714,74.8315591734239,14.93703551669878,1.3353330905016905,41.245015570686334,51.36850111252051,43.893148412415734,550.5279982239838,4,CRITICAL
195.9488371593849,60.11386540250421,4.332149549311344,1.6852140523740653,60.57082927012838,45.56227464499584,24.88392974709477,251.1553436411608,9,CRITICAL
281.4914455345448,75.30675142295213,2.2390201900387092,2.960767157006687,49.00427633034467,44.90481653378208,14.37276432192105,1861.8565855705522,4,CRITICAL
261.3613446789156,54.12937868420052,3.6149438699387693,-0.6373516459626467,51.302487186886175,58.643256230385916,12.749151447863571,2548.9424259001166,7,CRITICAL
229.81943296059077,29.072314559954158,14.04188357310202,1.6689793145329581,97.26148466529024,99.42504487015509,13.91675446743362,82.09374226100121,6,CRITICAL
236.53420297598961,75.0544938019778,7.802403345365935,0.1335907782823753,36.65390214374722,30.059758820618228,33.34373230488012,217.3937162232934,6,CRITICAL
199.49547104279858,22.045342104734278,5.472271444617853,1.5603615863446803,66.45920225708542,43.804412806170056,6.617829124920029,1383.2516370626727,5,CRITICAL
78.0860572698009,26.5738017649386,13.10087186863829,1.4304943035357551,47.805640262150234,43.18750876825017,7.054442921308595,2218.4077937812044,6,HIGH
272.15850921174894,56.064673440139224,5.924854058235487,-0.3861726715673517,15.50315629429176,80.19836398726046,29.325717695326002,489.9687812416149,6,CRITICAL
201.2196935717502,61.2253039620309,5.025128549365437,-0.17301341703904338,54.03977484618124,54.67393093186433,30.682285869496262,829.5209322565977,4,CRITICAL
168.132189294132,74.3522787079323,3.1092378382460333,1.486518312172854,83.20089961405975,62.008256321427446,31.610516972898402,711.3784798197853,4,CRITICAL
33.29684076404432,16.38419272449676,5.666952358641172,-0.4870802107849035,18.887767181351954,40.40368913289335,19.87522018354365,1209.1726316400393,3,LOW
134.11666314192763,63.839842817537914,4.750265340253891,0.060723500521291385,16.26326626566781,58.349792721386336,37.237795548566126,690.496057512362,3,HIGH
138.10748136057788,59.08368427175708,10.159559389472115,2.3409821909520097,23.826836835393998,37.223986833408524,26.344983509064704,1070.744062063364,4,CRITICAL
259.369082856801,5.103564500287829,4.343740570060906,0.30836602400655444,78.79601002503755,67.31303015220081,9.218625200376778,2191.0569440125937,9,CRITICAL
163.99446605633653,30.977851296816556,8.657996196338422,0.9522406250786517,75.15958457302642,36.855685576799914,36.883972282693804,1840.8075603934835,8,CRITICAL
114.1201646911229,22.621236564807887,0.9883824754795906,2.764561340583361,60.85159920154995,85.33558668212095,43.12271145081833,261.9214820672448,5,CRITICAL
293.0400985531978,24.359233948322434,2.8693373504477155,-0.09140364465221484,52.140376368336916,69.66212022783427,7.401452520094347,1920.4820854122388,7,CRITICAL
33.216177997894704,78.63575036437607,6.111079074170231,0.5585040694320416,89.94932332323599,80.67775116414617,20.654053548023196,1441.6899712464563,8,HIGH
126.76452849358338,51.42219307839423,14.054238808630432,1.4258311021741825,79.00280414501343,59.296147065687876,24.500641793389907,2805.0054126272735,3,CRITICAL
12.607402551421586,57.41409262347997,5.658779785735431,2.0213557180158888,83.07480261716246,56.70439052695591,10.858830403132679,882.1268649700787,6,HIGH
221.9712362300791,78.12941098520074,9.961111817997512,2.6066135468508205,83.19360712155888,36.87462223342045,39.70835791131508,2183.9759307034965,4,CRITICAL
275.4229656597452,30.176142596611093,3.826308336320972,2.6618919502940606,67.84454392710022,66.66989249299758,16.36598579560176,2197.965252672818,3,CRITICAL
84.01119886514682,64.14721347622448,1.905503639598476,2.106560297490492,51.221316188435125,66.01515153999644,36.32034159752641,680.0723274073783,6,HIGH
257.50250303973627,34.76247706435963,0.8780490012007519,-0.08667665362675825,87.82099773270853,62.76714311147237,31.839779281132643,2711.60640241339,2,CRITICAL
87.66546913856934,69.56269374519837,4.58120247814127,-0.9007626798297368,93.34066758429256,81.83628552777145,28.921832898680936,1483.725937280217,0,HIGH
273.23104849317457,14.452603304904255,2.3649154019536196,0.5350957214224952,12.14254389325087,88.27530800226481,12.685713947862176,2043.0724333301212,6,CRITICAL
226.18857107903517,75.81489416514236,2.610156720241863,-0.4338045960487067,14.639938593962617,82.55527724639558,13.828140822036229,454.64956547284356,8,CRITICAL
241.47203305243158,17.501736672870372,11.41138962580425,1.8415505897531923,96.28689672175936,40.07060199647907,6.893936189862773,788.2556726360683,1,CRITICAL
5.40196668013635,26.097640558474524,0.23757106417311324,1.6445223473028672,34.94445524597753,73.54416564974755,14.628497191290656,1766.599211452924,6,LOW
288.8431071222078,60.49537872854244,8.367151886031516,-0.8241134335141806,88.60324956844768,35.62261739826734,18.817744378420564,970.7012597525814,9,CRITICAL
218.00129762109697,31.500411325232534,5.691920708901971,2.3463751165238045,44.991560706526236,78.62356012083336,38.325812154497015,1509.084897341501,1,CRITICAL
91.42532861584,48.656910141315734,7.598249998628209,-0.005026934835270946,20.719005184842004,56.72873675927887,19.655706668592213,1134.535494132402,2,MODERATE
248.8183994576541,35.565880085554284,8.442453558219043,0.7289083019641689,17.239888018840084,39.274926938640064,35.18487131062426,1928.850313999263,9,CRITICAL
84.45635952447898,59.389594967182546,4.700515416859173,1.6717349418229697,24.085710917241084,90.34355998832895,22.577691251819502,1471.6931810868105,9,CRITICAL
261.8261518698384,18.266500189488866,4.426632902764279,0.7176751474090133,32.490387538062826,72.98058373272562,36.39473247975553,33.737609200041135,2,CRITICAL
33.77411712358111,4.676638978950161,11.001027740023586,0.7651512111997736,53.96665185377436,54.83074775632693,44.050864017481594,1956.0488970772444,3,MODERATE
211.10579323823873,23.994351797845297,13.069154821817358,-0.7374880186570385,73.13481105092052,32.15090257553497,14.593662322303205,1277.9222400095416,5,CRITICAL
162.2095429934731,37.94469318947442,2.8887244868779183,0.6057741970400152,98.775871883677,67.61171813025274,39.49366447855505,1038.2610546608641,2,HIGH
28.960341058632245,13.441604175414286,1.4642814080272344,2.059391572879934,49.735606896025395,94.62581149403628,29.872963452230987,300.5573218040062,8,MODERATE
72.56814847765169,28.383783172511095,13.46693709588039,2.660705348746391,56.636644810879886,71.7465882891656,37.69177046354619,676.7016778881446,1,CRITICAL
3.721210883194437,31.998641463485484,5.24843195471098,0.6539885482534871,56.963413124493,98.01554232336451,31.06343609071221,686.8414289109433,6,MODERATE
140.63038963935176,4.591347495061884,8.269760859942213,0.6943433075163155,58.549091993914246,39.5515782789321,21.957980290966006,2807.4011082260927,5,HIGH
90.37957822800011,46.66457985473636,5.393147167800052,1.8105084252946084,56.5966591394016,69.78135732163858,14.122997577671615,1308.8886647447096,1,HIGH
179.50724528932764,70.747474237703,1.8870350451907698,2.7710880044211064,10.789727955572605,85.86875336045006,7.801409013246601,145.3562247012067,2,CRITICAL
89.17134231258515,12.139433036244194,8.83997467421592,0.06824376095744089,10.155233989885664,66.78785117880014,26.42073457842868,433.67371308509627,5,HIGH
89.97573345209541,47.824641072121125,7.877112776544445,0.7605768261517474,18.789968631351062,36.374644919123085,44.61304378107462,255.51737368407794,9,HIGH
222.95795961948102,53.179136392867704,3.0449033878679583,2.1838929742092046,19.140094308626097,70.80202010830524,34.52167220056825,1774.8307828174898,3,CRITICAL
14.442850793506034,33.546774433543064,6.778035669784168,1.438774277496154,73.44072180593164,72.82165340897302,18.093821655960664,576.1320448691437,0,MODERATE
270.8684985575962,56.0878069891416,11.954212560234687,-0.5576546241441811,28.44244292643998,81.00964739327468,38.08819200346941,1505.7017680396923,0,CRITICAL
255.67916231735444,32.85852347928096,8.85639154661837,1.5109309422490629,90.52426942800516,83.28480606158317,35.75936000705626,1122.784947352527,2,CRITICAL
200.34140496792196,40.370983038194794,1.4537599060049229,-0.2530148616106924,93.57456966193176,83.95408817474251,16.26543173413827,2415.551603889714,7,HIGH
177.96647103221528,0.5882435643541584,8.220322458437026,1.0408637363136166,97.83040041063089,76.44110755472762,5.572299591769387,975.0591190507796,3,CRITICAL
267.69074944189566,55.33760913077511,10.541074489343803,1.1164130706417539,94.51731743983181,45.106783049306074,9.726505541357984,1385.6311375424887,0,CRITICAL
55.59905385861433,52.90741431557795,11.890551086711271,2.5048134488999394,34.46994897266722,58.29650290876356,40.0922476124823,2169.4309348215206,7,CRITICAL
23.690748657248584,3.072070186107565,9.436763679514002,0.8499770960497526,55.87991602331612,84.3290980830079,38.46252141219487,1311.386596653305,9,HIGH
71.85305097286144,29.460008591610645,2.289872468111756,0.11776968894357687,25.79094731772469,96.73988883805693,16.8083600351345,2383.7822973193033,5,MODERATE
238.3734836100571,78.32254726333339,10.65259899885241,-0.07613460713587372,82.55886896551898,35.52628753856354,16.407817051376817,1991.8193815852615,0,CRITICAL
10.401080017944997,33.658925005489344,10.160127691222746,2.4970075067373445,89.95885346296865,67.48756744580363,36.71459948409884,1243.3767595612137,9,HIGH
174.8420505250469,40.15563241054734,0.3664032441094983,-0.31595658232708645,86.61599553677634,51.87655899270145,42.50949879581688,1521.8661385453609,9,HIGH
298.631254857393,72.79441265277748,6.176215013853648,0.7034742435325749,49.003025382715144,45.77757260217808,36.165490271904,2902.2662984097365,5,CRITICAL
256.7088281512618,57.380950069260514,4.994253704435599,-0.25130754029221203,78.28064962181028,65.40674784638006,29.22314708123046,1991.6022595950092,0,CRITICAL
156.43370671307684,46.56561048993788,10.041180963804651,2.0932161604575015,18.782125261864252,72.42625383895756,14.706854013272181,2716.885773397528,9,CRITICAL
19.092272785992705,63.8243745072858,3.2420371846638107,0.8974905598984759,13.622029355732561,30.684056199363688,26.029916563810428,552.7003403437718,9,MODERATE
249.41205431571294,69.14930131647786,8.863078844613877,0.4045747622272482,77.79127728778847,84.61446005408337,14.340474343730584,1460.0437456105528,2,CRITICAL
179.69355245316316,36.55104573898135,13.698089427212585,0.4443985625058673,48.28197468958153,87.39174918816133,37.32045680387095,2727.811776138251,1,CRITICAL
34.47989911787005,38.00866919454683,11.967035583129116,2.4088568268919177,99.59943382656122,97.5857577197553,20.47844318070949,981.3839430954246,3,HIGH
28.15718544700686,30.884074852146863,13.821866043247956,1.2150958171777524,18.752879426997914,42.64506132572865,38.34788867976105,2903.639310476334,1,MODERATE
272.8880458309777,77.33649120147685,14.67758950399035,1.8714714045250544,87.00649133817103,71.61867936526636,20.26436871930901,309.29092161149913,4,CRITICAL
200.76007888142354,55.77330034322803,0.1600519050924415,2.588154065002738,53.198475897609256,59.863776143347614,37.96597620799565,2709.96008741961,3,CRITICAL
248.78603979502665,6.6578452966457835,9.341119145662164,2.606966704162568,84.44351759534894,53.43794960887455,18.33271260660968,1346.732123756259,5,CRITICAL
263.6936700846802,69.03676986504148,6.192590966383596,0.3140362173514526,83.54145539531304,69.59434160062533,22.605308184706793,239.7576121206588,6,CRITICAL
171.53170561449667,38.444795266901444,12.897817355026826,2.809805052585541,92.43928012258696,84.76681652564852,29.6195367737063,2640.9743459065403,1,CRITICAL
155.2339055265124,5.500312513798997,3.7772205301369755,-0.9004964719415782,36.80650101574925,31.61369484116471,7.811504561196747,770.7818329791581,1,LOW
129.12822309629706,43.977380413064886,14.715442336726142,0.5073422440646627,95.48194181158027,97.85800787963308,42.92828247261858,86.3053739757711,7,CRITICAL
95.08397633733578,33.37314231805617,9.20561954315621,2.5831954300353663,23.650026432185825,86.69171099939976,27.944231444952127,424.70517459619305,8,CRITICAL
130.37878825761354,70.21995238900999,11.903061033432465,0.0985475192679317,17.377189983414148,82.58075925519049,25.31280058763209,1984.1619308612896,4,HIGH
232.1638967190469,16.31956828875099,1.283993292341525,0.09232580128527346,48.84539656351142,83.22711675263525,38.57575884479648,2933.8782376318204,6,HIGH
180.57702930453948,66.11716875937464,2.7518682713829756,0.21048914032755484,84.54906717776583,57.23424967330568,39.6305091958731,352.1571759588801,8,CRITICAL
267.75698698645385,44.615095294836216,11.376055095513047,1.4492535393876889,52.607901757010104,82.61343855913697,25.89041618116064,1396.6051834117907,0,CRITICAL
133.01400431375632,4.368824257077524,0.3297978305898541,0.7533311024574152,84.63580097774627,57.07391460220703,42.090493031745496,558.2969218236468,7,HIGH
182.1268736156262,77.74762410603877,12.253169788406742,1.9069393454133703,75.67181252148747,92.90947807023551,7.589510643059225,2240.2088716227445,9,CRITICAL
189.3922659275966,41.009219528256,0.20923528037867178,2.579642570258663,28.84855475250402,42.40556683145287,9.5290316900487,371.8155212902062,9,CRITICAL
177.50914869189765,23.2701483385266,9.8567825859191,1.6967974997714426,95.39934624095174,50.4643196950606,28.871529200577605,734.7284104730509,8,CRITICAL
210.7901319256549,37.55254735914065,5.476408803477088,-0.182133119209698,15.470305176646306,68.59362798893532,19.162634471743345,605.2897835942326,8,CRITICAL
71.23004051244189,68.62862268139912,9.172422790787987,2.7307276094420088,90.84517367894155,52.344772512109074,23.569006647567953,1666.5089454935942,9,CRITICAL
153.7091332637372,24.39224995080508,10.440471104836705,0.05797149338991403,37.39991040913366,59.69660717066914,18.123168715886663,2622.0885941618844,6,HIGH
31.2674408425043,15.414111718936025,5.137128287794563,-0.4004228186873675,55.01332748479594,64.46958825790162,21.189012457797425,1543.0487994461273,9,MODERATE
115.35339829344376,10.325699754470516,1.6194367216625332,-0.6401308845561564,48.0116685430661,89.94473441694561,37.90585388585198,193.56548925898431,2,MODERATE
146.30012058637934,23.8287518712169,1.0446880162239847,1.2535349626646624,25.465110122522457,66.62345775260849,28.739047994172186,1698.8990131785572,4,HIGH
195.66727786364174,62.40384696320348,8.834040338438218,-0.5449501500773928,42.23321797615238,55.372189403019235,44.89378197133993,2396.6125779676677,1,CRITICAL
285.15931577586105,37.730109215620935,7.809830306011673,-0.444896463549477,27.364099266351573,47.34153148245811,36.475167912838515,413.82546796688166,9,CRITICAL
180.19531996450675,18.1985282954832,11.133015136816988,0.20012192238198656,28.349782791447147,58.607318515453805,15.946650164073066,236.6794187468833,2,CRITICAL
223.07817485296795,13.294799968779936,7.646032650059057,0.12661203873785531,26.835115242374233,66.10152730900589,15.573804709067849,579.6671771215558,9,CRITICAL
151.87981784856083,26.61835812083033,6.336686850463186,1.4169580413285692,54.01156423119348,82.22804000422654,18.435930804680286,2243.3372420084497,6,CRITICAL
190.2312094128994,75.19394983085671,5.971307673543463,2.266981117890726,81.8138230760184,38.473414332063705,38.73037922590971,1783.2076502053646,0,CRITICAL
21.27966484013203,27.44213700720195,0.396703538965012,2.0453986248115696,61.20730303851169,45.51264317674056,6.091506026022624,1630.9720688060117,2,MODERATE
76.31747425255409,79.04992607637082,5.033358025449857,0.04993781886590698,90.38859296957577,56.57578111080713,14.207251154850308,763.4500860026697,4,MODERATE
108.55592796154161,38.818436461228494,14.640302362867413,-0.0187580080560803,67.28900397190517,55.22788835836602,41.19673681377068,1010.0650538356412,3,CRITICAL
141.74800650195408,14.33311346321207,13.103333643406332,2.8631661204278704,72.0406104069344,57.42236613236482,30.59585744333008,2898.33733857116,2,CRITICAL
13.694623650715121,71.29120734348075,4.940671005513265,-0.9670550336321595,70.08465067543028,85.54648852482272,14.073883820042257,737.0631756535694,5,MODERATE
42.007229265995306,36.82842985078615,8.816931075995583,2.518882132240863,50.451327386536704,52.69080820735212,13.765798729303214,2706.9033613001634,5,HIGH
83.04429233739174,56.773707480361956,12.709451183032408,-0.20108592351038013,72.04049399800745,65.13287262818653,39.50472407037722,1749.983883284055,3,CRITICAL
291.4598072703152,78.69692665673215,6.61911505125103,2.7891372923590714,16.273697182206504,73.67349230005276,40.75030033108186,387.42346978631844,8,CRITICAL
99.40410213091523,4.01402802559792,0.2693679562522644,0.36922913931007884,87.38663247240969,46.252498512852355,15.245243638484611,1412.5908869021025,5,LOW
144.61231743362475,7.735564783005371,1.117656927279601,0.7614070955730092,80.00309290995256,80.30867710032771,21.82041432306129,2846.67517773541,8,MODERATE
58.82931382151788,57.63653931702049,7.655890820230599,1.8284824557775239,32.07069624085109,68.29779238167967,38.383829545132684,1267.3254824493285,9,HIGH
183.23402132273048,22.546000263637758,14.541590635138174,1.3506762058930413,79.12292088286742,61.274681412196465,35.84029754439541,2592.8919630722994,9,CRITICAL
84.20496465479229,14.744111756007925,10.398143133283016,0.27175731882729126,11.137834126001664,86.68488187168197,37.55664426264338,784.1575100620889,1,HIGH
62.097773531528034,3.1489503855783596,1.063742871578543,1.215323663471294,29.552191523279237,47.04466814296274,25.735927631518752,1721.3480123651116,5,MODERATE
154.97178853379373,1.7477369588961444,2.8404131368779417,1.9228275374515449,15.862351480380635,91.82231794300262,41.461961932206925,2534.6791334418817,3,HIGH
1.6517397481262464,61.95884824958327,11.56984714825275,-0.8306602163900316,80.22042249561052,69.27341147566926,18.03806175817741,2763.6515546856926,1,MODERATE
2.2992097947675982,10.754674189564,12.621596399343671,-0.9552027789771835,78.02867360605485,72.64224155657607,11.26688537390072,1467.7536341108762,4,MODERATE
65.72064273055733,37.41764927769207,9.265418792828862,0.8322677562915652,83.22724214216476,91.254127491826,33.34929330259459,1926.2705443933785,2,HIGH
11.016408750246342,48.47174521435864,9.666347544447248,-0.47265352878594324,10.403352399297596,87.23078814945352,26.574176640275855,28.880789731346223,5,MODERATE
32.40772623920741,34.2681440455077,0.42506175575076965,1.6573771658588576,55.110945401056725,72.10934481753301,39.18343075237924,774.6054563899011,7,MODERATE
101.65819480162548,2.1685321868986485,12.427953893722627,-0.14379017509026326,73.43525777656029,82.72313926937218,8.246369964988599,850.5620691658984,3,HIGH
240.77570387394385,62.68012020703271,11.824128122562444,0.7314044271826838,23.986101586511392,60.33236431630278,38.747696137522674,298.6091747302038,3,CRITICAL
171.61459301079026,0.841057963332279,3.8855271615502076,-0.20931625250292418,68.48116547613623,68.31644274498224,16.731786128352887,853.4911398037905,4,CRITICAL
153.80031778692492,60.95119155019872,10.630150799482605,1.193934342996498,17.569908937871716,34.34490956959578,31.19422668672732,976.9436585132546,5,CRITICAL
88.0466469624365,71.46435950304982,3.2228190963749714,-0.5357861624617244,26.319327049388185,36.29005426000328,6.6051515631302316,2906.922797913216,6,HIGH
279.5261158298449,34.62719368457378,0.6049524157726949,-0.907572588850079,52.82171334951409,88.05977829304325,29.383251852144028,2012.4350940712961,5,CRITICAL
119.1045123711575,42.84339784782386,3.0170481388556594,-0.7954734475732113,68.82086374129918,34.177015897774766,33.69086756749344,1289.4951366607058,6,HIGH
26.127830038731446,38.1586714094123,2.6794331513144924,2.8170337660612397,23.128221425850647,41.85793879428251,19.75000858022481,2964.4022928726176,8,HIGH
185.1199548353404,31.136689489875103,5.066219951022709,-0.4308551255562567,26.67009977478441,85.70828612653091,13.616428210485608,476.63231429914134,3,CRITICAL
34.15151804298042,70.99396282962883,6.2767424576318716,1.8339130125473408,28.40017303590967,30.08021654397794,26.5052270641418,1438.632557912844,9,HIGH
103.56694284050762,71.51468085359924,7.6280833724656185,-0.728295183108695,31.483072422908062,49.76830301921051,38.32763217742586,1948.2453770061672,0,MODERATE
152.22358161534265,26.865309171322764,7.151308132624922,-0.5673585910592713,30.38984636736621,70.88270604786352,17.94189433186603,185.63029076254952,8,CRITICAL
262.26675740555277,49.20558032117584,4.060119089479341,1.0355050056373387,45.563419764787305,71.68149520285075,15.098771900851183,2156.656597087694,6,CRITICAL
148.0639741020356,74.15260497166913,0.437560028611117,0.8594837206173747,68.84106857530506,84.40070357606315,16.157412345507506,317.6047117075299,3,CRITICAL
210.67762980949928,76.96467991530812,9.076524333557261,2.8063212377594784,49.42286048210227,65.41483781445193,42.965286116666576,438.0412796270373,9,CRITICAL
297.8450516997211,40.7167232337638,5.936172447710316,2.7793418120829494,79.83765178748993,65.65813086716793,19.371076630582387,495.87474713701056,7,CRITICAL
39.44673596939449,36.225984422746144,4.480082360813245,2.1184345701698604,74.73416553537533,80.77174028784903,5.144169595531487,2788.091683433443,6,HIGH
82.41945765585585,22.295545274282063,13.004115642457684,1.408407320509399,21.387422264416813,64.90371242863985,36.26724831838479,2056.04192451174,1,HIGH
118.37282267929392,76.7097498552328,11.201149616972398,0.8198412695720441,14.395746098866955,72.59437605945317,32.97099181341561,1973.1739532872502,0,HIGH
126.54845356164941,11.425144357829389,12.866483225586634,0.42471413731368424,89.01474075996455,92.84418477785357,10.142730584118755,1675.3706194656766,8,CRITICAL
123.30632257966373,46.386366083818004,7.424741920686914,2.7883501879022217,17.184795990658607,58.101570532866035,44.396169965396496,892.5618761114064,6,CRITICAL
272.2833007669665,22.60402140149111,1.963968781901662,1.4116352456987422,23.350526264774178,56.95875496434556,29.32249141220445,1870.2513197060673,9,CRITICAL
214.20979334005693,22.32066322782373,10.443321541819087,1.316290110743978,11.991994800230625,30.248429430533992,25.03117963762406,1242.2461652681466,0,CRITICAL
182.37156422721114,32.397486990095075,3.0911066990576286,-0.07239551292434054,66.55027287687884,72.93983830648624,20.288770704915642,453.34012727599236,3,CRITICAL
92.81181535883462,79.90343486525236,6.618445036375752,-0.8132087284595477,62.41335068425137,32.08403351849924,40.94691022254552,2074.9999251766444,4,HIGH
247.1371152663884,4.397304547185765,0.9750118342333275,2.7807543190381776,98.821329979173,65.29039428098214,14.75853925674253,406.1548604311697,4,CRITICAL
286.5181534454967,46.28334545628252,12.379626036344737,0.2549410353786157,89.82391566854548,86.29636523225587,16.430756008796074,588.1923714430962,4,CRITICAL
246.35948476506795,6.605772642822174,1.8891096157125087,0.7703560932978348,46.975885973281876,68.49447493637642,9.896432267462675,2456.7439493058655,2,HIGH
0.46953155744187125,12.361666399241518,13.546462605739645,-0.5414402256571726,43.44272568212815,48.87453156516732,35.3647638233704,1987.1489464529589,4,MODERATE
190.9204110550221,35.165035341831896,12.963459033923357,2.347697319637168,36.71668308519865,85.03178950145599,28.821971216234132,1900.3536395566543,3,CRITICAL
15.340614432630218,40.836810507715306,6.968741466588691,-0.8894726685762775,23.716622803409322,48.880190285777715,29.362646770179932,1266.2442973413176,4,LOW
77.28216610011656,20.70339266916192,11.16552306455986,2.335963048396386,22.427529094180812,81.31222466621291,13.738817240778545,1200.915944353326,6,HIGH
17.857410104331507,25.316570469953295,9.291676107272298,-0.43885994884813284,21.90553372086449,72.71809186331619,31.046735565083353,2076.9825753724954,4,MODERATE
181.13863588481632,6.957361620474645,12.046134635066172,2.5462564505246084,20.27032814681007,41.89974077236008,35.61833788987456,2225.216505054956,7,CRITICAL
205.97697404778202,24.257582707540042,6.477076511788681,1.9190905493446295,31.646083816498322,93.35937123909301,19.31554122902757,1540.4353430456454,7,CRITICAL
34.34629141977153,77.32467515044353,11.78712726366525,-0.3413189499707796,37.60017672818048,44.0450578070037,37.05388575846849,2908.422348158608,2,MODERATE
115.15166491349385,75.57659053379854,6.93685225597722,1.2632719714378724,96.54210739350243,99.27109518984689,18.95162354128084,2867.9846855782384,4,CRITICAL
136.8709526866626,26.7902632109588,14.114486817641907,0.2506252574208778,62.062592590169714,30.511734205845855,35.325538460371504,1249.0398802380207,3,HIGH
110.71590652827497,45.66831490230093,7.295581512377214,-0.2870676043536662,98.88361970619529,48.443836400003214,6.349204298308759,2465.454317763798,4,HIGH
36.30750014555792,72.76763128887555,6.939289079005943,2.4367287976444336,43.52202530431059,43.99022080919392,27.046584058946106,1638.9381679632777,7,HIGH
125.68433705624263,0.49470581127173396,11.776077923452691,0.6140910660289176,51.18639693304969,30.979538711932385,43.781062425595465,1545.03254492038,3,HIGH
225.35341434252544,64.85468562700734,12.323665376412569,0.59417485746153,39.21207932487513,81.2657530103121,44.24978402729563,183.79290290838247,4,CRITICAL
21.30229935997664,75.86956422311351,8.31733671481756,-0.32045330077351997,26.459888580689743,78.53980614697173,16.270103133669625,1730.4446371955644,6,MODERATE
24.054004224571035,7.306058746684565,2.696967202426131,0.5322627043431147,22.884823699982125,85.46456750484514,22.655963643214218,2703.7222330782306,2,LOW
106.43138755079526,12.915814882633683,7.016373464363693,2.4864673853154007,95.05712780270487,47.968898252519566,7.519116319465322,2344.7988706013743,5,CRITICAL
282.5177134856775,76.85970422170843,14.521087543645177,0.45251484195854363,98.81296136188801,61.103461695807894,39.93365230418399,2363.2250912038007,8,CRITICAL
200.5717940168742,43.0032114912277,11.294792895587777,2.8064142499991522,14.04185468578584,76.13794651350833,27.742886125608564,496.5885349574909,3,CRITICAL
203.60098700176945,1.1357307577378961,12.167439058186982,2.78523559683355,23.531128725858988,60.78379527217005,20.404027157620682,1088.1793524580196,3,CRITICAL
108.5759972513595,20.610559901082333,0.49238248228860193,-0.4204053627706159,48.11716830709204,78.8128039222541,9.510822339566122,714.9506516177026,5,MODERATE
178.09823736256152,35.99549394150877,7.017891939512398,-0.2907549859094205,26.77001287099666,74.37813859083096,42.87069141987557,961.4275417177951,5,CRITICAL
3.0393552083230135,55.432712881981416,9.69931700486333,2.4506962813275566,42.749235426419496,38.02534621155235,26.208761912839748,1747.0272436113016,2,HIGH
190.82881392286265,58.652830250943964,12.450490254421121,0.5710436756988768,21.618671487367003,84.67301847538776,16.317117163316155,1107.0557638433388,0,CRITICAL
273.98608427287104,79.63372103403648,0.7391048037415721,-0.9825040708679627,51.08605810496112,80.44734513647629,19.00860520526038,1690.8794960435127,2,CRITICAL
183.77204050344577,23.000895950700723,12.786583284628096,0.095487278821484,34.45251545523334,75.90840713321838,15.827887236885907,1326.7337198582395,7,CRITICAL
262.1095780399035,43.05760814947802,8.226014051128676,1.3905159727822398,41.671455018279474,40.85655243897016,29.072392354279227,874.1143641801883,7,CRITICAL
217.19191663982815,42.6658838287684,2.959709558640899,2.197063863839872,18.48813863164728,48.75975141567545,42.198543031220396,304.3022339313727,5,CRITICAL
36.16752492110707,32.451620755779004,4.7588282467455,-0.4664455316269618,48.531524563912754,57.52239221113203,39.26775213306258,2677.678602887452,6,MODERATE
270.73599218575254,13.532951507393616,4.228943276273411,-0.5578345423330586,98.49318498654128,49.59507351595104,23.4152350170391,53.89263069385302,1,CRITICAL
19.933153306732464,78.19652505470741,7.962885514327137,2.6883706142893264,39.594974219307126,45.946720347329205,38.05997449204031,24.92441466307407,8,CRITICAL
160.19024176432913,68.26537493332688,0.7752851986669773,2.0045934712903306,88.87863473581915,86.3750369113243,21.924219251053195,2483.857264495367,2,CRITICAL
42.6411371380373,39.86664226353898,2.378042377498853,1.3591184031123138,85.88792274613166,74.67625724521417,15.092285630345522,2990.496602170854,1,MODERATE
3.5119832192712197,48.259633814722385,12.190395650636736,2.076747159983712,95.68525764674895,69.58304920851752,44.33660461065712,2186.7664265866956,4,CRITICAL
126.6102780382917,18.180884284772986,1.989059861202166,0.7154174452265538,81.1098561040385,45.81668975972777,17.155502718832874,65.51603742739653,0,HIGH
88.51221229624687,43.50296563133975,3.5009440418719047,2.0338229892365063,69.36371443529335,94.26535935880489,17.948969239476334,695.5368754721698,4,HIGH
145.8001481392809,55.597610649718064,6.8005590840623595,0.487211965098143,87.09259998047118,43.38281273681214,44.58771471146089,2916.0316467806447,9,HIGH
173.15996602036523,41.21336227092711,7.756813321699957,-0.02362171002959057,16.808021259161467,85.64656529772739,10.357099726626195,2429.640671478028,3,HIGH
13.121721692684208,79.2228136467953,11.45415719421238,1.9160536851718746,51.6547591478927,97.66708666937052,35.4213595203878,1709.063534538039,5,CRITICAL
36.900988537123695,48.9073324998181,6.709986399992816,0.6786891686290732,99.0330614753553,80.89649104569652,42.43251033930906,725.8449141322698,4,HIGH
167.5927189351276,29.677897007373524,11.847969315533081,2.9255084173047794,79.2640136165259,99.50011426292409,25.471799771016745,62.82321366171196,8,CRITICAL
102.95020595179747,61.77216220926705,9.275194605681861,0.397940729232404,96.58678402335008,75.57357818845627,5.100870468112801,82.16718845947884,4,HIGH
218.7520462648344,13.637000926531364,1.6964960913573368,2.6869096821242637,80.16709205201312,45.22222405227265,20.00235776452425,1843.7029733200754,7,CRITICAL
195.6874945775819,30.761265096501322,2.3449715758925787,2.731850194268318,88.73937706979298,44.26736456015579,9.462759695393084,85.0589915302209,1,CRITICAL
253.68130889697204,27.756716030206867,6.555505881746562,-0.03258821174101545,73.58766690728719,52.719499897883345,21.64750643734783,2981.0178229376106,2,CRITICAL
207.7478480007676,34.54456760862218,5.953340896335594,2.1928847263520534,78.44518039755158,30.499101415470424,36.601070465691386,566.4838238113396,2,CRITICAL
128.97932321704445,62.54238607429811,11.15316404455942,0.7322980205782605,57.086020885555065,77.71889290579841,22.548461955352018,2137.9079383704466,2,CRITICAL
201.8899867183297,38.73384257307259,8.711057096960278,2.6700989089213922,93.18139307327196,48.80674492394793,22.2770048538369,482.077969808992,5,CRITICAL
82.61435227662555,63.52115602127702,5.82199621503374,0.8004970905409552,84.25350195610255,87.0628262604927,27.271579076753866,1629.4783948711893,6,CRITICAL
91.89404963346381,46.11911225118927,2.5614042517557847,1.9772148693494644,85.9496469099069,55.14208553915102,28.267623389907207,260.22163962932837,6,CRITICAL
236.695547976238,27.365554772604426,3.402556534882427,0.8678696366551915,70.5708190866747,63.59695454243189,39.25185235195885,2304.9997051090645,6,CRITICAL
133.92585492047465,64.79829949467779,8.632515277035886,-0.08879697714857526,37.41219523785241,97.59822415922585,17.33421756915806,1763.0648622799924,2,CRITICAL
239.51410215550575,19.06317364424733,6.351582073496887,-0.20259948422125484,13.20668158511254,46.9520486133094,37.86685057472064,276.7767463362168,0,HIGH
246.72671210048352,17.950638383983637,7.723912632910081,0.7017247770253823,94.20896164685901,80.48778682008177,27.63734994768189,2548.7868438160162,5,CRITICAL
257.2687012983851,40.36023392438686,2.560161529533505,2.0219786280568597,62.750831392494725,82.8582452513792,17.02118198868588,1650.115472034572,2,CRITICAL
274.9905707523622,20.86793967696711,9.943593785168487,1.4202859407230672,36.83286740333263,45.46987102665446,16.805041760243085,2766.3450838396875,2,CRITICAL
129.2955661539889,0.7269627960973057,12.788081112839505,1.7545171596021731,23.422159706278403,65.06977856285368,19.445500684228982,2751.5376535607757,2,CRITICAL
95.66004549634165,51.86380218390412,3.8690926018035086,0.12930540292776982,84.65708489506792,54.514134771907784,29.90772970479902,2763.1132126700154,8,MODERATE
174.65962397823415,40.88750571779184,7.372713387477399,0.925741383830422,85.2868175002821,84.03343703800624,14.232469254397966,251.79989659739456,3,CRITICAL
111.35172703128828,35.64142515945289,14.632909935313526,-0.822418940122692,83.30571713174784,73.57383233203262,41.813342466890695,380.4541300284799,4,CRITICAL
180.3222500400699,77.35748116946523,4.998626108260915,2.2701296638324826,68.05744227701076,63.31881384023829,27.996503367116013,2963.36331295427,2,CRITICAL
211.6757587931474,45.6959347170331,8.925695173856418,2.9595686489594986,42.94138488326883,84.55542855334028,41.80063107984027,1473.0504477681438,9,CRITICAL
206.52150554764106,69.07452622315076,1.3529355030036654,0.6275162504986835,37.36632563022313,46.460889900589194,6.856174343166188,729.8778774308599,0,HIGH
112.3658661060364,11.156018896412814,9.090225037191647,-0.9561453874738266,10.769929310635316,82.75353164090514,18.704454818458935,2313.600175726001,3,MODERATE
50.05806050962585,45.53651705035421,1.3444765995692687,-0.32082944179621053,85.02468028194163,90.5762018464977,5.912306427504923,807.5699592131963,0,LOW
129.15880153866226,69.43837013847224,14.38853152985733,1.6101075110016754,17.868942774427822,91.50351177653008,15.890072603918792,2187.102750295554,6,CRITICAL
42.77824322457262,46.64846058239184,10.734939781084671,1.4483172728154368,66.76794982366908,84.85715151137227,39.48025889074353,2515.1116179922883,6,HIGH
267.0291105551425,57.44113425016012,11.822396822035596,2.1514588783421758,55.36674521560795,58.56099168987881,6.464388633688034,2357.1048643399363,3,CRITICAL
103.76323822135723,29.76348542497659,10.561565411574552,0.015536043844272651,57.4020423033716,98.72656159024788,22.445883996629796,836.6624684298474,4,HIGH
46.337924166997134,7.395961362965329,8.845935541146986,2.054527662188536,93.4041560776996,56.57155506757079,9.702682818929112,1216.8233507561265,9,HIGH
7.634327971725263,36.63202361016572,6.748691716282581,1.751936086094679,12.84535101441179,74.7037779371698,21.67362637041471,1251.4879896351636,6,MODERATE
193.74671588594526,31.558351267108602,12.875600696415937,0.2912579908553732,79.60530021658951,41.275192464862805,38.55406337057509,1483.993295951326,5,CRITICAL
191.07069523642298,69.36481459031579,14.352535013145946,1.181952592227848,14.684715853057641,98.63142290454749,29.922841336100767,518.7710975896055,3,CRITICAL
102.1812499743875,19.51962418819778,7.485542593561219,-0.4109047660066931,13.433824534183948,79.27901453052642,34.47025381325693,1368.3607502347404,3,MODERATE
21.513566654295303,77.33873820280864,13.97302573732893,0.8102580137423305,48.68359283272437,82.73642816724578,18.96416461798324,1542.1333117361296,1,CRITICAL
122.8886684685696,76.6510495843597,8.749993649827763,2.524789358222564,15.676765690867004,34.60436923878012,42.77590780040566,1604.4928098115363,9,CRITICAL
93.36524851901807,19.810531445715096,8.075762803446498,0.6847655193015632,81.02295561636208,83.43924699544702,33.370483751180004,2463.3032813536856,1,HIGH
203.1361919205028,27.84415643818564,6.8172409943303505,2.358266825901688,57.66067842835035,84.2306400454421,21.871952771381235,1561.6568054688958,3,CRITICAL
181.7337748358071,71.6444592699108,3.139316422951798,1.3610134610387776,12.6134904393797,77.02409084535608,22.058592009082197,707.7360890907521,4,CRITICAL
109.378118459262,77.3297776716886,0.05579491227088784,-0.23249314759057294,13.645061783372757,50.43367296532405,41.747367117731905,1996.1236399676777,3,MODERATE
65.36776627649704,35.47512822688353,3.622593402840919,1.3244249787915856,65.14016767655315,64.27830295126171,28.056187737415673,2395.996149378143,2,MODERATE
296.4107898466776,25.679763651271827,7.6458475740534775,1.0239333166282538,82.55006358925644,37.730405991610155,33.25516839612167,971.7275659860201,1,CRITICAL
136.20048635883447,42.087521060123365,5.699399283896288,0.594565340785536,49.40195781472962,63.011094652140685,21.681408980526832,1943.0116684724635,3,HIGH
206.4822707340711,55.02153650925878,6.727278420039507,-0.5214782419357187,59.9122604382062,47.06766968202834,13.947710590588564,457.87522791911766,4,CRITICAL
42.16589027350823,21.877961229998384,14.709723293460744,0.6668346553889193,81.98465086449114,54.436789054585745,33.94237167977674,1038.9403876426309,0,HIGH
145.67690989781934,58.91785396952582,5.254085560039914,-0.7089504950414915,64.94555566376373,41.382028588258905,29.312950885655514,2729.48731005791,0,MODERATE
8.261015960839647,4.132588569171283,6.782744090401619,-0.604923794404995,30.228421389293754,46.10380574228279,25.053715216991176,2735.6983262244607,5,LOW
151.636535373135,3.9435594211533154,2.0027332702922935,0.6636661317308641,65.17468232825308,35.359804927408135,29.960837599778554,1734.4672446543298,4,HIGH
289.2052221353107,30.90301641164362,0.7193659865548147,0.22152592787385483,66.54515131586922,94.3930956505845,13.331423442569346,2113.007353378018,3,CRITICAL
115.26201389574007,28.277855364857647,11.63114271888742,2.702177303448894,76.0696282793014,67.12874815827823,36.75754826127825,2564.965937313705,0,CRITICAL
11.698803772473475,25.25065722937218,8.56024762607968,0.5028232215210822,65.87867688011211,57.77193798839178,42.92651220081223,2876.4884922316273,6,MODERATE
9.286737275803059,39.2815810135128,11.410572090658425,2.0314324882884005,97.23179174122342,67.45204489381487,40.64412576670811,1479.861592063513,3,CRITICAL
116.39602798406085,25.658686584925697,2.2479419832982743,1.120990105464971,27.755947784536165,73.98052599370868,17.857429812280685,1693.4956951455822,2,MODERATE
48.00748093895821,15.380633477447354,8.577431567740364,1.8163426745693418,95.59816116103687,94.53151553585444,21.240230931283037,1258.6118686105342,6,CRITICAL
7.0056288984557735,24.75756392708807,3.804637115120633,0.04046393206159671,58.45055413150146,42.50850666004193,37.33609199190245,234.50617242815767,1,LOW
226.86408418505306,77.9923418248188,3.420927253500299,2.7676198913533163,70.47605264454208,50.68867490446523,28.804685232984152,1279.954347897479,9,CRITICAL
137.55690266456722,32.88907335958789,0.17289021079477884,1.1203539876576958,18.951543770697086,98.30525354408803,26.91657774706597,2376.06947136157,0,MODERATE
86.77343159179635,35.57702214866686,1.9551108535360784,2.3252962851409986,44.251834724029635,55.98350906539671,42.06567870133781,2418.5587840147555,3,MODERATE
270.0249549049442,46.1235991960912,4.6390216724954305,0.46018277390445395,79.24412318168554,31.579315553012933,26.44099843908203,2679.283801488033,7,CRITICAL
34.84168806015768,78.66726147313813,1.7531814088640858,-0.5991546037979019,73.62199135890913,40.33504448460111,25.597547183492395,173.37078142438784,5,MODERATE
286.7756486865958,19.32810211486104,14.787876606164062,1.6948465908833952,13.612544934886916,31.843709122398643,6.680743650654386,1590.920676950289,8,CRITICAL
94.19001521320584,54.502568842594705,4.62948972785926,-0.9689614066503021,59.19348371475201,99.29461996945099,7.776678343605505,340.1249740524873,0,MODERATE
266.52110169260436,57.27877548333793,1.9548592005349223,0.9011719062620331,17.94503736715685,49.52095942938561,5.296812315226007,618.2117058339151,0,CRITICAL
180.88286294383846,48.585953343445276,2.986234692419366,-0.22879238933416302,99.6270786260346,94.64799298553582,41.529769031345346,2702.645177094207,4,CRITICAL
248.01220792244624,7.086267170931526,8.815548425122147,1.5095020177414487,90.75669296799651,99.7120393031801,21.335466400708025,1500.4379501204937,5,CRITICAL
295.2039489631393,54.149782066206114,0.9606528579718276,2.9176794925514087,11.897259438568327,71.988885480018,23.742455045336502,2280.4638642719087,7,CRITICAL
86.52163134562372,5.127576882894038,12.936511952117353,0.8576116252825838,87.27846210123677,32.323742054589324,38.81547790369848,211.86463566746886,2,CRITICAL
288.3406456222779,47.691411963991754,14.42249518855721,2.2699930261026666,92.74866405025668,35.711414127084886,29.36985241503112,1262.142981696059,5,CRITICAL
116.8445684707261,59.16649417773941,3.701211310010713,1.0311367478044842,41.81934003071096,63.71123385755144,29.380063855623245,2029.2360363797263,2,HIGH
115.65357142107669,16.877591249596033,6.751429028862891,0.9833601244160963,74.75514895429893,58.43204090380402,16.861377174192498,417.55131420907566,7,HIGH
102.11613127635171,67.32976060342193,0.33201676544245606,2.7216939727151113,49.7893371587001,72.43241140472374,38.35633495698077,990.9372797349358,3,CRITICAL
162.42228220427555,2.428304442640341,9.610653370908322,2.559863474986726,68.97092361187097,60.71934667979548,11.63319904157975,212.35245897117207,1,CRITICAL
46.24351295354613,67.50502909266449,6.208890870788833,2.1432018607518977,40.628566386837235,95.3853794490039,7.125983686917916,1960.993023791141,8,CRITICAL
166.11344560740335,36.82632405142121,4.050876991523335,0.18502301326713644,39.03033129699415,67.43178007894578,12.664134300741292,2913.2559519931933,9,HIGH
162.5114437230012,17.40703519453156,3.102556659249127,1.1800336628957622,48.199049997182115,78.56082430237095,15.709488750982587,2484.5955636056324,7,CRITICAL
228.570543781461,10.70225159951744,9.810346164881407,-0.10441106677725998,23.101098278725104,92.75396908497476,16.29244231416827,2924.3768880865455,5,CRITICAL
250.09498858127566,76.2645734065898,6.243255465484717,0.7756667921861591,84.80250679918443,40.281031308324515,31.820543944750703,2539.9022893932215,2,CRITICAL
132.13240509372721,5.813247006492537,2.6948893354486803,0.9368522630391625,41.38281058254729,46.081425788297,13.71298349314574,2568.4835024669965,1,MODERATE
90.69997480544812,15.927473594874053,10.33663622230236,2.3265601606773236,46.013459851526065,37.51230623318105,32.06633217979938,1739.988042206601,3,HIGH
77.80046919512834,27.825787794643677,8.476084245550405,2.5841134612999723,90.46491514319301,39.77468794609386,8.64528692935199,1564.3918880113656,3,HIGH
58.38715101146158,49.61878791688964,12.880080823942443,0.6584802495859114,54.69614326568542,65.88087768539631,10.88809844391636,1230.637713954926,0,HIGH
17.294274659707465,43.58408682208787,1.7621384831473934,-0.9291822197070512,58.98285184157766,52.48254812772248,25.352857939639797,2457.9227872367223,8,LOW
102.734393650414,10.051479392985119,11.784999029166842,2.4470953591574185,96.08483122993887,59.62209876687284,41.875832103065704,562.5614845885133,9,CRITICAL
81.07430763923497,23.178238699057168,10.102751802258885,-0.3028852859945572,89.80537448304902,98.77428822558433,39.38270355244456,187.55024915609573,7,HIGH
289.9252157599222,19.100141686881926,1.7251640524214673,1.487527855561574,25.252003799959557,40.96930434571637,43.75013769771213,2844.7235916003315,6,CRITICAL
167.31264787501317,17.083428359227312,10.422310948075811,-0.9001163982634752,52.589352692629454,67.85684495586528,31.019162611126838,31.258991906361633,5,HIGH
104.18311170915227,32.891546918398966,6.623209333197456,0.5980259010422571,97.41666046856909,36.920980853755566,32.03259465664368,2930.9513791900386,2,MODERATE
174.1402802981088,56.322516207332555,14.174771783337647,2.943841208461399,43.512966840574244,52.2947419284715,30.000919957259683,2191.983042223822,3,CRITICAL
41.75901040370865,17.396234577378877,2.1241702592684897,-0.5972255955847876,43.441579766458005,66.92681465722191,29.912756914327893,998.9267806995264,1,LOW
133.21312476066086,29.334310376238513,9.64250086223607,0.6947726079985692,27.552720861023893,96.26422221757365,10.884813802703386,2099.503132397205,6,CRITICAL
187.87029642631916,31.273394147292983,5.729700681944189,0.22859980075980868,20.28908027072127,57.38597548984381,26.749558246557147,2457.2679684116797,1,HIGH
146.66934953773543,78.11652235483281,14.352220058863166,2.620352493553057,76.62743116803836,34.54346873502689,20.44271733806903,751.1789268395789,9,CRITICAL
120.53364019629727,76.3733085503255,4.949623429354147,2.4773604316294207,79.30274218313649,57.171301357222184,22.70148863109174,2317.269136173154,0,HIGH
298.15451666990947,64.01100662016607,14.432788642377002,-0.049204958775084684,97.21116671527,40.20188231117844,25.944022922369495,2417.0214825245557,5,CRITICAL
264.0944286446781,19.33271366553481,13.522287766511237,-0.6752488517982753,79.60763898148267,46.09927293040117,10.135846872090063,763.0767977735294,3,CRITICAL
187.02178744783203,5.442985127333575,4.055748529659845,1.50855357624447,31.901724463023882,73.26634362154934,19.379509354084796,144.94053604639095,7,CRITICAL
170.81320835468483,25.35233101764998,12.053126652396415,0.34547484753483904,13.61049204596639,34.71967063425772,7.537982435064143,628.284407983131,0,CRITICAL
186.19814394737523,21.343563954706468,14.93406302705259,1.6883375624242523,98.68936459326942,62.53066293750262,44.186725216895965,617.9262984903954,8,CRITICAL
60.39363234672997,40.47406401171151,3.789945032569235,-0.8715209757287421,40.64056259892452,72.6623110207535,9.741121152805047,214.4165534429399,5,MODERATE
118.54132297929559,62.21823280542345,6.551657539849795,-0.46640305929004233,38.07743881891787,59.53008746572478,15.34098954179818,2183.502006272484,1,MODERATE
11.837859867269795,68.66583511030865,7.802711048501395,1.7454889310905735,91.53596887744442,31.338844543661125,40.65171706813589,1152.3252748860564,7,CRITICAL
142.663811246048,67.58912683284068,4.423967037057965,-0.15051737879000893,62.65899086904875,98.98635498320058,24.308401849565673,2655.470779012498,4,HIGH
162.90737518729895,28.77404489784542,0.2289725946904464,2.4303507030496063,29.33840564642211,55.69810371383747,10.425488060825213,771.4698948822542,4,HIGH
68.32492083096288,54.978747476854636,3.3019386629629,-0.7656364491594583,90.01866184446156,84.50040308532868,20.369221521573955,1370.6318519977835,4,MODERATE
289.20865414965414,25.026735801937605,4.229053265126376,-0.1380720688577015,99.4024769549269,52.79525445312173,9.634719767655433,1924.2719382017533,6,CRITICAL
272.8363832811726,4.872443458814617,6.653995519772807,2.9942409939402745,17.801070503574763,63.25117298953932,13.00863988338007,2634.8455500218984,6,CRITICAL
216.64297063677176,56.125221248235384,2.5665371762010283,0.7323044103471705,87.60264654722386,57.19245498276976,7.081193877993801,1583.370882825737,9,CRITICAL
160.01598862960878,0.7862042055830276,13.098815350375089,1.811862654178574,45.14641279159546,53.977746065672534,22.529099781963996,1133.1033908809009,6,CRITICAL
260.9907478943055,32.734606996679084,10.573666990970041,-0.2693478045719453,57.166520185603396,31.529596404544513,37.265444869010395,2603.7049338465863,9,CRITICAL
39.19570314703888,26.350341544166056,1.2780071633949297,1.439474939942151,92.33343781884827,55.20146564981525,28.43876714799582,944.5343455690794,1,MODERATE
237.1529382824655,55.470203081508195,9.751386767098971,1.904424273477674,97.60412761976055,92.26429932796711,29.25381221938447,256.68262490507783,7,CRITICAL
37.446244190054486,61.29963782083031,9.804847146084306,0.25790654346604214,33.594751936791944,78.32753370155785,13.023361203329614,1346.2254803805151,0,HIGH
238.26319876482162,24.327570877702705,14.343317604654416,2.315588447903511,29.156569386392242,40.17960013668079,18.75575373009466,2359.578053364016,1,CRITICAL
82.73027047540708,64.93016115558828,0.045313070342418715,1.4136703138891331,17.246490273236066,71.38085032359174,38.80968415363328,111.7268786254988,6,MODERATE
263.12717430545666,23.5133408403947,3.718986747087108,0.5564920384601209,60.56180673959242,92.45616019642101,8.51424737306058,1765.9290900689844,3,CRITICAL
283.21262814761934,35.7061087989249,13.916872190629732,1.2305695733726343,11.224395590560144,79.00238286753988,39.31722614674135,1791.5028646111637,9,CRITICAL
44.63879082153469,58.161482161130714,13.982008730974245,1.307043389743697,47.07084678489429,40.40790746496877,24.347601050591425,2787.0544550135974,9,CRITICAL
138.80268151961806,55.433618337983084,10.808796290559561,-0.3378588292245359,16.60456149868077,90.74827477141477,38.485897253004694,873.665155092165,8,CRITICAL
294.29621344880553,78.989477784976,11.4864498157131,0.6109294794678646,46.47032046364006,51.10808093022058,17.720256775776015,850.9331073678746,8,CRITICAL
145.022230791944,18.01288193727455,1.3722443689447066,0.37372235207797244,13.593897033904835,61.78533010186392,18.553718063320833,1332.6412809922408,2,MODERATE
259.06425675436356,52.98543308316659,7.708137521673504,0.6036108903165043,85.1695534547892,66.82999317824024,35.06419473292571,1083.6064063851152,2,CRITICAL
176.61945663939596,48.77455266206219,3.473744869334991,2.0444423539410317,28.876509454470927,89.53546230647368,36.39984693568881,2214.3106708141936,8,CRITICAL
112.59897237588056,73.20787635920239,2.718270654204259,0.9301536298666906,39.54778393221208,95.21252466033627,14.18578711960587,1932.4211898520177,9,HIGH
85.73506665776107,12.508971331590004,12.154549486849987,2.7612646129570573,88.30431969457527,95.07570144533892,43.91485299287622,2281.5846929606737,7,CRITICAL
60.966927325826184,60.143853086954636,2.0255720502082113,0.17470565343374478,77.16394551989846,30.556792689497843,8.379604169793158,2463.7245377720938,0,LOW
228.53945741330918,45.461489301501466,7.029774554945779,0.662814313139716,29.713452547785263,94.53219399098201,7.7401185240852355,2770.48377554776,5,CRITICAL
115.96215204690836,21.973269583032433,14.078673593790496,2.1478272419161657,16.470947679174643,33.80708762011006,28.82016861144411,1304.19146071825,6,CRITICAL
153.38263866022535,37.954793131773926,2.787480833480138,1.184098373283001,74.41063991698056,48.60415597722047,33.90963071086486,2954.3982206252176,7,HIGH
147.6976440003546,26.702127765583825,14.669901356073519,1.188112585697791,45.16322956192984,66.0491498309483,43.43544516899895,662.6692239428851,1,CRITICAL
173.18370876993936,46.34507222307687,14.914319786415886,-0.7866393479792659,78.9471999206399,63.59479823030758,21.197831231954464,2148.8081826030393,0,CRITICAL
259.67314368736567,71.12004886517327,8.334257320236043,0.5943986508738233,50.07652951376894,72.32968557211744,6.0116563595853245,1611.347765575424,3,CRITICAL
294.22180307502884,45.544398752976164,2.5521411026573686,0.08293492968692995,41.14021716750487,63.56123601159041,29.115853577856278,2454.3637721609525,0,CRITICAL
122.27526257214508,50.53779346612672,4.741573319113435,2.9973404913244615,50.60848673911568,95.40629757482945,16.587840823950874,1440.7761514071494,1,CRITICAL
248.2556766318909,41.499827769176754,6.367392490148028,0.23342028252924107,77.3703087103609,46.83841937502109,22.31788484781609,2356.1371333800453,2,CRITICAL
229.3583383964153,4.0932405156380725,4.639863365373344,2.537986139175454,91.19982578863367,49.18172858269401,24.53877928999741,2791.9027696500807,3,CRITICAL
172.05868543667196,18.62868455008754,4.2095336981477365,1.7049349401619098,14.479047692971799,94.45165549851393,7.580504429521353,2202.2369130974603,5,CRITICAL
286.81414308357995,39.36013835456662,14.583445638245363,0.3636656367683617,57.17003871042596,35.371765962167935,24.43927138256411,2332.7609729306064,7,CRITICAL
60.14235465852084,24.81882269957638,2.3004724112361847,1.1741375134964946,12.955188617548984,72.66925753333669,22.05278667217259,220.18278517225124,8,MODERATE
32.779263092886424,14.541087820895537,10.999918630752934,2.362143519796775,52.15685905219228,77.72151664459275,33.501770611463726,630.7738334521963,3,MODERATE
256.1885900866266,40.330627353475066,0.006154341587623069,2.5334731921236475,89.67545461872103,65.38792064008176,30.826636448493787,2923.4251467007093,0,CRITICAL
131.74494499012448,25.824783475828028,8.942740041035652,-0.35842449997541914,42.54312397782787,78.5962315176196,12.408628726022442,2085.6972712864354,4,CRITICAL
254.09065626211813,20.64861145387318,13.739145059310786,0.35829256483267846,93.92053789725789,42.09282522083769,13.24555672841588,1693.1180715867938,4,CRITICAL
267.9270615586245,37.11883339523047,4.319011411398285,0.3408927208542867,66.75476244855486,89.68425629400778,15.040247150974931,1113.5895927214212,8,CRITICAL
18.73727808572143,10.662740646573852,2.782889628865788,-0.8318208156962212,94.07398094137058,39.80179826289199,12.158017611887093,152.27922359661537,5,LOW
265.0394288958182,74.21965864603258,9.775196923176404,1.3929510394075861,78.14499628712677,58.05687110210248,31.288527986738686,1120.0250057331223,4,CRITICAL
134.49571661082666,69.41616783353912,10.689021109475897,2.419280211968752,19.309164998388606,35.268032091574405,44.77720716801082,1506.7603624029362,9,CRITICAL
153.12974670126965,56.60964685924283,10.32045778427972,0.5262975513020711,30.803623080640936,68.164775517218,31.084333620637462,650.1493379729225,9,CRITICAL
187.97775332796306,8.497106207076497,4.789753200320611,1.960143779936708,45.475340912515556,76.88220651979475,29.26726184765165,535.947637996021,4,CRITICAL
277.914782019026,62.07018035757544,3.783036032389963,1.5108016544029597,25.30961938108684,95.88551445667034,21.3971173340429,1535.0813230454003,7,CRITICAL
5.7348283289292095,64.63658624872151,14.338781999430664,0.5025949419720033,54.54204442989945,81.75353371272007,17.50321035439043,1765.994622170081,0,MODERATE
143.05304049534513,61.42116941714701,13.849492624048942,-0.4357608020308117,52.42313401313415,67.87720415179058,41.44295027625917,734.955398186484,4,CRITICAL
206.3166127291682,9.117270969539293,6.8597491483923045,1.8372954111038693,96.06332782246432,95.28319120192336,43.76007496568612,1770.4206338795148,0,CRITICAL
216.81208730946852,51.512636565421175,12.692907992315602,2.418260675764962,49.035509460637996,63.49057866286136,24.871047023509114,2703.013092345399,6,CRITICAL
207.7597294611324,66.74598365995189,6.78485216451444,1.7434179696059675,80.7064123859198,69.28439571692086,16.6080198202623,1430.0563089036343,6,CRITICAL
40.33053882243656,46.18827209757342,6.365835271087656,-0.9284860638607277,94.77194903663319,71.72689693690671,35.80488830679071,2575.0227053698004,9,MODERATE
89.81867651150436,51.71259001824712,2.35144421398942,-0.135068422436035,88.9289947876587,58.698580812059674,10.298271634675139,2783.268904709289,7,MODERATE
107.61465762510404,36.66907835410449,6.396090847379592,-0.7220800604658724,28.780086206043265,88.69378833960769,35.623529505747264,295.3342062325154,6,HIGH
241.3311623038515,42.296585590724206,8.061254078997106,1.281544398304907,54.642690482818985,42.962315719154134,37.75793497245355,305.518507377255,8,CRITICAL
83.6279617243659,2.750148668138017,0.337564911430297,2.0259107153616496,41.29658040663331,68.83895332601256,9.996157785086695,1438.6116650050521,7,MODERATE
63.21148916016095,51.117041757862765,6.661695077631096,-0.5576832517253623,45.98728256234939,80.55632793310357,44.07445875186255,1772.5452840667538,7,HIGH
287.23440571142885,6.515777031292735,11.720343275928006,2.353351282373541,42.47261436211761,93.2783320313604,44.420491615539135,1289.132724105787,2,CRITICAL
2.65898553404067,34.80116754721787,10.200690845614048,1.2220359135819328,84.37232891575037,91.87428775039949,42.46877917309405,992.823295844159,9,HIGH
299.3462567045935,23.412407813392626,9.527354832959025,1.7598760485668996,50.69251496102027,65.61182026010994,24.841392376250575,1930.1624660559444,3,CRITICAL
203.0463896572187,43.634236016937045,13.643331426558037,2.885607394434585,57.13248990202194,75.02130158143392,14.842965691073138,26.202906802762396,3,CRITICAL
248.5407898347351,10.673306841856567,0.27048014737845016,-0.6652760470092107,98.42026213423672,57.59664152905107,28.28037123527652,2904.8583769739525,0,HIGH
88.38581890385795,55.331472157865456,8.355713792883513,2.604896091911157,15.39813449723648,62.77244340161402,21.79735353885743,711.595682800306,5,CRITICAL
4.294583300117994,63.60092295427763,11.810232726145607,-0.49558921605036277,53.91618758116739,93.43860548011347,13.237945788687885,2752.954330377361,1,MODERATE
221.36085556845902,13.06835597945252,8.12003074051901,0.571835226546729,79.66555362515045,95.14927952347318,21.947056384713903,344.86393871282786,8,CRITICAL
250.24337910020273,8.345046988150573,4.858433288705688,2.4057547853244574,23.60457623694039,92.67898406469138,31.55559342710362,729.4998024928262,0,CRITICAL
222.14283958605574,11.641238622988732,2.0437584763796677,2.625016946951473,65.03784351532966,39.68596032695468,7.836532431439642,719.9236292407511,0,CRITICAL
42.855086190251576,70.17020495188014,13.313446077242869,1.0254866941805814,31.55183015810201,89.50588149314453,18.33672005784066,2988.5356545179256,9,CRITICAL
226.02837667709073,42.2551409405085,7.061435885814045,1.3764185531017006,88.06637019021107,96.38546117150362,5.711795600513008,33.70962626313557,5,CRITICAL
230.6768346322923,37.38087968060021,13.17172795478552,1.8325893383942287,39.438969886007136,55.28747862015233,34.979820218467026,1926.1218637244174,0,CRITICAL
197.56215470101648,8.536945528188342,8.787781836497524,2.3310346738108567,39.61565352108186,66.30524025951685,30.62765070466803,2611.6660115613413,2,CRITICAL
229.83477983867587,51.96448054055694,10.112881749225012,-0.5139553218493353,63.83744906661042,84.53666790690971,7.506885388078635,2023.3754889937154,9,CRITICAL
253.77643190331963,69.4399673516072,12.06391731567675,2.2402772329169105,26.520661730791783,69.34546962959541,43.58950238407871,1100.9467782864936,1,CRITICAL
184.08123427123752,66.25486954587623,9.887333169002016,0.925104602046467,35.639977501275496,99.54384651943747,5.904862285084027,2875.761900854746,8,CRITICAL
26.58141419090372,50.0843767184641,5.970822610184065,0.802493700432676,47.49686651074703,61.89993556097799,28.598425859043545,2682.691848675342,4,LOW
146.28834290016326,6.02229733213389,7.704500758929765,0.695599007987993,41.82740768260993,79.97598978451643,36.05469847196223,1313.1856623435629,5,HIGH
23.29480040148152,8.991762174081037,12.045682870138197,1.0368463409841704,57.23894962050242,85.4813798137581,36.515852521788915,1728.5189079812671,1,MODERATE
122.26290930972925,3.944718968785974,5.604754445594763,2.780202213578414,63.967612966206964,64.58702910309077,6.371405423728151,2903.2071796596174,7,HIGH
122.1319467376883,20.598337319397544,5.8218218515274565,1.1928150911686064,61.00007083751481,89.98886639979631,41.25660530561757,2948.029878540881,5,HIGH
19.802953242072473,10.85291737283022,1.4353517408700172,2.812710153052557,68.87514807927391,68.23082138450374,41.73806687708489,1360.4733616394976,7,MODERATE
104.6461601908438,20.80384322019471,13.718766528326215,-0.27883947753743765,37.69745649470382,58.815555776114195,27.455614926174906,2545.103083866404,7,HIGH
33.299429637394454,30.804644457516936,1.365544724181626,1.8965439153305326,21.378360443952523,37.547657169636295,24.283327955485845,919.9010763227303,0,MODERATE
242.47056300276665,75.43862272569085,9.723137661728337,2.248958154434989,78.47267872879694,57.538950344529695,6.794698522503992,1128.0023613333808,6,CRITICAL
284.3064077893412,48.830084782535366,6.197917182041966,1.7165153253394476,86.57023443676138,81.37555183132989,27.478165700394747,511.1692113108743,1,CRITICAL
21.694942577381582,66.79790285463699,6.084290853831636,1.4276891209061615,33.13056090001891,94.49004881760752,21.37516327080923,643.3700864746563,7,HIGH
286.5345621875104,56.82812005698658,10.19327754859026,1.259251124344729,46.63827605422178,47.61755827022172,35.91225629634624,1977.4824407328895,1,CRITICAL
156.77297980102355,9.00025044213054,1.0064059894481807,2.443721930314784,54.87122952671997,54.86648621313518,21.155342675443514,1542.129221661101,3,HIGH
89.86970338616217,58.87363250991591,8.905586744271519,2.2865863886580002,57.999415847764276,40.77726958730983,32.34323333298839,708.7729446642966,1,HIGH
23.058622582849054,22.007910524729954,11.580476789585322,-0.5108451152776019,69.35411539788866,78.35060259602781,9.056325849501231,1220.6706567577246,6,MODERATE
150.18728042112534,51.12862775957651,12.423191368298912,2.3943506281235125,13.74429100197892,97.21319010069477,10.318090830638678,1132.0867103937715,4,CRITICAL
238.3546633472246,27.276957891439082,2.5579558409066294,0.65627447776177,74.93293744606153,74.86665538937228,10.588407625966333,2962.333409515296,8,HIGH
212.12594318000944,79.81378106117273,13.461285751172605,0.014787319983243119,15.577390628146924,73.19535710043584,6.821019991989741,2563.6261948899105,4,CRITICAL
15.06780343919213,21.084118359742227,9.842191377711632,2.4790742720557035,52.145971090558106,68.74429513503037,26.65315437079215,1176.1396734837963,7,HIGH
21.870550610371055,22.330437661941573,13.227822012310241,0.7280991985349665,84.49040220122747,36.19190184798756,36.75870904174544,2743.4714051101787,1,MODERATE
120.86198478979114,74.45378044499186,7.279210756652974,2.2334587607072667,50.60937819505566,81.06526785005686,29.416448147746642,1041.05346705195,2,CRITICAL
88.58714821438298,1.9715523709058136,8.13050017645803,0.053614447823377986,23.418077389142297,72.14346804845457,27.99819542211425,2010.346507949881,5,MODERATE
69.71529691681435,55.73511902985575,13.785574155430067,-0.9842827143111288,98.65304605053637,76.30337381994009,32.22495713610946,2900.616990112695,6,HIGH
84.30134967261408,58.02611125887025,13.498643150320076,0.9818367716117775,90.0356915866837,92.91677651191951,18.585812922880592,1183.0310146858858,9,CRITICAL
241.04482298906538,66.91028619283195,6.7224131005350305,-0.599086973428463,79.41822699025126,84.87725509427125,19.478162865929157,2046.0571960127027,7,CRITICAL
278.7684160895562,77.95514485107803,4.1161894745352265,2.0175038220996386,47.03604426092894,84.66406765081683,17.570803928836902,901.852956966647,2,CRITICAL
121.53080835826992,78.0481535325322,5.897556518463962,0.10430054427764146,26.546115420036802,94.90286382155433,33.484357314143026,813.6107004819644,6,HIGH
271.8333006397491,5.2221406053171116,5.816464927946246,0.7745825864139149,94.72700632766511,99.29544660240997,11.465613426830972,1730.9868659660249,7,CRITICAL
96.4487103743646,65.7471458202322,4.30300312474191,-0.651865739633783,57.91160138654251,70.68979123727416,5.521011212516975,2938.2085021389903,9,HIGH
142.93109590313748,51.704794692590504,4.0286940649944984,0.14663699378901063,86.71199143487365,37.6217131221816,28.847857868899695,1370.3388691861064,5,CRITICAL
67.80869934479992,51.7873707498473,12.915944047195792,2.125960973034288,40.788550518348316,62.13909354428055,42.69525458936822,2814.1581715434104,3,CRITICAL
192.14281265275318,10.267994129175584,1.0479288102699251,-0.39364835239072216,40.17594853715235,85.1320802523151,29.376316679852188,2744.8032903293897,5,MODERATE
293.6943345524427,52.01497331565227,10.164167731493912,1.5886382445078295,98.69864326066352,31.940772733329442,36.316866117635804,776.2125847880843,8,CRITICAL
181.04792881301358,78.59860644809983,2.5923007718467845,2.6697034112180047,56.96497436453648,33.982120684930436,31.911628378641204,1217.4218331112957,2,CRITICAL
107.34422523406467,72.94548556315576,5.167588400910948,1.7193470390308812,22.66258814746717,34.701044766797494,24.89746614092065,1937.0413859126656,1,HIGH
194.3452337971585,35.13045286438804,0.9231455120225529,2.2440867571689074,29.770721019523666,81.17250308298176,33.73569607135384,1563.776735545947,4,CRITICAL
36.87620353961627,3.1958378628875472,4.049604552831931,-0.5641134827843368,53.37498514534487,65.08166399942205,37.96416495420887,305.9564189922595,6,MODERATE
266.5977240796196,28.983479200016387,11.526316066758632,0.0029273040082178348,13.822381943957021,55.82285604644155,13.98926576686792,2981.2201297789316,2,CRITICAL
150.9251852339509,66.11122492804442,13.275229868208879,2.578155408962364,51.62805868404704,37.39319316832152,18.44521921932582,2262.9089236096142,4,CRITICAL
134.8049226118926,56.119928117213284,3.3229072785355056,1.8604224544723569,47.704675787211485,81.25681751441223,13.949029300131354,1324.328233909641,3,HIGH
175.75943653605574,36.747492447516514,6.9532175888838275,1.5582153055092447,80.14026387875383,52.47138673856298,23.08691822361764,1862.1422780055482,6,CRITICAL
187.43515883682073,4.4081228127064875,7.054860719058096,1.6550669444868,41.94477680403176,48.5726849045267,40.4025820366667,280.96699545336577,1,CRITICAL
21.53274186795391,34.15157822586421,13.103629586396012,0.6568022172185737,98.42938853856394,75.66234410874856,18.808284033413294,1495.9989279950378,6,HIGH
204.7851663670207,37.52199517743068,11.44198579313708,-0.8217734735293871,26.269292737081283,69.13076248177893,19.978675565222133,2793.8805991361137,1,CRITICAL
72.57950409465887,74.28444263153088,7.696158275520748,2.137766168282916,63.18880164713214,55.368744926931114,39.41468938687727,2691.8708550038355,2,HIGH
214.18578975197693,51.286888286572754,10.061208007076601,1.7148529448614154,18.072936730742917,74.90412295639118,25.614973229787008,1025.394919539774,4,CRITICAL
246.76043831525902,24.93223333237191,12.710325808640503,0.8912178564508988,76.04775855945839,48.98550642688827,26.417959985897376,1603.4762341875896,6,CRITICAL
241.1875522657561,42.02546115605771,0.14308431038317415,2.5990384614730297,99.52783192557743,85.63811831230288,39.43204813328852,2098.2029017811874,5,CRITICAL
165.75029022236674,5.284424625772806,6.043350465750729,0.34463865994039544,83.7224773976469,46.052326521535775,24.621069481018928,1033.2276153855578,6,CRITICAL
156.05096769322535,77.80545885197894,13.60864750915618,0.17728697692494366,60.01331866482711,41.1186386767411,32.26230138517581,213.3400699199367,5,CRITICAL
42.862788401823515,28.80479215445808,11.10469546265927,2.4911853003177713,53.62672216597228,84.77075866492125,8.425786634962428,1526.2161370190581,0,HIGH
232.6038451209407,38.22938839305087,8.14262061501112,2.187950619035942,85.15269651401623,79.55244214885532,12.145268525075412,1812.8744927535424,4,CRITICAL
81.42281413401432,28.42271793895381,7.944667905527002,1.059919242593379,94.23766762396518,42.78472829912589,21.175048028649822,37.40796836210054,0,HIGH
149.00862684538396,54.60093840929601,5.2165514640665664,-0.4770610421686001,99.02858732182837,38.13720268829566,24.793562712794994,304.8146131448213,6,CRITICAL
85.28222787825501,52.97857266636744,7.807808004622718,-0.13971411413979018,45.68853048080357,88.68793619406844,43.62934804944918,637.7261179105737,3,HIGH
40.148508899907945,57.22578484233085,9.8307479919518,1.6249119616352266,99.18257273150611,84.36189375376816,43.8260653219116,1057.1958152329837,4,CRITICAL
188.86730906752098,21.451458368953666,6.275445576431896,0.5401649513616467,24.033362695644833,52.908016158976494,39.047883499150466,1632.3326440351295,0,HIGH
16.29961044687115,25.25347849312528,10.71229719588261,2.345892766663885,32.819479833871824,76.07381857493567,17.62395341142298,895.6518979038026,7,HIGH
224.59357023786,10.020098487696636,12.918483408905788,2.7998200373288165,18.01145122605066,38.691213058346754,43.561131633297585,843.0277669313812,3,CRITICAL
95.276038578335,52.440797747689004,2.3202727227729176,2.222547701099673,34.45646648360335,65.49333613333746,32.5736345870485,2610.661044562984,2,HIGH
0.04040790134559602,3.183770186852204,6.773205342261367,0.5101816919822286,79.114379645621,31.311120444229392,20.717605112696017,452.2509095882503,0,LOW
153.33874177116894,47.814586841876725,6.120301369276216,2.1547457169256963,86.76319223606048,57.41213166450888,33.066996679390655,1496.4711968536335,3,CRITICAL
14.055572558280938,69.57567078813071,10.311972060745921,0.4057666938827338,80.10033805923146,35.23899750299836,5.660909191461063,2859.4176564696854,2,MODERATE
82.85086734626984,71.26657186317068,3.7480119788689406,-0.3315996489374644,66.79592003509266,63.260302610981775,10.846187290968544,1882.5394823658166,7,HIGH
212.09294623671485,35.923020829596936,9.603763724284144,-0.8664271805365704,56.256986127038104,59.5177152797026,38.18742846225471,2157.272330085427,8,CRITICAL
18.80688648655976,36.7442950570459,13.16233862597232,0.5428668510440802,73.78338602922818,61.10695186466392,30.822945474926847,1305.0862343440092,4,MODERATE
251.8015477068007,6.157534640641389,6.27197399690434,2.6142372147891275,45.175019434049965,33.17319114335959,19.56778805167536,79.3978580167643,8,CRITICAL
1.1459767975749324,53.661202035442855,13.6652354996883,-0.044053648977294024,85.71775163497317,55.313143889728266,25.02666560890875,1945.468497734272,0,MODERATE
74.04716076057068,65.70075362982764,14.897456084002176,-0.173947340280864,70.94710845791069,82.95386943699415,41.205685985830684,1903.1343586558098,6,CRITICAL
222.27121684562144,19.572404368377043,1.591380749219281,2.8792831409641613,72.80242286449678,55.824006134753404,30.26312437916346,349.07435666073263,6,CRITICAL
94.88104491879203,33.70407053066917,3.4957978197728794,-0.8999835485976315,58.23423938161641,80.06203668267065,20.92597135737321,1397.2359466014018,5,MODERATE
30.567716419804057,67.10714694122163,14.255696272231399,2.1431286015750173,89.67060857900553,55.86351065436133,9.8130662959014,2747.680255103638,3,CRITICAL
108.07017564012837,70.16963741298304,14.374915297220802,0.2854798229634814,32.68132603111472,59.62676090431305,16.74987206502244,631.1527992764859,8,CRITICAL
81.11798591535766,19.454398421138073,1.4656091308013774,-0.8500481725213627,44.30328880249456,69.47244789804863,44.13360931186333,1394.0742888096488,2,LOW
252.81357064816646,44.04565076330914,0.22497750565705021,2.6712101608383345,79.98783127099202,96.54773557649577,22.4945225140711,1394.0874918975508,0,CRITICAL
94.00437527554294,15.399452050866165,2.4165003488463337,-0.44143067916166556,54.34740065164039,37.620231265265865,23.873578553794434,2436.0691750799624,1,LOW
236.67974153280215,8.150301131164523,14.940191750733725,1.2071171349027816,90.02926120817718,32.303963806282155,24.943921295880614,2477.2360935817446,2,CRITICAL
267.5616434432204,72.8896401113566,2.699994249160303,0.09621682971819112,41.17593877865671,72.55700286670316,40.364160917928444,2282.622870596908,1,CRITICAL
130.14522587295886,65.64060033856873,7.538214100830347,-0.7392287912612359,43.23971519376803,96.43679622498985,29.157131375412394,1109.0533943810558,5,MODERATE
272.9829431563176,60.802792144253914,12.726265896457665,-0.8003100573464836,89.98622104479628,99.28061927883005,32.747081458076885,234.6700365551899,6,CRITICAL
113.19541618895785,3.9013055050512335,0.3060241603230951,-0.5377732046546448,51.79332881638369,63.89149731744013,20.57654170196416,1061.4592721275621,4,MODERATE
289.22352494703244,67.49830341682059,9.067334733876892,-0.7145319444424798,56.45121257822381,62.76571347595689,6.163504743558974,2045.7777797885922,4,CRITICAL
26.786857357671877,35.0435260724307,4.155381733044365,2.0422324620796917,39.94873438021115,75.14746395216373,42.23891656971377,2114.1847919774477,6,MODERATE
206.10577995097282,27.39160986366877,12.935023746595974,0.9422648091337167,34.90029479611737,68.89443300434789,42.96510723665626,2895.700624240623,5,CRITICAL
148.1442121370786,43.718108882030116,4.2519172389611875,0.37156836539591875,69.03538397545529,74.38616403298826,42.96612213392204,1371.8508697022512,7,CRITICAL
116.29464163669412,7.308259417884466,10.301335804228634,0.6734756405280287,20.785659538708348,91.17995978765259,42.74748346586866,1904.6580371620653,8,CRITICAL
189.81356362458027,60.53172394819191,10.113294486710954,2.7157869422904932,89.13453770646183,82.24143186413265,37.609677642782444,1626.7887947531444,1,CRITICAL
211.15712749029936,46.59480615106367,3.3224032328946,2.643007250952589,80.12828230885971,64.78141741807569,32.383842004653076,468.84330913744736,1,CRITICAL
1.3089808950927262,14.927207749853402,0.5219879980252518,1.8627059204903076,27.16734373352225,62.33051213001187,38.78039673069142,1394.3833669537655,0,LOW
50.08592662415962,15.058575981523648,6.1387436067809595,2.538729509686751,72.46179512421088,74.77212239591813,29.02184956004145,1643.6087609732028,6,CRITICAL
213.91381519029562,14.739892125813938,4.337897279488045,0.27859211035049913,64.23696291570714,61.89943990942082,10.374784555680945,2853.2338260059305,3,CRITICAL
199.91562407346194,4.560191004154719,12.13466624420563,0.5244373040331314,26.60815456629797,62.04455458859479,20.64872660165684,1112.286382138689,8,CRITICAL
289.8142515386032,47.02387594973479,12.005462826830179,1.4548487274169122,34.588315544520924,31.141413125055337,43.8517964789175,2940.695327261774,5,CRITICAL
228.3113370752349,67.22785420708065,6.855359282889382,1.4945037891890567,46.8087853360451,42.18448961851159,19.045512543826252,1636.0542205917716,6,CRITICAL
285.2318123194014,1.399857118991088,9.097683379848284,0.9267993520493638,72.93184617209265,64.19595479970272,39.71311654925478,742.5583450431114,6,CRITICAL
210.7621504604421,3.920371597701884,9.063892739803878,0.6026313937518131,67.48510679353053,87.58574213352584,8.728458830994782,591.1598733071072,7,CRITICAL
89.41566259183294,45.82162213495566,12.407372226414351,2.9447212464347805,57.90113629090281,49.51089047089869,18.367353695018785,442.2508534354906,3,CRITICAL
31.609476675256943,65.55965483088418,6.375036211847963,2.2844945044708975,79.15694888026309,66.58504031918042,19.038132989095185,1369.73995430889,2,HIGH
234.5471590034807,26.13911124549069,4.131700196857636,0.7399207915521808,78.21439656455493,54.147345933146255,7.064101724359206,85.34076077099122,2,CRITICAL
193.24476644277476,27.969151904617775,3.975523772108212,1.9091699089582739,65.60732386560304,37.33627926777123,9.763773207470198,1346.2349442782988,9,CRITICAL
14.455803717988868,47.70771979974207,8.042884189233062,0.07824677300983796,80.82910750463427,97.08089381499104,12.72660844487084,2965.44598262472,7,MODERATE
108.0151397702935,21.93703112993176,6.737223040983189,-0.5993226950506805,40.08370373012883,89.82717091752113,38.51262363240452,2016.9182512523546,2,MODERATE
287.03994464528586,2.1286692862147305,6.601811564774042,0.40972410221096256,89.3124575490345,35.49446971268345,7.536079597592256,2284.162641177206,7,CRITICAL
150.12034371306038,58.818281448127685,1.3670600863456084,0.6118912004935768,65.34190772217467,80.38510837277992,16.94803605377549,374.6360643404224,1,HIGH
129.8187408059114,50.05199303531625,10.779056110352935,-0.9338515017573168,84.01271624311875,54.33059330502501,5.4070001035707005,1429.8405672404706,4,HIGH
137.3098815477882,46.46047992445273,3.2060503197286607,2.259168006543584,59.165119431125554,99.63948649432548,32.825109816120985,872.9448410566274,4,CRITICAL
62.66481720154912,59.33473031934585,2.9543044531308205,0.43677360955672606,29.659442048981234,51.16789638802844,29.81212360173519,2684.410633407307,6,MODERATE
110.61215125943856,54.018467004963,6.191374804160902,1.3216726631205882,58.816911581047776,46.71169117538199,30.79929048212567,560.2515666014593,4,CRITICAL
110.94397679615298,16.470559054265692,3.4166751242670212,-0.7041472509161761,43.40004973989293,69.75233838137837,19.97531138858475,1387.025314867491,8,MODERATE
15.70650605624172,28.19848375546809,8.757874009620231,-0.3000126849976641,72.7749132433385,88.45883143402429,13.330712850702762,1772.3822006700004,2,MODERATE
230.2702885553755,10.08881133429,5.571950090017072,2.55877490131024,52.82144125612622,43.47632102738586,33.812808531441334,1551.8424529040271,8,CRITICAL
124.9513295711637,10.388561073430482,6.733675838891852,1.4347501115312031,85.2501524434919,79.6581938803532,37.444714909627805,2494.125713351814,0,MODERATE
246.653966044927,54.09565970852314,8.057539824060433,2.8011362006819422,71.0265261089725,34.298460819878514,10.54405992392807,709.7304505325284,2,CRITICAL
255.10440033596862,68.68800855859986,3.0530328372270725,2.9950001375652677,71.60899897281917,94.32543201773481,24.473177117496853,1144.6255090625998,3,CRITICAL
63.59821640959742,77.01860670889113,2.336274342982947,0.4874404613323775,29.543980014195846,35.675244130310915,14.9486272791545,2380.4112037903783,5,MODERATE
197.20604465103858,50.267769403955555,13.206328543104071,0.19521225633309847,98.58247898421614,93.99619634409137,11.72427444824535,1593.6528069756785,9,CRITICAL
141.6845412488945,14.728105868876558,6.505855542471315,2.433424220636387,85.75076883443398,64.3565074616892,34.37301253979996,1218.3098092309128,7,CRITICAL
264.0470213764455,8.452027635914456,6.181404144488088,2.994445708149817,81.01043961046251,61.36637789571439,26.52387741891348,107.73869393959788,6,CRITICAL
64.72220375293624,65.02807772294062,0.5341822540926222,1.5185649369298293,39.71937026440247,98.13149556502636,13.64741329514671,2265.088563566516,7,MODERATE
203.34396009301327,46.30051810879994,7.469644538810899,2.1805628900460894,58.20684875625087,99.32689243887533,17.400000448461803,2917.1025923409456,5,CRITICAL
182.32563667581678,49.46280168109759,8.312545824165001,2.126983435261098,22.339286926689578,75.51246881727084,43.666146853109694,1868.4552882757598,5,CRITICAL
88.59044327154983,62.51696710037674,8.382613064319997,0.42135883287818787,58.46283789964354,38.8983504299934,38.947182588342265,2572.4928376526077,5,HIGH
40.98027109535178,56.26217821859613,10.605467539843264,1.2970815210283488,23.130032183495857,65.43190599586418,40.19786971492513,1560.2897147208798,2,MODERATE
195.49192814318297,66.75666022848773,2.6622275248651768,2.3322277650568544,59.77340595906411,67.04141706689637,23.40048388322832,710.4092769616265,9,CRITICAL
221.5792374396992,4.497112436790278,3.783347013459282,1.7524555050442219,68.3849692139415,66.01124996947168,29.952290556835003,63.0374706207335,3,CRITICAL
94.688203129005,59.80165093972039,12.160956978456191,-0.915344744071847,45.11763705249121,69.86442869640068,20.070709608176465,1967.1268374181677,5,HIGH
193.44978120669413,68.06822058576763,14.20755925265091,0.346822675590134,54.869039049816394,31.310729965607347,8.108479027555621,1489.464367779769,6,CRITICAL
118.53927228345098,22.89080339666515,2.03899121050981,-0.4220972136215786,88.80880489071274,79.78590970293517,21.042772426271302,2350.6524783210525,2,MODERATE
213.96206498478531,51.23578191946023,7.464743317578273,-0.06811115168784365,19.770683023252843,79.86760113670917,28.75923012828579,2090.1536039572075,3,CRITICAL
59.764582468215934,25.13296510695777,3.212643791093803,2.6219579099653028,81.25596036996876,38.082884262452154,16.485770830725258,2964.0980572555627,5,HIGH
267.0645007908523,76.63768531859633,0.9010975253247366,-0.8524268443569274,25.36790958965768,69.91676097120606,38.91802298909663,1540.7314985678786,0,HIGH
86.22287893967392,2.6738857948403005,4.882550071892031,-0.12079715215230502,13.303718452416556,69.78528277050422,11.044006366983945,1292.9808732255678,6,HIGH
110.33579632684587,46.3834275066364,2.155314377763191,0.23827740895292582,26.7017142470543,77.77152941332801,19.685163577476796,874.4842745290989,0,MODERATE
17.427585624104935,13.320283763961207,10.648996101513694,1.4675362878655793,78.85388709734407,35.977838449455675,9.996156212968117,1441.0466495379978,9,MODERATE
33.45366369638292,56.977616414172694,8.005881205071667,1.136406760343462,46.4613466003174,73.85523150862674,21.193285359409014,2621.1570048063077,8,CRITICAL
154.75857081369844,14.071222673492967,2.1575170648546633,-0.1269220685864556,88.52684651615637,49.652636552243884,6.586452198970818,146.47038285938896,9,HIGH
80.27780301839145,18.830660951868605,0.1386238260827155,-0.34303573110738217,57.22367870640392,65.49020933473204,15.901975802465817,2934.1421409128425,8,MODERATE
250.64406772265832,39.54966488366065,12.12235573536319,-0.052807861615524754,12.002531673369786,84.13264868928536,21.029410204547347,2980.055439037238,8,CRITICAL
4.408016596486153,73.18679599975025,2.6429160924637127,1.0101185068066223,74.50422486417341,79.39521554541093,24.126614531067663,1801.5077081919471,3,MODERATE
113.72821460158086,16.937149771837667,9.09324963331149,0.08471114284481374,19.920961784910943,38.32321123745954,26.747854339005674,1008.0017270122961,1,MODERATE
101.20366403072781,11.539201689448282,5.053828696151184,2.7904100064308888,81.0441670115732,71.38293509812513,15.999645191596755,684.685925599631,6,CRITICAL
5.798289275280311,60.71814654832245,8.782289074725535,0.8554608857153903,25.1292294824662,97.8381571658517,25.921653384594894,843.9413791409387,3,MODERATE
37.310519700153066,40.04956258671448,4.73480440473486,-0.7648159338214517,41.090174722496215,40.97386061345016,25.36018486248239,169.31417098481612,4,MODERATE
124.09280247559057,72.9428089905417,1.3040934103838127,1.9170656233465335,78.51442866628243,89.70349614077904,17.647122035048337,1435.8306562804094,0,HIGH
147.859375334234,11.729164572787383,3.344250128366304,0.31538115283595847,95.88082217287794,79.17836563876438,38.208013226259126,190.82632717592938,9,CRITICAL
121.28692417646073,51.67423144184315,2.820878497186134,1.6139557282329902,43.42905555820591,84.18023190368318,26.825645063742606,2161.053160032257,5,HIGH
159.28130352362814,18.630331692145205,6.420290286594658,0.11837748209292798,84.64601981790422,49.73708289998518,18.2907887498618,1128.3497774879052,6,CRITICAL
178.53950247170445,12.540834292131144,9.87425675139236,1.2829749669332795,27.171303892825485,50.152225056588975,42.89354048323106,614.1069006065463,2,CRITICAL
2.977146338350689,54.67435321258164,3.9570911241953635,2.0886100192298587,82.6461793182242,93.42136190435417,38.80449652284644,1643.6636023513945,9,HIGH
139.22854783605118,47.49476959269866,0.18104902950926927,2.712034967098216,69.17446533306259,55.188242246479106,44.303512462072035,2921.802735584181,1,HIGH
289.0497722662765,60.3861966689865,7.784060463971353,0.04450857773230821,27.34691564911316,34.41107734849673,32.689354985816834,2091.4905260748865,9,CRITICAL
155.70968403886462,24.757006115694587,9.086392340384581,0.33942780399592465,37.22535643162704,72.0417692505615,20.128916220241877,1485.4056133103975,6,CRITICAL
203.26268023768594,35.837732510575194,14.443057410027146,0.8570656811437587,21.85937997373324,38.737236832928986,16.23442666716049,2335.204611778429,0,CRITICAL
93.55915737506496,32.43773410643348,8.842062046398702,2.7086993509439554,44.4670309957882,85.76173689855358,31.53271374697924,2217.6798862589862,1,HIGH
232.19741344582877,78.72715711732114,7.067588390672127,2.6055474272426284,28.328377701094965,74.92225097507401,44.232663299812145,2677.371673952225,2,CRITICAL
231.87644456283454,23.379916539151033,8.601024388465557,-0.6404868795974479,67.95981582674261,91.23085536548457,30.068603204153952,629.9134638299636,3,CRITICAL
156.3888142962417,23.58537906774135,13.918509447930406,-0.4722806969847566,99.50545937985028,84.93860748478447,40.264597639593525,2579.4551772510213,4,CRITICAL
292.8041469837641,28.36385670628859,12.425672184024693,0.982036709322553,11.080824677583772,37.84795538367373,18.164137241910744,917.0577393842626,3,CRITICAL
37.665064428796015,45.16752650322572,4.84468100045712,-0.573522908778306,58.68278319585688,56.67494735040956,21.278151298970226,2824.1768049187895,9,LOW
5.084299466874298,20.18581954109962,3.5588154548570587,0.3823234933947899,61.629993779410874,84.21921749402111,41.25100958357413,857.5741438612708,2,LOW
231.0474635271288,73.22319523034191,3.9395041854911046,-0.40645848713008936,92.27879107127306,59.2139031286428,35.27466807831275,2782.008658624775,0,CRITICAL
242.14666120946475,21.25484518930108,7.566315595728195,1.5441614205275433,55.54048012902438,98.06558393459848,44.25641281471623,2892.0963291029584,6,CRITICAL
36.06216873617287,71.66525852481557,11.160741768428666,2.797981726956647,58.933127768042574,81.50183149254144,35.99056838928968,453.56424522190247,9,CRITICAL
79.67484988758183,8.278005091726772,7.5482881077444315,2.986935081177526,52.448752119554975,31.08499416832247,22.940628288729272,2924.0096521230935,5,CRITICAL
5.265709009988672,52.525016191972185,1.016945937421689,0.5009645299876593,34.20138741053333,91.59899840925854,26.242720792894524,275.4544459192612,1,LOW
87.9925832341694,72.5588414750595,10.853710506599713,1.3960505484584491,15.042621992402232,37.05633494079903,41.020619698525465,671.3320041053155,1,HIGH
231.94256217560144,13.499955071858363,12.089551930064308,2.425070614096325,46.77919139888525,39.83666069260601,27.06586944392192,1343.6229670009575,2,CRITICAL
155.3881583137737,77.4661568079404,4.3424679767957945,-0.530151708814464,14.733232411661067,81.41446804277356,15.215894966577807,2980.920149820896,7,HIGH
104.42867795048643,36.230668833240934,9.961886089250257,1.75825764420786,59.5443222519326,90.54779916013362,22.424792510797978,1475.9178924728305,7,CRITICAL
111.52178847189909,75.65720867528196,6.398878515815901,0.635374646900273,37.65642789180638,67.54447395296893,25.652639553964715,1660.2201406718877,9,HIGH
0.40608771464044624,54.14560349040376,13.336790335911642,-0.17541535887934367,58.024216137288505,50.23348130620454,8.868793342045183,2089.3863495804726,9,MODERATE
89.94015826957077,24.126949589884124,12.678383372411098,0.6110144749897679,22.0867267955668,54.59208816772229,34.75050697011561,2905.514803653395,9,HIGH
193.93762249137916,15.064201993368513,7.881479974644634,-0.6961588521403326,93.93669691654237,54.00225307172392,9.37415733419892,2354.387172370248,9,CRITICAL
292.2583331449071,24.29880369800795,10.372583187203917,1.781628594357223,90.50691191949414,52.867467266665855,21.196708534752226,687.9789331826219,7,CRITICAL
254.11824809516986,7.441392741013999,13.25024551533156,0.010970674993812324,27.099685828205605,47.00367702751549,37.18489766161618,922.9129733797769,6,CRITICAL
7.078489393658738,11.509437307466381,7.435755151174133,0.245622580179512,40.90998549646089,72.6206966240463,23.702814464531876,310.9321540334027,1,MODERATE
269.5681814024518,8.372835227718491,4.698761107332329,-0.515674807034149,65.21434946667816,93.0283722995547,38.68062078874032,1940.4680452109246,0,CRITICAL
234.95952398958778,33.83548349932462,11.304992068643719,2.458636455559567,18.611758657531563,51.49576891583388,18.6752528822446,558.6061134868803,5,CRITICAL
234.1128370712941,63.64627010060691,3.3009938217703767,0.9737771171309544,41.91110390045357,43.06860082229885,43.30545175993742,787.0665676685098,7,CRITICAL
137.39872770107144,11.310684337307215,5.827967220090631,1.288587511145601,32.60010581371055,88.70043664599973,13.378737272209422,2666.578692437524,0,HIGH
119.40158788635085,10.42563465378687,12.985908556601904,1.2777307323794185,92.3965055845027,81.92483316227923,6.530565799572052,993.7319124894053,2,CRITICAL
90.87471864995779,51.47431596138646,10.866335104039726,0.641972458165367,86.72595726602847,95.15859220919373,39.897061719616744,1708.6072206954177,0,HIGH
19.708457686309732,15.774638557445302,6.057165078712488,-0.22988033824744214,62.18494671401774,41.586381492343676,35.08810863801633,1204.7467061917475,9,MODERATE
68.47060904810974,7.808803048719328,3.2211675361253613,1.9805309939935998,56.83117031844168,40.09759198816141,14.279353482694912,240.61323646962248,8,HIGH
73.9810904934074,13.34788625644621,5.339525862483548,-0.49177493856930266,93.76532150908575,67.90005760134977,44.38966428546696,1101.334213092181,6,MODERATE
145.22312091306048,73.89851167014208,4.261562238411495,-0.584504838884758,93.91850046809338,73.01035583845666,25.091205170741112,1236.043245047074,7,CRITICAL
224.2333219790082,65.71770022209526,2.641339319157809,1.8405801503860135,97.23971128164943,63.612140930171265,43.04261760576654,2689.1892836963243,8,CRITICAL
142.142948519384,28.32516498840753,11.14999370348485,-0.1646519181920647,21.284099569736888,71.92766454267128,25.201150855479973,986.8629478660918,2,HIGH
17.353334834148182,52.46566138619143,3.7810483027525725,0.22709100541132932,24.450202968685318,42.626583821255,23.87498347085164,1150.1385368909623,9,MODERATE
287.33694029646114,42.982053893443045,6.812512052516457,0.9009098680069609,70.90630288118979,63.572962791485836,22.9655414857786,2353.032370643557,1,CRITICAL
282.81729572823366,54.16994107860511,5.787891702541636,0.7974052669181848,58.72910289488604,76.06647926577675,18.395011045318007,2281.690820610562,5,CRITICAL
235.55686294452252,54.61369219702075,14.731160679534462,1.8343165002599968,11.661931440391237,60.28945144740926,26.348059887062067,2398.8901244125027,4,CRITICAL
297.3983704692662,50.298721204799435,5.866383662223308,1.4937271737734439,15.577753239056744,77.56131350716186,23.102186477942716,2862.236805426492,3,CRITICAL
163.34469984007887,21.288109482984687,1.199737241951322,1.5775846491274628,89.92723440329246,61.58338963876877,6.4698750649421655,2390.761345216457,5,HIGH
288.8305050759618,3.1205136610254502,1.3473862885812604,1.8562173226218293,88.19837159854477,53.35197065895941,15.4174093369401,1234.672445589315,5,CRITICAL
22.681512185025234,36.445342559208704,8.861305820295971,0.17045090969386134,42.15438297964406,51.252353296096466,13.524912004222337,2468.095380356314,2,LOW
109.70422447841139,71.2779107752563,8.990453276073984,0.28933324720189457,90.19455552374812,58.76314412920116,39.69742409284266,1535.8504036280162,1,CRITICAL
67.61438040202975,45.559780681486075,6.281384857239825,0.7519909915822165,63.43075669581116,31.61627358775406,28.954799089073656,847.5878169053246,8,MODERATE
58.74992524028101,66.59128333615263,6.477655384680445,0.2298486921341043,82.53150823170117,76.79675969122796,35.5473240179891,922.6928630304169,7,HIGH
42.240884667802824,79.32994743689825,0.8089887426130682,2.9397514758834538,48.46879640441929,89.15739486861833,43.27304150997122,687.050317918927,3,HIGH
186.724092469799,13.089296331062101,7.748197655838934,2.2562077056857186,20.205849461041787,54.8238966110183,30.761570901056402,452.0790143028652,5,CRITICAL
234.39655672419153,55.34221113135858,7.571092130705275,-0.3413812469758817,49.035435638141465,33.2223195299203,44.30439965618977,569.781427323878,2,CRITICAL
173.4895198261082,53.943485896001974,2.2432397783541678,-0.977623376472522,51.15698181972081,99.07429181698903,17.470562066085186,208.27058886238171,7,MODERATE
44.0888128764629,78.39643578866227,1.5575907916639138,-0.8288669270109286,59.58497744565427,48.458877881574686,12.450687292515754,2667.583577498511,2,LOW
243.33713098004128,78.84805871622403,1.8535873589923573,-0.023746195828298955,19.50244416139852,38.863478518354114,21.132395519716457,2794.403272754387,1,CRITICAL
190.78641214911855,54.93428893793036,1.515423697368878,-0.5428348566525738,99.22616767446503,55.882675558111956,23.83197659743232,1768.5757696318087,6,CRITICAL
116.44971183809865,19.48918335857554,9.145622933051397,1.1333524595702884,31.972313872621573,81.69899284434896,40.8144617141034,2524.658878693881,2,HIGH
202.23908866081888,63.884467050447924,2.947239786043779,2.4319808909094345,27.869716318338362,50.5741617823396,27.397617561467055,567.0418859063784,8,CRITICAL
77.97149377284985,8.562330736883048,3.7714522828119517,1.9470008836529096,57.412262697034286,70.22922427436416,16.68723997672068,2706.9879991764155,2,MODERATE
103.55766254826315,62.455944333730294,2.603582162271596,-0.13756374767123836,58.348736145539974,59.089199610599955,34.705371314700834,1528.9574476989148,7,MODERATE
275.2457529395971,72.81568993157572,14.367529566727546,0.5971970241031435,49.58386640499199,38.24347945936329,25.233277485562837,220.15167796455415,1,CRITICAL
87.15135170142612,30.62667158147482,12.81926194727753,1.0315768381251105,79.4702931692729,53.12009087444771,11.485277811006807,441.1119785925974,8,CRITICAL
140.99648044738097,50.45082359864644,3.4574225602728133,2.240823398013342,56.49889606557424,80.74093539998466,28.072791503650087,940.7498531447152,0,HIGH
267.0423412188044,34.411418567746104,4.91349440883189,2.356486412424659,64.87259096304857,72.8402728132012,41.455781472291356,149.80158945715928,2,CRITICAL
212.31640508025825,35.021204399050276,3.1483926345749573,2.638873247631104,75.1371746867007,38.38448659184927,38.7049046990328,941.6942664919819,1,CRITICAL
18.660967849410824,24.829671128649604,7.378139391912356,1.0369810020115007,12.252259140747995,41.4325686800016,28.472398905413243,198.59269069429754,6,MODERATE
44.1909132836911,60.97036963602597,0.2941579871138039,1.7770989857434518,61.357976429054034,74.85133515152118,20.083326955399524,723.362263474619,4,MODERATE
2.3524772315750453,74.89412513332041,10.070520133451936,-0.5527985150642514,89.57750241055324,86.93907900246082,8.479150042568445,811.695872452196,7,MODERATE
189.276537068749,75.26006873875689,7.847372247264625,1.2611558398159284,11.564986863289052,54.46321471707185,23.785956933264952,2983.2195495730457,1,CRITICAL
134.3020276231255,13.982502789994706,13.479583924516549,-0.005232762115459533,46.4663893420865,71.67175262904152,35.083177501183165,721.9290878157201,7,CRITICAL
40.28245527068266,69.97949197252528,2.465890264926212,0.7268675401064444,93.36047051852469,41.94505121264737,19.410948789320422,732.7756178369693,6,MODERATE
287.3802363170311,58.994515314169774,12.061638690916975,1.5362020332268775,41.783896205428405,51.79634358337267,14.417873022066576,2066.631125707987,4,CRITICAL
158.89791718368596,20.226992055223143,11.879415217000735,0.027943751415124396,51.285594178021675,31.41891439711368,42.25518877083814,2580.885285979027,1,HIGH
72.56798823386676,5.382769033721164,1.907717838253304,-0.7912597688129557,98.33872537398815,83.77931634596658,37.8622280183197,1173.4251295542178,9,MODERATE
150.18107134641227,21.439781350750238,5.978388362161914,-0.95906457436497,27.939147305551643,58.07068738410767,30.531024776805786,2629.3416994232634,6,MODERATE
203.88609982053234,72.97665894252205,2.5522896171677534,-0.9113618578219138,15.872967021250535,87.12879015577677,10.471333756820776,1033.6232218283162,9,CRITICAL
22.871765392069342,50.65429399166178,3.8208075068632334,-0.9666010499449214,87.3480331775174,79.58610972159084,10.796353616246922,607.1073212527575,3,MODERATE
82.41114451436759,57.68437287182975,3.9486926224581653,-0.5585797737684981,88.16188070911316,88.01209860099338,9.128783658231159,1002.3236964966161,3,MODERATE
242.0896472651981,20.572188088727668,8.343545910386592,-0.04204514171948048,52.487005121201186,49.996106870801796,29.651866675709726,1835.8819943054173,7,CRITICAL
137.89946112079838,57.55105244598562,6.171163976406983,-0.11511394327080327,56.278645702955764,42.95761112994917,9.62251185893344,1114.0866147499798,5,HIGH
163.97314260968847,2.2497205022339006,14.21599206009458,2.947186376719587,85.22257326560525,98.03339778561694,38.70508795450532,2025.2235358880805,8,CRITICAL
129.84480066284078,30.025707661841103,1.895552129205077,0.2240244208357729,76.47035483042156,80.21294509286086,44.71860007277289,726.0689206789975,1,HIGH
13.169982792901536,50.1402678833865,14.605382022752982,-0.4903168665624036,33.86341019953096,88.38295875486693,19.65392738834661,2108.9588240876633,4,MODERATE
49.724933946046775,11.687725243305618,3.4595796032139594,1.1822501766710318,11.520401956436661,30.919336159695362,23.146793878683898,1055.3663224804307,5,LOW
133.66249162256727,65.84028595575478,11.593109045727797,2.4318298215900334,53.17301462801912,54.81231342071206,33.466687079427146,1378.4877473737647,7,CRITICAL
62.75563962237835,18.80250390495349,5.084548892592321,1.7122415071507007,87.30210934860773,81.99716834041322,42.486120253030634,1682.0805185198299,3,HIGH
14.993708597903622,52.182489025475704,2.1462209312597085,0.18432835654180124,90.62512090211459,35.458798309298835,40.763750942255406,2064.950509494261,6,LOW
253.09489921554712,32.41577140602637,12.868337778693599,1.2464646391658198,96.06035773685385,69.7137950698255,7.303673149993943,731.3668017092265,6,CRITICAL
294.35775874923473,47.68348763821177,4.632913488546948,1.8594238968016366,89.16069138515032,60.035093721850224,11.7628721022706,2511.117701484215,3,CRITICAL
237.94286219902182,8.59604421031265,9.882831063402634,1.9124179694709693,62.20391997682885,31.233155499877512,35.18388794231169,2171.0913942706147,0,CRITICAL
256.1354765114001,1.353023993728586,8.496655276299398,1.6661538211907554,50.01450393124908,46.5182903983616,32.55572432129789,717.6117986915184,2,CRITICAL
72.59313909511361,72.7651541904241,7.076344640863114,2.483241699102472,79.73648618806891,49.93543923467,10.32874376160493,2925.424196556673,1,CRITICAL
288.1880926539599,21.570400701374624,7.4372920897280865,2.4804218333764174,76.58394709290368,37.83019624424257,25.082583280062707,2001.0950332707662,2,CRITICAL
59.077711336028514,65.57416022243673,10.983568711384313,1.3157462376280131,58.432908707330895,74.20758368198622,36.23258524341182,1368.2321216707826,4,CRITICAL
285.4289431085497,79.94802403777601,1.3165937118516085,0.7194254764448491,17.85946353026222,46.96785133763223,13.751227290507746,489.4314301494787,0,CRITICAL
298.44578818978533,16.914500639912895,10.022709929368578,1.5662811822603993,93.34732121082268,49.433364973357186,39.85150542938665,1608.9985868782317,4,CRITICAL
213.51684172381462,21.213659294668446,13.43718152097868,2.2728480054818525,51.004228375149594,92.87670187401031,7.118870992814719,511.03214274481223,1,CRITICAL
294.34311953754656,53.02878301077325,0.8668229552979623,-0.9773915806352611,42.70004037246379,62.69861648851976,36.28780340272296,1299.8852025195745,3,CRITICAL
170.8619338701311,77.2358907680497,2.109800088505001,2.9679880360594044,66.66106556518946,57.448970287849065,29.63275599159481,1237.963317763766,5,CRITICAL
77.8625349528271,73.26514785525951,10.749479050530471,-0.26842491068320307,70.64541650502792,80.6709726820302,17.607973866173964,2165.4201401554315,8,CRITICAL
131.09876569968625,40.23004160524679,6.559224723669264,0.8809959426399048,28.96191253272713,93.67296578180384,33.83730193367646,593.3018800482644,9,CRITICAL
178.06828061363578,63.60882260213798,6.053229312205326,2.488118939371467,85.32449603289605,31.75254353662107,36.29463180604638,2469.1766375151205,5,CRITICAL
21.924468608104497,10.859668247992085,2.0544995181635377,-0.09983840382320253,36.094338429614005,61.376719258877756,42.35595885215877,991.874334508174,9,MODERATE
186.70297938517382,78.19505473632098,7.601550610766822,0.9071808956015328,26.801553332288503,72.7546949254563,19.710986886170545,1343.0861083669497,1,CRITICAL
294.35335102868834,77.14825872287892,1.8981796679456586,-0.4696712792752833,46.57598675690477,52.29941686881927,32.440669439198196,2321.5761071504508,7,CRITICAL
57.03229493511829,13.098316630333677,7.149306844658106,0.5803053015527704,75.75040728077187,84.06854054862691,29.104651077387636,1883.669351146274,4,HIGH
237.778534886515,23.953849984248528,11.45422948442485,-0.2914581808279899,96.89123605958231,98.00339491891917,26.008242778283538,937.9155483697733,8,CRITICAL
272.3696381338858,8.012399800541354,3.8739653683074526,0.454510995084628,82.835313793429,96.03991563751983,40.61665896620151,1170.8847151467255,9,CRITICAL
283.11047784606626,21.737407911854376,7.21179252269591,0.49385686717088806,94.63135399031725,48.61877775659593,5.126692565536013,931.2447056890383,8,CRITICAL
288.04068132163417,65.27646315321653,14.880239540952536,2.972683158393331,22.654522366887413,45.84367949062402,16.284464244143905,1792.4150984859284,3,CRITICAL
156.4378916164416,30.26524857322076,10.29975635031056,2.979252117215089,16.40591189773091,97.02433717148547,26.531089581793204,1011.2211089563823,0,CRITICAL
293.1923723974511,7.07175737174067,12.620351569577979,-0.5408548853575503,60.19342857160041,62.103994120202614,12.131730465462095,2182.5791304537597,8,CRITICAL
227.19306214033165,27.378041982312364,6.222714098408186,1.903875117313389,36.12677347396309,44.58084061592842,41.31466134931033,1747.7657325795037,8,CRITICAL
48.501430871088566,78.51066673930241,11.51791384688783,-0.7930180813235954,84.52494756723456,79.48978745412927,30.903804704520613,454.2057030075768,7,CRITICAL
143.070031940391,50.37468762073623,0.6076375941198275,-0.8792319386512455,70.47890842620934,49.90942267326541,24.115319785279596,944.6004836660496,4,MODERATE
215.49935261160118,33.29287571249262,1.8436677381336746,-0.5786644230201428,97.3655347587215,48.70728825497366,37.58807036266618,679.9133768922642,4,CRITICAL
74.202094745725,13.3230810797816,3.046058893800932,2.861942628031736,32.93131201581738,91.54743301544494,23.035447658604152,1183.1333734034263,9,HIGH
192.1845550646662,78.89414378269558,6.0292788692282935,2.7634541915787896,53.720570291970915,41.37354073638324,27.34612047720038,1557.632576903902,5,CRITICAL
199.98014371398577,65.6679207410503,12.686173174886447,-0.2242887188772782,55.11164296828179,34.507506252636546,5.11003982215684,1530.1533147066473,0,CRITICAL
48.809923142569765,22.518184196073552,5.193990761818958,-0.3533106577851539,31.525911537163857,48.843050812018106,19.62802120780294,2268.4805561586013,8,MODERATE
169.52559373582687,5.6054956576951565,9.819317902731942,-0.037859653936211934,63.1084059539207,72.48617889867427,10.55161889403879,583.7321535330939,4,CRITICAL
231.48807329358232,4.530044590204643,10.63971442205225,1.0621879763005686,49.89573874713156,38.61614973822894,32.587547226491644,2840.4890313063916,6,CRITICAL
149.66869936078257,9.630251960442706,8.79273531132512,1.2788185281416395,50.204940039088626,63.01162705937556,24.16107835902935,1041.6784185088625,7,CRITICAL
3.6309350328322276,46.46148668915373,5.358629522552043,-0.11362627824221061,42.646298317523524,73.91359772977239,17.07030229000923,914.7415638100928,4,MODERATE
2.711540723787653,74.30107369643939,8.655800125703164,2.026491152359781,11.523641718298155,89.41158948152218,23.713293574869695,2061.832162977055,2,HIGH
107.10880319100366,39.739474240478756,5.133983891846193,0.23821267761060305,56.98857132233101,46.09087138415781,13.385195518053848,2420.4395534755263,5,HIGH
277.8582205295346,67.43563859649578,1.2581060782801812,2.6885253021176414,40.1723052130298,87.21424263679526,42.00346529944562,1147.8458591446872,6,CRITICAL
68.60303388108264,35.670929588784624,14.892059672790216,1.6268908258269223,10.11878820858967,46.4434382791867,7.15890530203652,2245.603985184052,3,HIGH
190.30910666150615,56.68668366142602,1.9077368044876635,0.7454047772144468,37.71493368957388,77.37365788677484,39.616681411844816,2653.533149285443,8,CRITICAL
66.62276120799618,58.549818982920065,1.0852257575408601,2.1596480068113815,35.07654997807813,60.147150003771856,25.45435154933404,2305.074922316733,3,MODERATE
96.50099689786458,13.917096472267092,13.177961238107338,2.271658504186659,45.410333790127225,38.02768696650691,29.75785984555269,121.9055270010823,9,CRITICAL
254.4126268804452,28.89728471806494,4.5275199133934265,0.1619264224357746,21.866679067905725,79.9984423975294,17.104224836348152,2485.5593558712408,1,CRITICAL
218.65843268098405,50.98417252304191,9.754454611102615,0.3588581753443374,55.6915442171576,45.24338329843125,43.66790467177285,2327.9532561940146,8,CRITICAL
28.619783193963187,5.655728654749295,4.935085944933492,2.7438206149144135,72.3196317266317,42.36363982172141,16.274038340779594,2014.4849096964942,3,MODERATE
128.6106062959301,28.923215021036526,5.871814061917068,-0.3410358465469123,66.71670121491152,55.08260500125682,28.55511988561217,2284.8668088819522,3,MODERATE
8.750929093579341,42.783957302495395,3.9316945802519476,-0.8313983321482632,82.33794528122716,75.73031713316385,44.73666820428515,2938.6876795791777,9,LOW
144.26704398090268,79.6979594435711,5.145660086895153,0.8162212904381967,50.6807459188373,46.37975351534395,40.24377585533783,1304.716405698682,0,CRITICAL
198.73020351032042,37.96268500979526,6.160506008798147,2.2048396009745157,56.71825573057554,42.856307714732,26.45319301144424,220.32524016470148,1,CRITICAL
35.55078707944547,65.28454056914589,10.806241036385144,2.086672425242983,82.9361746773085,30.696753799935504,44.61498091868848,1393.4521094905956,2,HIGH
86.6654816727497,34.56538280532942,7.673042913521877,2.67812251565133,48.49310537373147,63.01501679712065,33.05479446930458,158.37229306532285,6,CRITICAL
119.35098765064708,63.71125780957671,14.153478257354655,1.132802657476161,73.14394149096373,60.00518985206279,13.348016645672374,896.8662161036142,8,CRITICAL
275.8593073968149,47.63318412960867,0.6282059075816326,-0.5997413137338667,49.11421318461927,46.37074205461634,21.223848417432258,1768.9017795543418,4,CRITICAL
297.9765046268892,70.92763532019187,7.546024839480422,1.3547558973440643,47.59625750604064,33.75565148067835,18.37973336046204,942.6762209199458,3,CRITICAL
13.473389698684757,32.875404188008794,8.763371832475771,2.1135824574128463,78.41850620762443,60.04791122170859,18.760548330847566,2062.477832810425,1,HIGH
228.30237704861761,48.34435358571831,13.802954791114109,-0.6266875189206944,25.735322391959002,85.17435777501419,35.41825757439465,2469.519256503449,6,CRITICAL
111.51721992070297,50.40149444950619,0.7373778543214138,-0.30937039560964097,40.47273747474162,80.06974919290239,28.370517090911743,1272.9087542530199,5,MODERATE
117.73745586884401,33.39063534403786,8.60249377402824,-0.9508373553773164,30.17550490722116,90.25564229021191,6.5237084635811415,2702.4110948531506,6,HIGH
226.2794920041068,11.544963494998521,12.804448927919356,1.3746103177872415,42.31989486708374,30.670788139920894,40.09793934603904,257.9200154241926,7,CRITICAL
275.5279296436226,7.484752552986844,3.6289159217885487,2.5469375677836177,30.73373401294216,97.6493521763219,16.87184561920658,2523.5372293173405,8,CRITICAL
285.2785783507645,1.333724047970648,13.144385227859061,1.682653264008398,62.14650679779892,53.898857683921385,44.882995076525745,2489.147973409111,9,CRITICAL
173.13677581149622,69.88274113961717,0.28565113911437734,2.928160350363928,81.83537223560607,99.32784572643753,43.16762921339143,979.5418110537594,4,CRITICAL
107.13634779015084,18.917992979095565,10.986819437005945,-0.7478653900009538,80.79517550961117,47.683362242124225,42.62122866727861,910.1712576313527,4,HIGH
236.26472575763378,16.920539942541446,13.996698317529795,2.612004340605985,42.80508680939132,63.007547130477136,37.44510416255895,929.1830438374676,3,CRITICAL
75.30041497869007,58.88283203408524,9.857964924600934,2.2562731495467228,98.98843653048355,54.77493736027125,13.824533267341703,2437.9532627863446,2,CRITICAL
169.22220865005534,25.60128904699134,6.585438659706719,0.25696608199801974,63.44689282352207,54.90325004960118,26.305309761151282,2498.327393078381,6,HIGH
107.57353845746195,40.483575392946925,0.6732152470907704,2.894106207349007,45.946027160046526,88.95974691237511,13.972105072998984,1002.5729273064494,4,HIGH
196.98932211236283,13.000885223796503,13.80170719983943,0.15175099268566017,85.19853513172829,82.24932578161372,15.38701822355797,1785.9192353844962,6,CRITICAL
72.11967386805208,76.77965771695754,7.054443340373622,2.557218895312874,75.68866113783767,99.45060046610337,29.438070777451095,434.0210237325544,1,CRITICAL
57.47788372044773,68.12651200137898,0.43495116503922016,2.5229943082967576,77.4347803141694,72.94602779022588,6.633341814122535,1416.960640077446,8,HIGH
275.4717260026311,69.10316983720026,10.347316069931429,2.03063046641189,27.652541476048444,62.42796230761519,43.7783426728283,2996.402695549504,8,CRITICAL
30.54110488486107,32.541899885760415,7.2275588036438725,1.2538818952514075,52.14918766316996,36.30517040628238,41.74692690311858,493.3406601646156,8,HIGH
151.7873723204795,60.98889709657382,1.865179761636161,-0.5199890015324478,87.56453177421425,99.75929936596998,20.230702886308794,2843.7366670809756,4,HIGH
66.25583488890268,11.510092431182413,3.2140771396538934,1.127886937985993,55.36342068658816,68.6071457052598,25.61689792027652,2476.279071455723,9,HIGH
11.678988997700234,0.6895202073424223,0.9673602068376941,0.42718502261973823,71.51074690789453,79.03342287830992,23.64477677071036,2917.1996598198843,8,LOW
10.805645487427917,1.59783460624225,8.614403095628603,2.168868132621407,62.91403597308381,58.4719671033918,40.28799114469879,555.1447066193884,0,MODERATE
52.566531631748205,46.928138992364836,9.330442188780138,2.0325168259873796,85.81211089465438,68.3400995725465,32.544075052644445,656.2851015212254,1,CRITICAL
260.0311063518001,36.43159241983526,7.586134475331666,2.642450029490421,35.61047557854424,95.9804412325021,16.12444989697426,70.26420156987888,9,CRITICAL
84.743623193108,41.44122791268158,12.256531995039223,-0.9406793502731685,61.79277500977284,41.64936065521219,22.873650178611875,2179.6114024885046,4,MODERATE
285.1377511725887,0.5970512333775524,12.915132319620204,2.2364128672921844,21.09112012088236,50.46608090311782,22.15863902747055,1939.4021864398333,4,CRITICAL
174.48668789675807,33.81492957259405,9.2343659502469,2.753848212498675,72.1189699029521,40.64418094446226,43.373406731356745,550.6350062077016,5,CRITICAL
130.98425693062984,57.445452896068865,0.1913471956114582,2.1572017964326005,75.87710545174409,85.45511326633422,12.012436420585587,2377.6119973153745,7,CRITICAL
174.0266504008364,35.41549615739487,10.428444836216034,-0.47922216051853317,13.855358907009858,34.34316822952807,8.58305349177716,911.6026082725417,0,HIGH
155.00951556788033,58.57753650497778,6.269988253805273,-0.674883580636449,70.82118672651865,35.714215489593684,40.22475328646761,422.2867966052928,9,CRITICAL
227.63287612719753,18.641517151746783,8.483362248395805,-0.9166190407691968,47.322113874920774,50.894587895115805,40.86743958023484,1279.2367417576575,8,CRITICAL
84.74881979185568,65.05136035853803,9.736209030283266,1.514980903312284,21.16871884987141,65.99317266447079,39.869563516486586,291.0901483120311,3,CRITICAL
105.91511748009071,47.07449923627618,5.253549214906151,1.5186906074395492,47.791679292862085,58.43923603917106,25.439076625022253,804.4660956942749,7,CRITICAL
268.2282907599752,16.861047954392497,13.756477577576915,2.947654856872849,27.480963672602353,33.13714174695651,31.38977713077842,1126.5734081134915,4,CRITICAL
283.9369539451216,18.937638068306633,2.009623001246718,0.5921726964163829,47.40035789109849,97.02440905096661,27.534521902439355,2558.5552400521665,0,CRITICAL
267.7674682459423,50.24243716556296,10.072677109215562,0.32762513958998696,44.590512516267495,96.70086642506585,7.777913042176037,2381.7952490537996,8,CRITICAL
125.83439818719407,66.39516745699547,0.06539369934870642,1.4976997087375699,76.45524732424518,49.55494262685319,28.8333958760289,1339.4077715368423,7,HIGH
234.10965090206452,33.25022256233241,13.869766581077712,2.302434690030376,79.67940023497229,81.2067930688007,5.544565890244035,2179.2336721021147,4,CRITICAL
142.90071999032963,20.66403433020738,1.6875619985713723,2.7470957980920074,64.6325788946092,70.50027879682565,17.999496382283446,1714.575915813435,3,HIGH
149.26195564383065,69.36092855284804,1.4232634522136194,2.2124966647161544,12.041815796420279,46.62336865039369,42.291703034926684,1035.7087281326428,7,CRITICAL
61.40403271718519,53.54146334006679,4.995114495783664,0.706695922463219,93.79200511638946,48.35200862191308,17.1618107854323,2183.1055436159486,8,HIGH
177.33909097755495,35.84683898264612,5.603494290586209,1.5396569412482566,71.7609952086803,64.38072220173153,42.59306570576992,2056.8274803098066,6,CRITICAL
55.84076932600438,39.03201562234415,3.2145010848431794,2.425197306864468,13.077590492906996,59.346585904815214,15.00535828596977,1864.901437736934,3,MODERATE
99.46940972015813,16.34051743491171,8.77682491390687,0.9624387532469578,83.69496092927061,50.386052976188495,17.5824896184613,1861.5074527088868,6,HIGH
256.50906048598057,50.144210405187515,6.643711470629453,-0.1332534251784292,28.02395392461965,86.52581174136043,30.13629985754214,2055.286337134391,5,CRITICAL
62.12274276325657,28.699400843431093,0.5126338356163113,-0.32110624100850815,62.129907061399614,63.70240423461694,35.465078911571794,1165.945627674764,2,LOW
21.347485552029845,79.65161413394794,4.794780933829509,-0.9993690216877731,51.99709329551684,75.83936436723894,25.05551072019536,2609.8459289017533,9,MODERATE
20.70227778384489,38.414681220951024,12.156493703597558,1.872951979925137,47.7854904119569,43.24914501175128,40.284627487766215,503.67737957945326,2,MODERATE
282.2353561509324,38.87084849516906,10.34552302292803,-0.555611164616038,90.07423481119578,67.34553637615407,6.60961686442477,2653.9786804526793,0,CRITICAL
152.07613138855038,45.268142992853754,10.873062803698208,-0.02464360121623832,49.36251624063532,52.2583234612635,41.88779354537482,1039.9998922353434,4,CRITICAL
122.8236215451055,73.34048024949973,10.471753861252854,0.19150532609117343,16.780970581583567,66.84895272764147,12.852311995816322,392.59421451369514,7,CRITICAL
243.26357430237553,64.06544798878002,4.6645953207455,1.2415194405470733,95.19748544934573,84.65780833876497,40.369549803386235,1808.0816599838072,5,CRITICAL
250.7477783731548,36.09040558382731,1.4949588311516382,0.591829109183077,92.84817081156648,83.82392470638831,21.03452717945522,1140.4402738298077,7,CRITICAL
99.65730993468138,57.495941277823675,4.08700776049644,1.6986959680926472,71.5989420623439,54.795447462399316,38.31028223484151,2450.189186768487,6,HIGH
208.08541724213856,46.898839902460935,12.47677950277739,-0.7774453626851892,52.11032753188225,78.59939819557474,31.866621992147802,1303.7406962157265,1,CRITICAL
231.33684475556598,39.389363896099916,14.707061966746068,-0.5042432229422422,18.357352564916916,95.89029652759939,12.037665299130484,2012.3163261750872,7,CRITICAL
196.39520605978635,15.385261822748042,7.40770522112342,0.9968460141330668,81.16733067197286,73.79685309474345,41.72190279525794,938.6088087243801,3,CRITICAL
45.47852244002981,37.11490107639128,0.1455053238456333,0.34785915138731927,16.79301229816261,40.3887086367846,14.820695619538387,644.1680775755135,4,LOW
262.7649250551171,19.66548696180597,2.1006721820134358,0.18325345100543888,16.17408864056311,77.57960404953667,14.765604747799962,1176.386112227495,7,CRITICAL
161.72836582080262,73.18737198813237,4.831208629743987,-0.7318876838499091,58.36454581954313,37.34330704445179,37.567155865495224,1828.2873471152518,4,CRITICAL
84.7417279110011,26.832545079707756,8.678780228894245,2.582876698992006,24.41154161661762,91.0477286155119,9.234930222900841,1977.7012828498284,4,CRITICAL
127.56845563130817,76.18112116266978,1.1264046870797095,1.767274344500203,10.69572406063141,66.16623470613581,13.881436254818414,1743.0558625880947,5,HIGH
11.271327119672215,42.64442320757689,14.150359480648223,-0.5135273727214025,48.08020878962076,56.959851541810565,25.147102936842494,2964.4060414998444,6,MODERATE
38.360040366725265,50.52355029409283,5.476255099266011,-0.7398161690514375,22.349550844905934,33.99046162547847,38.219081147464976,2079.4487557555926,8,MODERATE
229.66402515475826,43.43523555914622,13.688763268872345,2.899490133724972,24.446387375262212,56.65486142144768,10.8993589894907,2795.928490238815,6,CRITICAL
0.003490426609842334,10.350449357336071,11.707827041355326,1.7246902017580195,16.92195748618012,93.22446675410526,26.906729380493854,371.44092078762003,5,HIGH
124.96974854468765,30.065697520635275,11.331559087733718,0.669824284374966,28.458437835124894,31.468809740041223,33.44962367211758,202.89133084416702,9,CRITICAL
156.75305432567654,7.931688982209915,9.10079369673348,1.8069241630231394,74.39357617969505,63.225371044726344,39.42380898863805,946.764211995622,3,CRITICAL
16.390326000291687,49.83632353467054,9.40175725577767,2.0253271459206363,82.80345764960123,95.18106637774356,42.422622408088785,427.0350363617433,9,CRITICAL
291.9234488916999,35.74993561603512,9.570048528243722,2.1198488095551173,50.72802796263706,57.63886998355147,36.3855965787573,1587.0882141202378,1,CRITICAL
67.83759937490159,62.23879772567494,9.430820805383732,0.9115092226122306,55.589843429327594,59.97229812235052,31.113135928880077,1566.5641354993706,8,CRITICAL
91.25961589088426,17.637638479949587,8.305923470975419,0.719531032499392,12.938953113478235,70.49920386393839,22.344803412510636,1733.6405560029714,9,HIGH
91.1827536765082,13.165284674346793,14.796210277243333,-0.9558876629243986,16.238463523418517,62.405613350402845,9.484406167536786,2240.7790848765967,4,MODERATE
69.12499863520497,32.50657847710143,10.984358511385441,2.706228460567352,33.18109530845652,41.80211838662867,33.389487701020855,2914.5625066327134,4,HIGH
0.4421466258934248,74.12683065747049,11.654195825887818,1.4132315135557723,58.95085786418328,31.29888773489023,44.70949217901948,2637.2109004886565,2,MODERATE
218.8034382263989,56.83374520099294,13.086942226255113,-0.1873842512401276,76.55960338614936,72.68681605850912,34.470423789284,372.7343739352332,2,CRITICAL
290.0536499397856,33.513889983433494,3.2345964408877377,2.6784136776857466,64.45027552042298,94.45646109054685,5.668443749509051,1028.7707925365585,0,CRITICAL
67.28804498551352,41.38177358034484,1.2570623864259116,2.6597276070811855,45.29150694881094,37.445489311901596,24.85039912167355,782.3526146431648,4,MODERATE
198.91415754102673,6.737040894167867,7.2434165489789795,2.9567366574643836,20.64916657028244,44.76669034769274,29.585865299316154,546.9157261837826,2,CRITICAL
222.56889808761454,78.76607171008905,7.7112104342890975,2.4962262525559153,80.26959113984705,55.91606400774815,32.58696804411372,1643.2801324342379,1,CRITICAL
254.52761372715742,53.31258437559352,12.437726699248765,2.991137551280259,42.740744643915136,86.61195603147837,33.78903342402835,1668.727918057537,8,CRITICAL
126.78875910408274,22.8323254770738,6.656753689235035,-0.021255247506909658,76.24486130345106,48.84822215296843,27.32433764866096,697.1895871064228,9,CRITICAL
90.87927169212877,46.86467153721955,8.56279538316469,2.3689983407969364,56.16809577229077,91.7438082995138,13.93441330936961,2141.4538059139227,5,HIGH
97.58854020690933,8.758589285519518,7.906064077701875,2.292113235183058,76.47958482056427,33.84705122550465,42.68802645906187,2204.0846115251256,2,CRITICAL
213.78639992955385,77.26693350460668,0.5730417563608659,-0.076238563117065,91.65606053073147,95.86696348812544,32.866658706546474,82.52038460512128,6,CRITICAL
245.03383995169082,13.982799030669275,9.22822344895371,-0.6062498039960369,92.89265644484217,69.25229545116355,14.473601474776379,1199.3579570925033,8,CRITICAL
54.484190326980794,51.84242544441713,12.420649286613784,2.9176820547103985,58.15961020005431,76.11443749413931,17.892873290810915,2672.619110780831,8,CRITICAL
111.28230244732956,19.636357003114433,2.362508221137057,0.18409820608244143,56.03575282890749,55.73826657754472,41.87710682521479,1570.549452566638,0,HIGH
270.58205902474504,57.40491061188286,8.914976008898936,2.4835671618712243,33.91106189525535,84.73959998577422,40.499407468293434,1055.930848288203,1,CRITICAL
242.00805590842177,62.14570937922248,8.904158166696215,-0.9834913813015844,94.22198483763623,41.65963750590842,21.205857534323584,775.9549317534878,7,CRITICAL
295.45752082874276,53.87357831291461,2.462774460845381,-0.9159007711215912,51.21272504796588,33.42382776949409,6.532288879658039,745.1964693564812,0,CRITICAL
226.27447790462423,49.1599568204154,1.8519536059610404,0.8634852347854736,21.483211535863944,57.686186017528996,6.9398947557575275,317.3087408754029,2,CRITICAL
117.95856030837668,71.39752751616093,14.700779144647273,-0.04514126425974574,48.94344231638949,89.75869997867277,16.35673163673556,2455.3347288974146,6,CRITICAL
177.19135019839132,6.290136879180643,5.9057875447955634,1.7593651337438572,21.434792521420356,82.84487856463863,30.16488877355998,278.2390680746302,7,CRITICAL
198.3042762741961,26.473181262415615,3.4113259308529393,1.2622573022718173,55.227851583136754,66.20091793422705,28.367785413382475,891.038402268211,4,CRITICAL
23.536744895137186,19.86299837046768,2.569868166815624,-0.6900568101980342,60.514796337059096,70.04964230157475,30.353111477757707,156.11370092773257,1,LOW
163.34908773115953,79.04111696523373,10.014025703748526,-0.3494868147371317,40.398018534422675,39.092497840912884,33.69131887728427,2348.531977776627,2,HIGH
212.79624854178286,31.15118237334988,9.141679459909183,0.5521970802336571,16.44855528083362,88.84770560323075,5.7612901437095365,137.0653730358356,8,CRITICAL
50.19639120031811,58.609015939231895,9.653281844811263,-0.25758374417826735,94.91531820699151,85.08717780749379,9.203423806897714,938.737289527261,9,CRITICAL
234.18951522766716,54.778013110480366,1.3200904126717838,2.1688893889757144,79.60178021350866,75.952927572086,19.379338073088505,1728.4261628582587,6,CRITICAL
175.1318341542335,16.966498998190218,13.403018752476555,0.6642809422131202,85.4992972454609,62.63337254302569,11.19439990086327,1240.4928536744626,0,CRITICAL
285.6665357092784,19.119814416924108,5.838995952135725,-0.6262725326300029,43.018155485760644,97.51214877956588,8.012801701782166,861.1677804023193,2,CRITICAL
12.726689462067508,22.50276508424273,4.700541096455369,0.9373716090884994,78.47479270175054,91.53223803135297,30.638575839893278,840.0634358340741,8,MODERATE
79.59784126664009,32.890182260750336,6.935421708716088,-0.6366472757543433,53.68356056522748,75.11013454602329,37.61345909964396,2397.415111898623,6,HIGH
180.46616378994722,18.746005252042146,5.850990986214423,-0.48425077832073127,28.097513956544134,56.026069840210155,35.105066297371295,2922.4547233599906,1,HIGH
88.96797366177921,1.5721186197478243,12.953655047087189,-0.041560671887178824,21.198103921649196,73.26155950770587,37.68159114436717,1057.1623899374044,5,HIGH
214.32724922137265,70.35144454457564,13.938914627968382,2.438110820989959,41.054578238985115,70.28086485714658,31.634261762315088,136.65363055486924,8,CRITICAL
227.7015847565793,77.24878651047072,4.551798246744093,2.6984501293318877,22.37969003276257,57.59693914844415,34.41381287256809,128.9660181691431,3,CRITICAL
30.754789219942335,27.325630962525437,12.959037111899322,2.3050309173282764,99.84420785836618,51.46717801816533,15.871150968332053,2282.4559773279398,9,CRITICAL
154.15633926203031,27.08055035403783,11.722846942996007,0.33630886967138895,14.427009120881985,58.49075545661257,44.72032145136657,1666.0620683951984,1,HIGH
152.66716667731677,0.567345021949679,13.962115085171426,0.0897857644353266,49.70292394321689,70.17379842233785,12.326626179755484,2355.1061191036447,2,HIGH
110.78423106466232,54.420055066429924,3.6862546827883174,1.1966227631609567,50.688417015134576,59.96943912977661,13.5797549755753,2098.5410906599527,6,HIGH
279.8774587709016,66.0351916598903,8.654387251814686,1.8874126421324493,37.056873572350796,48.45021417409687,16.556873272633872,2724.3689208108817,3,CRITICAL
248.25189596196637,11.728664028800253,4.118168771106669,2.9734911526406993,61.42164091362508,83.26743224325661,44.013297204263154,2659.7563873189383,6,CRITICAL
209.16281457289102,12.77330794937206,12.361417357265614,-0.47371715248429513,23.497932173639022,67.2027247170189,44.531543574156245,2369.2156389511088,4,HIGH
214.29799072049926,63.20665999771502,0.07986285856596387,-0.8028320039047823,80.55211425285103,34.737261425792,36.7957499882599,1436.0636969255884,7,HIGH
138.51484314393574,49.30325986833157,8.472287443295942,1.777423555981084,39.920294642287445,55.78215539382879,30.16230394238535,938.2166946594804,7,CRITICAL
276.2983563289728,3.588844610217361,5.08805146907877,2.328903134015622,63.22083308187776,91.94394200483956,25.802503007384537,1530.939826585027,4,CRITICAL
208.37862817598563,49.803759236982536,4.840255606167304,2.385395119465693,74.40753124602634,82.86655718399663,43.824833827473824,1516.1733898130742,6,CRITICAL
218.69431849674493,24.713417827501285,9.673594857973754,1.7138541963086427,90.0137905921145,52.62727487608049,32.824912114329905,1838.6211356902263,5,CRITICAL
258.5072711362036,29.498012437667676,12.77226673970991,2.8160632164767483,85.22086928069801,95.67282064311564,42.78920513304121,574.5707519930542,7,CRITICAL
82.2214768026573,61.57851346375041,9.137930870899893,1.0440190541783476,64.74781252932036,35.36220358507471,17.662031979104956,1973.7472437260665,8,HIGH
242.1212711600109,64.87481541380885,12.797594679700838,2.65525919334485,44.95538623454982,97.28642927245322,18.350991690782624,1380.670754133331,4,CRITICAL
58.57218088694761,32.02853014718645,3.9689566782154495,2.871248547966092,55.28842030674676,47.199356473927295,39.18898376473742,1868.2103991837603,6,HIGH
103.60258567346635,75.77223488050838,7.7925278214747165,2.388629828012431,79.18613140409224,30.63659262116935,10.994196823411775,734.022372300246,0,HIGH
100.68313628095281,32.51701743616578,6.7580480860061405,0.23903425303448245,88.97909883035257,60.36656255628287,42.83711445184303,1314.4967837545178,7,CRITICAL
293.5576405167422,61.74688281840879,0.17467349254644327,-0.21513739531881892,19.34037353590047,55.12793007809061,25.2989741865363,646.3996190685104,2,CRITICAL
256.96116712437805,38.710181165140725,8.352182147111101,1.1924802599272737,44.63706362437481,67.73623036447557,42.05655514334791,2628.409367135269,0,CRITICAL
210.3509584770779,71.80258612176672,9.922864862192624,0.8120590015207538,79.85049385721506,85.77410023988918,18.471711549032523,1474.123914223782,5,CRITICAL
218.11702848461704,72.62089949201429,8.878716066286051,2.511033368770932,48.84865863345649,88.9701561505313,33.63835616557588,690.4446184099602,7,CRITICAL
168.62183832077133,6.993344629686709,11.044198481751323,-0.5998733157313851,39.90049876596555,58.08609997281843,24.315004878907587,142.80191330980793,2,HIGH
284.12720013255574,74.91946650481806,8.570092926796157,0.030960245246074436,47.01904271409426,60.08920205944452,30.07214520981892,2033.7012206675547,0,CRITICAL
148.87762586470845,66.04278732163326,1.0012538227613539,2.007195778074834,64.25602721077158,40.372441123063155,25.17489972556609,659.641247689472,2,CRITICAL
114.15531296096836,63.30485714501335,1.7466828612706715,-0.6200534200907515,99.98246297204213,33.32833262168145,43.684624694854456,2968.9549331099593,4,HIGH
48.9106010794773,16.072907174841795,8.947118663159285,0.2830576560868008,54.36931861940786,74.88504931645173,32.68421591255669,1610.4271127772115,7,MODERATE
235.8616956783174,64.4095367003732,4.124687879604602,0.5486215762159325,28.764502745883448,34.51063378868846,15.052758745052618,881.1514488191356,8,CRITICAL
220.33317962267742,68.01061877480295,1.1946769355214877,1.49037518625076,24.65619177511853,81.36810835950192,41.38707687620338,1979.8787527020384,8,CRITICAL
115.30651155724047,23.132026756332074,6.444041151728202,-0.36746941712254166,13.811477272877287,67.73631015155732,16.761189526204173,840.1553718454949,3,HIGH
7.558024187768808,76.1808062689859,8.314838971254831,2.442417961398838,60.29355114264893,43.90080847582584,19.86420397203425,2464.4173958510446,7,HIGH
251.6991983154032,3.98881171193314,4.931189825244099,0.790168941865097,59.01148823399508,67.76660604588548,9.084947920808535,938.5434317712268,4,CRITICAL
3.4253950362220897,11.992740259771173,10.80650553338667,2.668086847522226,28.471053410227825,42.80984016214692,40.998660791847634,2964.9782425398093,2,HIGH
211.1099338887153,43.00649104412115,9.65655912151867,0.8714796545357264,72.57964658073104,60.711604525728845,16.44448092911452,1823.3314606269748,4,CRITICAL
291.0771329178171,46.06339768978478,4.9922754163750795,0.10016103576293345,76.69963374667127,85.96922213695602,15.356704717255294,2536.345223849137,1,CRITICAL
131.29839844446104,51.61200666407227,11.32308793362841,-0.4326846852493005,33.318838484390014,62.33435053874462,41.81050391979816,236.9900993436982,5,CRITICAL
70.49202149878583,1.3575303452373166,9.730425637995532,-0.9850196211548607,40.96897876267629,40.40895228082837,37.22107449620133,1057.9322638108408,0,MODERATE
211.46130301301451,76.82934196977043,9.56168068076853,1.1286299399393425,99.1424505112531,80.66800772760615,10.643156860774976,2217.711516775126,5,CRITICAL
245.13844260467553,3.5670474187315193,8.30141551180602,-0.5713732122923063,43.68380210656608,43.07378913890062,35.77298015614723,1972.0758716749365,4,CRITICAL
163.9290948233542,11.44495621787219,0.17084502132829193,0.5669110545247129,78.47215045804916,81.69849120590766,41.52132392215163,598.8445018725981,8,HIGH
290.11058257684385,1.1211614020845584,10.447607752153337,1.3570870449483468,50.7452883966946,63.55466024510833,8.140448728429757,1081.4847329189354,6,CRITICAL
15.50061649738833,45.348674663527575,5.640626866637347,0.10274358761080116,81.40103450748784,61.76192313660111,38.00859979618292,805.0613543128719,5,MODERATE
151.43867949135844,74.58135071367778,14.139145652379833,-0.299102830535539,79.21209149043831,89.60045265002324,26.89680207492224,1847.8431058902922,6,CRITICAL
215.53618419676502,53.275773286437136,12.26977156615808,2.0988864904373665,70.09804226786821,79.60224670384682,31.767897975152025,1046.8133237871493,9,CRITICAL
258.7921413447537,65.81259747843418,8.815417042969683,2.7871646891264823,86.93005116660213,32.30375578684575,24.714173556197476,940.9816411610425,4,CRITICAL
53.776683572337014,1.0624962766864066,3.782729727289041,-0.598238328552136,94.52966453899167,50.73220202211216,32.91212339621114,637.9863817002982,0,MODERATE
240.00104452910443,43.361223878378084,3.0557608991649987,-0.37763870245996856,62.19849884068755,90.9644462594929,6.363914466670129,1238.900820325652,8,CRITICAL
165.8121227155636,36.76503820044175,5.105772565163237,2.8400506290108747,31.372201650047113,31.282831798163905,35.508268928931344,602.5977187857296,4,CRITICAL
118.96610459698897,39.917435537663444,7.148519153700278,-0.8488631127510149,45.87660654796675,68.16774123833792,6.333747914358336,2888.4573703853443,3,MODERATE
39.514508573728065,5.777054826815036,4.440982650584207,2.910529346201889,78.2475142161964,80.94779684217607,23.21199390989374,480.41539825600415,5,HIGH
259.5887276726737,54.7548288855446,7.7239424308872415,-0.9814220676600449,68.57951366114825,73.52992598392031,11.038599725211796,2741.6480505771533,4,CRITICAL
47.18196245391461,40.257633188690754,2.480556382697789,2.4946746226053254,26.001850470872387,83.23725414731055,37.94297109405229,1296.8498325066143,0,MODERATE
92.93635776272977,61.21190798890112,14.6656921923825,0.2293007239509981,14.611558703178224,80.79842942403221,17.546436367026743,1146.0406548539318,1,HIGH
87.01365958873106,38.823250724937225,1.618868324474908,2.754355432709186,71.46654341878585,78.44214866071793,23.1637417841733,709.3330066964495,3,HIGH
261.4242102572563,11.950530898114566,13.979162094815582,0.26778115454234186,32.59711216264108,87.50779026479564,22.150029651932464,1914.553876415207,7,CRITICAL
