rainfall_mm,rainfall_intensity,soil_moisture,slope_angle,elevation_m,temperature,humidity,ground_vibration,historical_landslide_count,landslide_risk
112.36203565420875,53.81623953671184,68.34312586700398,54.814680684161694,2307.3568092924934,24.986809749162138,75.19834679146769,7.725019656847065,1,HIGH
285.21429192297484,63.734511775309784,25.51477258946496,31.52162890916988,326.11236569248143,34.86987090050377,58.169294597988745,4.811443597959755,3,CRITICAL
219.59818254342153,20.03743190339992,88.51551070193334,43.494616310165064,886.0378495153996,27.506671226253324,63.03363769402113,7.889583350103461,9,CRITICAL
179.59754525911097,49.98992796855991,65.18046151623173,26.16289787835527,2719.193745353415,8.332103324471856,80.17073478770155,0.7350827680267524,1,HIGH
46.80559213273096,45.739678651499894,24.148349520125883,37.80207465254629,1873.966195191928,12.423209471342215,91.34142207667557,1.915939679029951,7,HIGH
46.798356100860794,66.62643014306168,96.61042517330861,20.43455624526712,3251.4932631653046,13.773127361236766,49.0553160587843,5.515342496463607,9,HIGH
17.42508365045984,72.48696483850084,56.652891700178856,18.06954118712672,1529.1923587776723,15.314570145793795,53.945375717974954,9.47088324752695,6,MODERATE
259.85284373248055,0.9725417181909446,16.56086066844895,34.69378717017082,3050.8526620580346,27.61613567802017,95.15175774536888,0.7475784672178032,6,CRITICAL
180.33450352296265,53.92159352470341,66.41496139735605,29.88778045103882,1598.8962592999194,25.15863119301574,70.49582546866118,0.4308421615686431,2,HIGH
212.42177333881364,4.146863929578322,32.78790163115292,34.772182148998866,3428.406561521849,13.126401534568357,42.52732719945007,1.5655067492785568,6,HIGH
6.175348288740734,43.908693206188474,82.33241066895722,17.199634877221378,3361.4286158261248,7.702193738227483,76.45865972386679,6.411531288601565,7,MODERATE
290.9729556485983,23.010618323494256,83.60398662095716,22.017469909019717,1185.521634168477,11.857288178988723,99.35335088775658,3.9899291667024714,4,CRITICAL
249.7327922401265,24.542127961771296,98.10526202691956,5.033877637734559,3106.436662937971,44.37525250474413,87.64174951292802,8.255523794176863,0,CRITICAL
63.701733203482846,28.236680276188526,55.16825779220533,3.136582336332343,2974.2592410439897,23.74187799165889,82.2018795585982,0.7193315148136581,0,LOW
54.54749016213019,49.70339592396881,50.94611917549634,15.207427780380975,776.8473707800918,39.6938201880845,44.563265798638845,1.9641408681470107,3,MODERATE
55.02135295603014,26.723997253501537,77.81280449018325,4.454811559832745,2203.8018827022806,38.95009866675373,91.3297849278805,3.000264054648957,1,LOW
91.27267288786132,58.615924047222435,21.92235907077339,6.226482518084442,300.75398878486124,25.46078229851495,66.80521904748825,6.267300866887853,6,MODERATE
157.42692948967135,32.36219084590957,59.222396241381176,48.775704323636226,2936.6519860129424,33.26750833842174,92.25030154503689,6.851726903015472,2,CRITICAL
129.58350559263474,5.468256024796689,59.162284011776585,2.332421821001358,652.183298087063,12.710080416508491,53.08794805974155,1.2420329396377383,3,MODERATE
87.36874205941257,62.70078739872858,18.052581052934848,39.53656763608456,294.31071978088755,32.53586819707633,34.34357368448029,9.438047089917395,8,CRITICAL
183.55586841671385,22.86066596741648,47.61856769562222,16.35346492892403,1430.7558796088986,15.89538317053158,63.31831780618223,3.4104413519020915,1,HIGH
41.84815819561255,34.62135036794101,86.79563187104817,52.29274084248759,2040.38137816877,38.28248387016603,48.88863233725144,7.131687630002831,7,CRITICAL
87.64339456056544,54.835510657752124,87.05382597951943,29.099537074649973,2999.46350703121,8.348965324356396,80.06605028434088,5.242077189476988,0,MODERATE
109.90855298810752,26.59649257189696,18.93138984277129,18.334587559669544,3411.136713049991,35.925546915411104,96.99745869992226,2.227581135471066,2,MODERATE
136.82099526511078,4.52685249173725,18.164879447304777,31.058336141366073,1566.2491683660296,8.997476262744781,78.36819058060948,8.46228323115411,3,HIGH
235.55278841790408,29.913683761025087,33.642592930174175,22.91748114271613,258.54188429918224,40.24756947577236,92.08537507964425,8.182380281919299,5,CRITICAL
59.90213464750792,75.55588661554427,88.72894562985941,33.85806388018981,2634.4487476392537,17.16818072540015,61.71168095208445,3.960718539166901,0,HIGH
154.27033152408347,51.33875178388465,21.601232656614904,6.871972099580894,1999.8477339725841,31.17573459322299,84.01485160367112,5.886075856938554,7,CRITICAL
177.72437065861274,53.71833189337656,74.79971223647016,59.819430168753065,1595.2251397133978,24.500091144811194,89.01304056701923,2.5782569593593974,1,CRITICAL
13.935123815999317,50.58257229101119,19.10490576517929,25.533352661803054,1116.9776318330544,19.65212581049356,79.76129393084797,6.898516287463014,4,HIGH
182.26345557043152,15.919371116754943,66.08240683730429,20.89383838244212,1783.274921060198,30.817673327339858,65.54441002486952,3.090268126204314,5,CRITICAL
51.15723710618746,33.46670912818241,42.04605692072303,42.612590898975895,1218.4446353767567,42.90091922204952,73.81062767307577,8.440787343822349,7,HIGH
19.515477895583857,60.07518386906546,81.00225666692803,21.83396438971995,2661.690943728393,6.650789894984874,79.03548969752163,2.173851042772743,2,HIGH
284.66566117599996,8.109831804252732,31.032140394282724,49.99645830172546,1926.4332528996117,41.754114235324174,47.71590822549988,0.1480342281846414,8,CRITICAL
289.6896099223678,22.22822208717698,67.52816464509638,27.256243461625516,3075.1248208316865,29.363266200840542,86.67054826404893,2.6850804196791844,4,CRITICAL
242.51920443493833,22.10552867726829,31.211428111829644,43.17350479592609,1925.226505540575,37.292572030762095,96.52271772770914,1.910524864594867,7,CRITICAL
91.3841307520112,34.56151420756048,74.22942548009384,6.447192986513192,872.0053260227586,20.354998137371105,62.56675206259552,5.082864397249242,3,MODERATE
29.30163420191516,78.42949927537481,88.6310231104674,50.767151133306704,2986.2669937008986,23.87371899350455,79.07470281769142,2.037032916565763,8,HIGH
205.26990795364708,5.400203734705755,21.412161921408405,44.14307920668659,1972.4057050086515,39.75403007204656,81.59181340532479,7.631898707194948,7,CRITICAL
132.0457481218804,41.496079550447604,87.99361197359532,12.703006707717941,763.6015815952863,21.593918792392923,76.35732832650362,2.4137063800400393,4,CRITICAL
36.61147045343365,14.349174560976836,63.421772897286814,8.717160584747198,2201.1019443489663,26.3863826699634,68.29805758300449,7.069681799126557,2,MODERATE
148.55307303338105,77.65412363277953,21.439944178032157,18.977540923537465,1284.122839051375,5.807796923373316,91.71535682023674,5.78470923013724,0,HIGH
10.316556334565519,9.064280378197136,48.47876698237408,58.56423516191426,2963.199362407627,11.343920233521692,61.42486964882261,9.862498564718843,4,CRITICAL
272.79612062363464,32.288080188927296,24.47742641365881,15.409894474023517,1613.8840983305727,30.667460318991992,34.27720695406225,9.999009770092316,4,CRITICAL
77.63399448000507,59.03079878676849,73.03130999799126,27.367632536798,2556.2226854705877,33.67907604255508,89.11894629985122,8.6952608331733,3,HIGH
198.75668530619458,56.364354242195624,78.29813209761546,1.8012135430401788,379.5999163450182,28.304037471379978,77.17868906215855,7.599833692987511,9,CRITICAL
93.51332282682328,33.818290951514584,19.521686824551907,23.83365177397395,1416.2839947430944,10.732401451024426,89.44810385497526,3.8645641400057373,9,HIGH
156.02040635334325,27.72193343621746,55.55258674251799,34.27920092598617,3442.1829558297754,22.81621714311339,39.6983209711286,7.532767271313036,7,CRITICAL
164.01308380298389,31.808990284229644,83.31625504233254,57.187476750477906,2839.1879986961617,19.203790654527594,32.152705835680145,9.566755370794906,2,CRITICAL
55.45633665765811,21.142101052691142,94.25467373958969,31.004162696403867,601.7957681659038,24.826453761403535,95.40621782677509,0.2337757539544416,9,CRITICAL
290.8753883293676,16.426635096543983,56.2166080067593,49.146439570661265,1008.2859706965301,39.81316138216377,40.3409814095402,5.379147001977388,8,CRITICAL
232.53984700833436,38.6431758047112,95.52513012502664,32.82765855413403,1187.8645405544457,36.034457546346076,86.67566324493163,2.179983043884346,2,CRITICAL
281.8496824692567,21.482700485408586,58.212007341042685,2.447100806131086,2293.7611837092877,8.359580055566358,87.62469595264452,5.5787631586885045,3,CRITICAL
268.44820512829466,22.99693319178001,45.47714451399172,18.900496511386443,2661.6319202393115,40.61236791098257,79.60936403843021,4.664470897588911,5,CRITICAL
179.36999364332553,52.54048507796456,86.3382815697606,34.53297046986619,2635.8668003872885,23.870686045992944,39.188354776500965,5.757685815522844,8,CRITICAL
276.562270506935,77.48298653599137,54.368443941228016,57.03563795586746,1809.0654942570898,34.75448579543993,76.71790371925653,5.509622214187242,9,CRITICAL
26.54775061557585,48.29097604475001,52.471225950807074,51.547821585074,2847.3308555416215,10.601569250574086,92.2360608328806,9.60107039168562,1,CRITICAL
58.79485872574356,6.158357365197302,54.128124046884544,13.701336850730858,1557.919385513289,31.828781028281924,59.787215136061825,5.521861089347361,1,MODERATE
13.56818667316142,6.046689108325358,86.21065016827708,13.20658980114981,477.3879502696886,14.453040704378317,58.94617980650192,8.462320881248672,1,MODERATE
97.5990992289793,76.11385766764528,84.8747387519247,12.070378026834046,1997.3243537056558,22.535235885637263,61.00008167055934,3.1982028680084653,4,HIGH
116.6031869068446,23.78326322458669,46.31679931961901,55.34993377815019,3335.439776873818,5.674514803284176,35.759032347334454,4.381006887910489,5,CRITICAL
81.40470953216877,7.365358886598035,39.99698738834725,51.15996918610324,2785.828097304164,11.06442551721904,92.44178983209814,4.704134760448099,2,CRITICAL
248.6212527455788,47.92356697203053,54.27352216352163,46.493005935176924,2046.5172345382362,8.683219724944792,90.84280047863572,2.7872804333537973,2,CRITICAL
107.02599800807678,49.89190226322129,61.549525876339814,23.564106853453655,2281.479528204384,14.589766917530337,99.85365252532004,3.7979026147795523,1,HIGH
84.28035290621423,51.88038560949505,31.450348956519726,30.262842257926007,3260.438993272726,9.00072360097289,70.96281990488893,5.985130794667752,5,CRITICAL
162.80882494747453,21.392162228603304,81.45595762440315,27.859904687709168,1527.7826408006138,32.676401064782475,82.583414551597,5.801877633045324,0,HIGH
42.27726749242879,1.2088547371580027,53.78344891591806,15.203886453562358,1193.309779352099,6.161596088368775,44.18703344151133,6.364353445734805,8,HIGH
240.6590942262119,77.20122955635775,40.064099357796366,30.301682768926018,3421.483399251549,29.709620024999918,76.72701727569188,3.5181791542014107,9,CRITICAL
22.365193103931247,20.0714436552882,19.613889366759153,1.8297928711652678,3028.8788106106504,10.62831323302297,75.48129941301735,3.1583149515305706,3,LOW
296.06608098015516,54.0821030442038,31.496064436324623,7.90862240984755,1164.5003669341781,42.80645828711587,93.08461150891287,6.1161788275416304,1,CRITICAL
231.67343078899722,56.530389590296764,95.43530545803853,53.195375770136785,1650.0430608951838,42.323762924394174,88.15549059873518,1.3286174842752496,5,CRITICAL
59.61470446025172,48.800593366358854,37.458971813757394,45.1007860218854,1482.0195450769068,14.020124100838505,95.69265238324341,2.5303154353213997,4,HIGH
1.6566351370807197,25.032591537091857,25.19733604303318,25.372104543545223,564.380091416447,29.57685192892118,90.81834308911252,0.4212773695299521,2,LOW
244.63842853645025,21.68770030112526,51.460551248949386,31.029021737032632,3354.4766671557436,6.120212778898337,90.80857264291964,0.7261085259608013,2,HIGH
212.05720315428513,47.81346261621625,37.63789690242238,22.199933157598647,1444.877887708168,42.27154172204696,34.46063286821028,2.433832792606089,4,CRITICAL
218.7021504122962,69.28765068893532,13.164332524407474,44.44679202964035,3069.8853351007824,25.919492327668387,89.21733668871691,0.19529280296919027,3,CRITICAL
231.38110400578373,75.73869831387165,39.08306955514755,47.05123075392478,703.2789854982944,6.72892605671116,72.52348761521827,2.454105920874615,4,CRITICAL
22.21339552022711,8.47246435230061,58.96977615455217,45.797111412189544,1940.1542966984082,18.699999720325494,56.63111162361729,6.54976323062026,1,MODERATE
107.53971856328178,12.386289007817588,59.654113481797026,43.35670349006698,132.66677867873088,8.073978474449369,33.95602370716436,0.6110707846893304,0,HIGH
34.760717857538914,75.57890070264637,42.090302905919984,12.27026032156775,2686.5606692559645,20.717777574934395,77.43716423376327,4.36736677794641,4,MODERATE
258.93102776267807,58.92281826678341,50.25724806273406,20.278198754428725,2054.1529489496606,31.797053686452923,52.97412253763322,9.131087869195495,0,CRITICAL
186.98943804826737,70.63950598638185,96.89661264112898,28.190726099020495,2208.2840629706466,23.795596321657584,62.74433854902243,7.9128482892540095,2,CRITICAL
99.26940745579475,16.210610730827455,43.961362950728045,19.847579485659338,228.43704481355442,20.34888698877818,77.7209905938594,3.054375022948572,7,HIGH
19.067505085807092,47.00686968875215,33.24041319339847,45.29641200949974,778.0822392197231,9.766281821618591,93.82421829169,9.24805479191647,7,CRITICAL
93.29469651469866,56.091167553397895,31.912033966008412,19.76121145499728,306.44150961985156,14.797561827746254,87.7805840923499,3.2964649674772484,8,HIGH
97.55499660802411,54.408950835757814,51.19881514337207,8.29392520712023,1046.7543895231506,9.005731509534044,61.54179903725199,0.7251549633756249,0,LOW
218.88185350141922,32.65213526933585,78.35681338452497,23.942427122898245,2214.664576503421,37.29994926626643,57.14482102124653,9.940559567681134,3,CRITICAL
191.26724140656393,1.2315913353046781,28.538936576962588,58.79486596694282,2003.3416458949446,10.409593119388902,46.78458171908332,8.700225271891718,5,CRITICAL
266.16382277289796,46.63408454434105,73.83665144266912,13.552884776014553,2161.9168845661966,28.81493466195574,56.06987258231778,4.659327833010924,6,CRITICAL
141.66447754858478,20.2481231343687,11.903484101447466,36.72951953659374,1944.9168862537354,18.709616543553835,37.773247110432884,6.663765241924039,4,CRITICAL
35.87827378149051,36.020339691431225,47.703968018555145,25.97838299038238,991.9493450817148,14.03913538620734,97.97738558553282,6.712280778566702,6,MODERATE
213.9734361668985,76.60648120670538,79.82785586825082,4.261474058959598,893.550865838267,30.57873757968415,70.17422107717053,1.9448223073046034,9,CRITICAL
228.23551458506924,31.922825411394776,40.48596601969883,29.27259635988357,522.8559082012054,23.280092375077626,38.9464089956649,2.0004863315363233,7,CRITICAL
168.38315927084886,67.18412853315414,60.73633913008595,42.12985971889875,2979.2945184170476,21.005818691382366,54.696420648613405,4.695807033518258,9,CRITICAL
231.2901539863683,15.08324845994009,28.448130954331972,30.793198549669125,2176.853786967293,28.71408019568886,68.29274005344593,9.11573140137698,5,CRITICAL
148.13867890931724,53.796839842002306,76.7795852013555,52.32636382479486,693.4629931390062,24.650705139600028,67.30199456486088,0.09993774858570781,3,CRITICAL
156.81984881459823,78.16055635511547,14.705119294188366,17.33622099945496,661.3723603832764,17.139368342062433,32.48523581030427,7.825056359493593,0,CRITICAL
128.2623055075649,8.151448069834943,86.72883803879503,5.174950278237896,3061.9728252651717,27.362451510610065,96.5588723960378,0.5752678371465414,4,MODERATE
7.625738023228557,0.665595378175361,27.837674777950134,56.19393669948037,2612.4214799834517,31.779943062027783,49.27629770324612,4.782221148831178,9,HIGH
32.367428097991336,34.686623410609144,88.69582285374976,22.69178097169314,2324.9268256735313,6.067726343474171,31.13292682523238,6.378728330734765,9,MODERATE
9.428755706020276,7.410038644109376,41.72763171704656,34.584333087218,1453.6811710105844,23.634869156307015,35.351080626519774,6.867592670824648,9,HIGH
190.92312337913413,59.87074797409851,75.04152170270379,47.52018756781176,953.8156967608855,7.307331383341751,70.61364322735838,0.5847926361591138,3,CRITICAL
94.306794322898,73.16389310788472,38.73027680075696,19.458819832534836,3429.105132739242,12.456216562724443,39.644986447256784,4.186036173839682,4,HIGH
152.57120734941083,34.721677816700705,91.53205041111828,42.96987229065667,2800.4765338286606,27.420349363118923,32.92073549974523,5.838372605023246,3,CRITICAL
272.2699421778279,20.696931372435277,21.397341296653693,8.125130989069682,1091.1383198201538,39.64755661062323,56.5738526488898,0.6604553730600693,8,CRITICAL
74.78766874466248,34.75226552052878,26.066781034533882,17.477624832330317,2974.0985471608064,40.31222716753939,73.59328346381321,1.3509455659530978,2,MODERATE
123.11487691068892,57.875825428000084,54.37271126429221,8.682638168191195,2668.315222720651,7.797760405545251,37.82878633891286,6.636489895040385,2,HIGH
226.6653415629146,0.7243329264296783,17.374459513433152,48.67383350408147,1074.9278970790945,21.764203451468266,51.93294825059209,5.216381965906517,9,CRITICAL
68.63944964748674,47.15631915877577,27.638216623158574,13.358954113607123,1521.607347133657,28.32025932018205,59.243247013717955,1.6182866126829054,6,MODERATE
23.093972948637898,49.063334790990325,94.93897439908129,43.044213324312615,691.5393865990419,10.882796182013736,41.162206845073705,5.352393369147334,1,MODERATE
86.92543587413041,51.01505975167484,97.88406950330985,56.59790383473916,433.13093310447726,35.61728866979087,65.4251728926697,9.126923734444158,8,CRITICAL
48.366386176201324,19.361766398470177,43.86333963973797,31.666332544132622,2543.529013296954,34.76941033748955,35.96498608312396,0.15587584775363927,7,MODERATE
278.90929570277194,57.12421787025014,93.0957418912542,32.40175153564126,972.9159078708399,41.133640548271785,33.25629474415481,6.426337734858546,5,CRITICAL
242.43611386932508,7.3113189065421125,59.03422081060886,27.662014085868723,2879.204811824575,5.339440483337721,66.38847570085943,0.7365043460534193,8,CRITICAL
190.02112695312704,15.941626917344065,34.27682192863904,19.553408603618564,3484.85005472477,13.667369759560106,47.3527880925613,0.06449442964700847,2,MODERATE
261.43817705631534,70.19760373235856,73.21588489725389,28.539301855495026,314.3383580572879,38.08746856981287,36.67616655286193,1.506544886606338,3,CRITICAL
241.10162306973433,59.09785205812531,69.30116259173715,36.16845193600557,1681.971181538766,31.823202033077415,59.673881124134255,4.229066318539193,6,CRITICAL
55.97101766581075,1.09964432090762,99.021278719786,59.15949433023956,2817.1158296222707,40.77559414793963,94.05985176621763,8.02343998981953,0,HIGH
267.76769954699336,19.87010082958402,33.8542558668355,56.26587355909345,2771.8805930672556,7.287186181210661,80.69347126579085,2.8178549660455863,0,CRITICAL
161.8026725746952,17.152518639453163,70.48535523955618,51.72917749758731,2671.990196241841,28.878558628657714,87.09311407429193,6.256732123887586,0,CRITICAL
242.23204654921875,21.664506242957806,14.682137952650221,53.3478321422915,1254.0325267915928,27.761862995746966,91.03397921310454,4.111566379553066,7,CRITICAL
268.82738997704797,19.804781622390912,20.228143482704745,28.070950997522576,1615.7937321134305,6.426976654421295,98.08394189774933,2.3433179196600795,5,CRITICAL
95.40104249155917,5.002103659427659,10.352653745598394,39.446659630647886,2102.6408328280722,25.54088307649934,83.42726014599211,5.142471142828587,2,HIGH
33.01557735830303,36.71524132774563,99.95146129537058,53.70400337617285,3410.0950133277374,29.38081245239697,72.58855453576358,7.974644903726232,9,CRITICAL
68.3805487625825,58.61867798289321,82.204632743273,23.577045899481185,1180.0380847378005,12.65172696808429,55.579811621157305,8.324923700561442,6,HIGH
128.1323365878769,48.53853797739491,80.80507132601868,57.70574870072813,3234.8464126231593,15.933183324986517,42.715026559040126,8.465195318772366,5,CRITICAL
245.40442977674795,53.82973348784638,55.87534677593617,24.94716372415098,979.2813677227048,30.61389385190948,78.06619117883059,3.3855781255497943,4,CRITICAL
258.21917497690305,6.491934282899132,37.0060374614896,36.06495992359294,3462.3069058842807,23.732037903998332,99.64649902853593,7.9345606471575305,2,CRITICAL
2.085639159357211,76.11925681414297,23.613785601640835,42.58828279634231,2362.4097195551917,39.32054630273307,62.71510792332433,2.1217845510890787,3,MODERATE
153.22419077326973,67.07934670744199,35.62072649618173,57.0355207845563,1649.1146072370007,18.695270640367532,80.65755576649653,7.384251012428833,0,CRITICAL
125.22330094463369,64.40722547965302,43.83740997362252,14.676976443135963,2166.1969768194367,15.666386335528045,64.65647149952093,9.483844262726166,8,CRITICAL
66.63234314121908,65.8387044033414,78.06790872822647,44.767858694318534,990.2325331887134,44.39463761379371,60.23533963544337,0.1374383469095719,4,CRITICAL
35.95961020010484,74.6168406506209,58.56956100128372,31.24893516864493,995.8998084145599,41.44543080520334,58.721392949194055,4.40363931178798,1,HIGH
101.28455142108838,43.54031728909582,16.97352638999344,16.113428437238465,441.76317626005374,6.159709799959194,65.32372780521882,6.477709884140046,8,HIGH
282.87291117375577,16.02256142941007,11.622610806302102,46.596410387783436,443.47352708362575,35.82914461226264,55.68269633057625,7.01775770487553,6,CRITICAL
96.96087960622657,49.34268862820329,19.209896158065682,33.13333681043079,1249.4675080677441,9.413390953008118,82.41413252752655,1.760877582692022,7,HIGH
155.63718652300983,59.43051949343512,46.94488423276414,39.658429238980546,2681.851398742482,6.099407793174838,91.19904186140616,9.721832752385929,2,CRITICAL
210.90568766855336,59.03339146832203,93.98736253441164,19.374064114674063,2147.500528213661,15.947820638653955,91.8019714651629,6.152653679709729,6,CRITICAL
109.0888807137882,41.71592193335041,67.36622330882994,28.8764371096563,403.9167331420218,15.773835162444172,45.938909939807814,1.6434060122826777,0,HIGH
291.5346248162882,5.476697546686244,82.16433098879637,37.041255059284026,2990.2160111668927,37.77275049387859,92.71363971120437,0.2052251171251529,5,CRITICAL
288.7341884826334,29.689035074410228,51.97371350540937,24.29464885619064,2124.718313115729,33.426689837713404,53.90858622985735,7.832641987897759,9,CRITICAL
75.53468874760925,73.66132867706858,42.54994748755385,11.90235239086208,3364.9517399074903,44.26437709328057,51.65153658397084,0.7970473944545908,5,MODERATE
149.17455176771563,46.75591278059408,19.756033544496045,57.69842953891824,2362.139862568666,33.46051601247274,80.87292401787651,1.4105092107023653,9,CRITICAL
90.2634929450309,43.066555460457074,88.83397199675845,30.688052402557044,654.3532797794245,21.730222130241916,51.328743806040265,5.748300268556906,5,CRITICAL
85.45214831324029,21.50828115057548,80.48440261251126,44.03522221726203,1684.5525999619867,32.957106437808676,33.70764839267971,6.035055034496198,2,HIGH
11.06608420635984,29.47591359332631,25.13062878379526,24.662831613363487,2287.316711537854,44.978362687456084,56.153244061721566,6.868871185923985,5,MODERATE
182.86930019396905,71.62768713225354,56.103450748863445,21.30790584154298,147.51321862242304,33.40567530250112,80.50259202508443,3.9351401266362074,2,CRITICAL
150.80370696865845,53.317043802146856,53.86373271291204,24.4298579080275,101.44041133408723,35.467254239212735,52.88708941891235,7.738986689668229,9,CRITICAL
15.443625374996806,62.990962140186625,66.25823974178758,24.551798627138986,496.4403520650593,42.53460060761037,74.06913391966026,9.743585996158886,8,CRITICAL
83.59393927098343,36.34763384541241,95.1568204592135,32.650806956517215,918.2423009068741,9.546050452467334,76.20836109841912,2.71094943079883,6,CRITICAL
272.4797657899961,50.41977755649263,62.179429758623165,32.60819219888179,1531.9444761463305,33.19137173790907,81.36152082084493,7.030286165379459,3,CRITICAL
71.86856720009173,19.8706886994566,58.619554010075674,29.8292289529723,1731.66963447127,39.03223831869796,92.79913264176554,9.284686523951569,2,HIGH
43.46846162736693,56.436866422678904,14.529063964119755,8.087147095046285,526.1952508357439,43.17514400883572,60.2795149487902,6.862867626170427,5,HIGH
146.8358280832689,34.20810669626698,15.661672841622154,29.76452871003187,2373.2009479496164,13.438771588467976,41.650245366372,6.811094986442595,8,CRITICAL
295.6951362331802,35.403641185179644,26.861211219411,10.146234025239089,2106.676312853045,25.157160308969768,52.32480008023226,2.237725690852066,2,CRITICAL
72.61658145345012,51.94578596615053,12.922369452257346,7.56814717774591,1065.9011410020028,32.22219390577927,60.25170786217902,5.351302003196929,7,HIGH
201.64066422176356,74.90244971751413,76.90176060130112,55.95874304047007,97.12659785175742,14.898709180053498,79.97240285296792,5.625228436045802,5,CRITICAL
228.48588459861529,5.120507728689674,75.09972735945668,36.297000788862256,317.88530796885306,29.01891453001096,30.918548789314347,7.001295624559528,3,CRITICAL
71.2912631977199,65.97945898776061,22.245061098847863,39.56940348747506,1401.346975512396,15.303151299919975,52.10497684079152,9.968214498961826,4,HIGH
218.46490458355788,23.39064883297545,85.24710107157529,24.107620220001827,581.2115115216095,18.33828082126589,84.58898067135218,0.3364382254376208,2,CRITICAL
110.33493981577597,35.51355636051022,23.930743136150078,54.538853514891855,1350.0276412104993,22.660747860434604,76.96003923314868,0.6523266126748684,1,HIGH
189.69174917807385,1.7530663020007164,37.1058028297623,38.27582937477993,2217.2299855607253,26.16760394986268,81.22179815099236,0.7795006943091876,8,CRITICAL
190.0589132282684,24.083686226745044,32.407920924522855,46.15019217141525,1937.9691261835283,22.974634865006024,86.82675386074362,7.429791344889568,2,CRITICAL
160.73240522242753,40.210499410410435,43.5076388715743,22.113748141662832,847.5567968240101,24.727820791517168,84.82650032145736,1.3635379511075751,5,HIGH
27.08693101632249,4.494086187795121,32.91973893009657,57.60071284914753,1236.187594842696,16.943550251531704,77.75282163069446,6.2245187449034525,4,HIGH
250.5907486767714,39.28765835065321,54.00558337946069,49.2276774094989,2168.4076346478446,11.358603760905224,60.77630726594134,3.246688778934584,9,CRITICAL
96.23401949152075,74.16885030867418,46.66670932192169,51.23690778087262,3019.949846749898,6.893999093073577,98.85188302147077,4.57319956210711,7,CRITICAL
55.95555311995627,8.431457448624418,98.79125417013938,10.331656045545257,2648.5863636491267,12.839148899666707,69.83512369130517,2.156631598174139,4,MODERATE
12.232542466429175,61.15525824604035,15.03337151154031,16.25779247227317,1959.2300925752816,28.27774566023132,44.19384465581874,8.661065613045421,7,MODERATE
177.26788295647253,32.773684270079414,22.796323874861645,17.137595981014623,1299.9108441918775,36.444617912125295,50.49689985733491,5.861503241630263,4,CRITICAL
203.26930855268472,52.41389716194704,14.754330451774223,16.25455339481227,1309.4269075192287,11.769903897715782,78.54937191793289,9.445632635822527,9,CRITICAL
4.976348678356846,20.818927838818347,66.32570754841382,51.324489726257276,3083.9897204121667,9.342214310905938,94.73176956396244,5.745962497043296,5,HIGH
153.6279174897843,12.759381003308663,14.905834967234762,1.9130877125155266,185.3903373398851,34.97161442197001,42.510409044412825,1.2390803059694666,4,MODERATE
67.94873255938138,12.837009141698115,85.27957636385109,4.565999338846458,3458.5401232499003,17.206333221491587,35.764254702205044,1.7087043383847544,1,LOW
193.55183712283497,5.639355651451572,56.074476761373504,16.434892237794223,2342.09516743789,43.0599775690941,91.70717336294044,9.890739763678472,9,CRITICAL
52.309928701497434,14.851736392099442,57.43068621233803,11.992378478966618,2399.9250617997473,33.57271882441492,94.0694585238984,7.2556519733086775,9,HIGH
207.28132143073978,53.13755079911746,60.543505694097476,13.911576832970901,181.09253870136044,18.070241889721235,49.34655417211296,0.4927875002908966,5,HIGH
116.02060389016123,70.53524894748064,25.373233567558966,47.876591355198,2139.075998374889,16.5817099117482,56.41000070598679,7.037810050346648,6,CRITICAL
281.01899662102034,65.13005484729294,27.79212728030388,33.78759563352281,1722.4843073120421,25.947935450852363,76.2131598248501,4.121730468096116,2,CRITICAL
41.256283243797974,54.810744789958726,38.69355905857042,0.3462396775780796,414.9372287845311,8.165786731128378,53.09510145897323,3.072083868231905,2,MODERATE
102.31990531507755,8.834549072888214,63.41467742396663,25.759365942251716,1008.8309371542888,9.70706050581196,91.40110957890371,1.5406079373053427,6,MODERATE
34.042056372176724,23.134995703675987,28.91059983461931,24.473095611021535,3121.5848739370967,12.034315252647701,37.53050918997039,8.399039545565657,9,HIGH
277.4080854835688,24.784550025797518,20.46985544199351,6.836716166672612,1947.4600347375376,35.988943732182406,32.658755467213666,0.6384137898910069,3,HIGH
263.2018060142943,19.996555711809698,97.3105197776589,40.56850731608743,1476.2871843499852,25.5542943707649,44.594034471995265,2.8983546237964033,1,CRITICAL
77.38248831454668,41.20045277677785,11.978363332866062,42.12583130276946,300.75343765079776,5.4226849109777175,50.02614447434783,3.0638289382570436,8,HIGH
197.99521381025372,42.8443051903738,82.24276648024194,43.25359314312586,2513.7192695379545,31.94066109888436,37.90486139022126,1.6090528396350035,8,CRITICAL
245.16666006036476,28.550878013688816,80.92316346175198,43.708256733515526,2474.835340716312,21.947607146419884,34.598330053845274,5.081848832868703,5,CRITICAL
166.5602434798387,28.30313269891488,36.74927024605864,0.003169615937808068,2168.450444055344,25.434094598551916,82.89253994512588,0.11702626810892625,1,MODERATE
158.89517350680194,66.2844478324865,22.206395440658206,57.23524823080333,1810.4061294612397,13.564649736517422,41.49935961315801,3.0097551541040914,2,CRITICAL
72.55568727013551,63.14342786557485,23.106578203488105,48.852526023279786,1546.5561876154359,27.071289135764147,93.97455393464128,9.33629444033064,4,CRITICAL
27.930830341769763,24.62366653445965,72.76884555134733,54.238901795357116,2096.7852708085734,44.16612959005954,55.75997630136672,3.1052956934200573,4,CRITICAL
269.16472738599805,73.10307550986074,67.85259319775562,0.9385977184460481,855.2143084630031,7.937787640230458,76.94240668049417,3.6045938710675163,8,CRITICAL
270.12541714899913,76.22520136020049,80.44711068262481,56.03152774714437,3297.3437714128845,16.356695986577225,45.77814803381602,4.731650482340716,9,CRITICAL
189.93043718198038,26.139403362403264,94.37330551591943,48.587311721286284,2081.341125671792,14.71990371443319,46.82259379443068,5.6169337485147475,2,CRITICAL
101.70893731461021,28.35399590344439,72.27346269399328,50.233148577521916,1123.613933022599,14.941972430047183,70.22964420073026,8.08708644820744,1,CRITICAL
104.76287238379827,40.45073227375671,24.02663828962991,5.59724308331811,1601.3954855537927,20.148254302615094,69.24500476021903,1.9032122315601763,9,HIGH
217.7867036610718,75.28966500269388,31.90983550888696,44.32668173511586,2829.6125216252785,37.7243913897667,83.81104596084569,8.717463771925573,7,CRITICAL
269.1330779857731,70.10555465138492,85.79743577858031,57.59500137852546,607.5754095195261,41.5143475985755,83.04693139859862,7.575493571438894,6,CRITICAL
266.1259272795352,8.205437006687184,28.83754682507877,40.712840485089636,1060.2828974878985,13.088603498358932,76.94814352645628,7.226503346615552,8,CRITICAL
233.96266375728715,31.418459461713297,16.527008525903327,34.233684277476385,2394.3026784411163,26.71799751792451,61.439139612544366,0.8680457371463524,2,CRITICAL
192.60949384628634,44.269695179981746,73.29520486380254,56.73778066493982,1138.4377623636724,30.47595888661921,92.3448270396432,0.21640689974584681,5,CRITICAL
25.24198949851465,40.2505978041232,46.22737199411279,26.57622730406616,2784.1308024220575,25.8730989745538,73.58049431549091,5.94012700908084,4,MODERATE
48.48861422838413,15.509045434951414,92.80360472913132,35.95761397862872,500.06453076189484,22.363055767876784,99.31389433236501,8.631339625231613,4,CRITICAL
269.56625655812377,68.70534169345237,68.52295639842953,28.580297609661972,2681.2672880683995,12.679020234369514,87.3558872554051,5.84441464140636,9,CRITICAL
181.928717897877,54.15526263974699,18.137708001249468,55.97077328161795,285.8134162344535,24.52877436796954,33.10168678668283,2.132348654455308,7,CRITICAL
2.7591154849888944,67.03266998814429,95.30709105282946,4.565083605930436,93.44451370285701,21.048593108453154,52.441573495622244,0.9051989794921322,0,MODERATE
30.441462859809633,68.70114234795777,33.27015372762213,30.06718204952089,3148.871139970959,36.82253450009078,70.03130015296662,6.99596452817735,0,HIGH
199.05053073241675,59.868468293259184,40.34912413656572,41.2171464831263,2055.62029841643,35.54417436651981,80.5028676510041,7.217702773178095,2,CRITICAL
1.518475153865606,35.136848099977385,46.203437231518784,47.51439230533421,1263.8027949494997,10.359947248226828,68.5235548433359,1.7253170068710866,1,MODERATE
48.2424154252496,48.843740401233966,14.610186676388192,34.98111884664818,852.4514975252839,8.540762102522702,85.02912957235273,0.2819031549653628,1,MODERATE
164.62013680997583,12.829232489579452,54.686388000754434,54.53506464728724,2178.2559522498154,41.32615772910012,49.785895693014126,4.0828351322319705,1,CRITICAL
207.568559307808,53.891633397992614,21.0986641967763,56.5194868130323,1806.0575332017468,26.420335558579907,42.87384358629775,5.8271870213302215,3,CRITICAL
195.58837785078015,14.34026045914246,46.087329401951656,3.859153391615011,3471.012325578449,39.31203749130363,33.77416786528391,7.060024095671912,0,MODERATE
67.28079283816794,55.51596724081254,41.563880919287584,24.14223237248246,3442.095153955423,7.326044822656046,70.13196212000653,8.099450091529029,9,CRITICAL
213.65376640426075,18.36785286031749,79.55560750838531,1.4075413032692663,2240.8347531885533,26.06062466086521,78.20196644728466,6.105374273067323,8,CRITICAL
71.17472624904002,9.404104012017598,82.2853460469458,19.764999442466575,1577.9032460653223,26.577060583049455,52.83048019835531,1.1088060859848503,4,MODERATE
97.61990944778032,13.222759211436594,23.80715941501792,32.21209307823613,1744.4363435145842,39.428081301686,72.95089293991137,6.8258167214241485,4,HIGH
223.94742153540724,0.15937081752562143,42.98960686413036,54.64769583059693,2404.552778517174,8.904399929188301,33.65100615973304,9.841766428948821,8,CRITICAL
194.8898697141644,57.49916942828242,43.60178449286485,50.79325934792417,400.43217761206574,14.617822547036372,36.95053424077626,9.055845845974039,4,CRITICAL
254.76702314825337,58.59208392467033,23.626939954247653,7.6499836003191435,1182.8146546469777,21.261532555480525,79.1228340580949,8.716689092695127,7,CRITICAL
197.28386769010302,41.194667993060754,81.86081545460715,5.581822484453742,309.6892314624333,39.63365901679769,55.764879365210916,3.0217015335834088,0,HIGH
170.49258100064148,12.909024084430696,73.65054955018809,35.35604032540002,303.0946203333725,42.55533260282268,76.99338217721039,7.507881764540007,0,CRITICAL
28.102430348427742,6.68434700085518,27.134360766733124,31.92707834752696,725.6453845351064,44.708984783745116,88.22047841959426,8.511034459651455,3,MODERATE
110.31474091783005,1.5303173149829608,43.004971773441916,15.98265848580143,1724.1237283466328,43.367739458340864,89.68357062332818,6.783262046312632,7,HIGH
79.56071030451764,13.259854157217656,19.522452237086277,53.96718507323011,2757.471408011623,5.2376702337741765,42.051735182511564,2.505617565679805,2,MODERATE
73.19689301372507,71.26844279865173,66.53859373837395,55.64198456769321,1724.9608245222603,6.9083336581548815,64.03999006459426,9.538339718749583,0,CRITICAL
291.9031664257337,19.32294733613454,20.92347320937577,24.15668630040976,1207.3943064350005,10.904272766303546,81.37487065427405,4.508194114586759,8,CRITICAL
117.92931740002813,28.341706177377255,98.7340751762426,53.418153426811216,334.1178166618156,18.954483870810925,84.17864173868372,1.298055586658794,8,CRITICAL
267.613966553134,8.427638758506655,80.26138672190761,23.03693365577836,1948.519554981797,38.19672123947835,84.92731865102144,1.09777895057392,8,CRITICAL
189.34158779917885,17.788904379853623,45.12146946255955,44.20900990978201,985.8766233669598,40.70624781341922,45.971713406640916,6.475189872990458,8,CRITICAL
238.44339106249453,41.53796566241641,62.0707539051419,28.55653305286345,2171.5229138141585,12.473376251783321,43.47743724066413,4.3770964641673915,1,CRITICAL
150.79112793155764,48.620214647652205,92.02076345947678,7.35498939043098,3421.297700006843,29.786566064788346,71.30087277915871,0.9448387517896362,3,HIGH
173.07116538790774,19.628185133296885,59.86893523562435,55.67605207422129,434.03440909754806,41.694479402611066,81.87600584167538,7.403645721560946,1,CRITICAL
147.75530814565917,4.618572738009377,25.704863775815966,27.245795602652198,781.8326255906927,23.549269437252832,52.33976608739353,7.993251672586197,6,CRITICAL
58.57289633941335,31.28262953019189,44.083302002304336,44.06922241934422,1682.1761564428427,9.141742878111359,37.32936098036951,7.2541563078645135,2,HIGH
216.7356345784516,18.73626967410673,85.88303785267709,22.03042886587753,3391.7176629434566,23.312546003385,80.17224680370543,2.022608776840129,8,CRITICAL
84.23170873225673,17.564313858384153,67.97917143906561,1.1328527145740797,2712.7437281314847,20.03179609152229,50.97884819660031,6.897754559960694,6,HIGH
7.294789929436152,76.78902421707642,68.56519459004203,6.031821521510155,3148.890716411764,28.10631984264028,41.64539070182053,0.10722802894385097,7,HIGH
193.64168877215033,49.30403887405792,88.01393371196403,29.773168769395465,1201.3162272414856,22.546347376284146,40.34064698779922,3.051121396784092,8,CRITICAL
53.13320382211468,44.55027545376767,90.45757517162542,41.397861427581745,3472.532734536151,5.693837074148718,52.04366832687014,3.988215314075437,7,CRITICAL
282.1375753058743,33.262008281865754,92.78133146014926,20.084119594756743,404.773215421343,44.75990933654685,71.48746461396217,8.352469488855016,6,CRITICAL
286.1785731007762,34.31554667441154,18.53642739278405,41.72930755065902,232.75652585904788,26.741609509222837,55.08815670856716,3.903943730694043,8,CRITICAL
274.45931706613453,43.27240030704647,58.97134017667908,41.918135365917365,3001.829063336397,23.94523021938438,31.44632961154021,0.11269446189398291,0,CRITICAL
111.04761007663332,55.71438456288858,76.64585690964867,42.23615443966985,3249.0638022141025,43.18469486016216,36.783590427446775,3.523464118280094,3,CRITICAL
4.6369849586602285,56.17168769454636,78.12341606143124,29.551311241230504,362.51948353405106,11.234414703483084,50.33522730390334,4.989240983592872,3,HIGH
278.4955687763176,13.735512616435965,64.60445817730034,54.89316900729024,441.3246222731532,12.56950410180993,76.17931375029643,9.490047866727734,4,CRITICAL
128.4552444951943,40.009020166130156,25.010860166530676,29.351791078836936,164.45084425741965,37.32058996251134,36.896055142797366,9.410343037895448,7,CRITICAL
289.99644571310085,32.956647602728154,81.76784985474978,27.01591160979829,410.55109111739813,15.433243201000352,69.24597974504772,1.8087403822141157,9,CRITICAL
289.08599312677586,69.64215730155074,74.81002001634512,11.96284914063762,772.4983679609691,36.96908425166107,38.3920109576803,1.8514654173945155,0,CRITICAL
255.90283664020802,50.51351369747011,17.752219439413267,18.45930524138019,3396.7643352395035,15.861339316340102,44.813072914456704,1.633814564645505,5,CRITICAL
88.3346676208757,42.600325313278546,51.74288422069387,2.5400695510982008,2354.1177667268976,6.327505209000059,42.05319692890339,7.889219324141033,8,HIGH
115.52931858057758,9.23157137431339,25.65796595696232,38.012117616970215,2736.00793803897,25.68058895546864,34.70600448995673,0.06022040368406367,9,HIGH
255.34100145505707,48.45103114587292,40.37293411416747,14.912144635625573,2727.680942735751,12.867457365074454,76.99308721706132,1.2717719819187734,7,CRITICAL
95.0766015468833,9.376312454418674,11.62729829851169,18.249315269127905,1896.0044367382905,35.313851717298846,62.43824831702241,5.37959631644099,1,MODERATE
50.847824005827746,26.976526045260165,46.02968815696824,46.248871299859275,2801.336973109909,30.647985329285923,88.17374086281367,2.475620668867655,6,HIGH
167.04037873750505,11.42735718514655,59.48892290405894,19.633270989687233,2105.5359867453953,41.94410671911671,36.92235879876219,0.9235645823926208,4,HIGH
280.8464322482343,55.36589176194951,65.76243335443782,14.53175352078853,1135.1840367315838,36.319534290629434,40.131305333665054,3.598780123338343,1,CRITICAL
208.8089390024919,16.50016910689221,69.71413106158391,10.143464948022345,1985.8298752509825,12.231038193629074,51.452041194531546,2.7420760506024475,0,HIGH
171.01835102680948,31.34874985504208,85.2662181792214,46.491504130917356,1890.6046221640715,37.00632946659185,83.61061908571656,5.111043065142845,1,CRITICAL
29.15294813123056,71.65398220950229,29.391661654815703,7.782375479401614,2890.9130354696563,30.66948179256093,51.40311762089891,9.792335938301958,9,HIGH
184.50216800975093,16.345310671917623,20.843364019462115,27.225225615021213,3436.9588999667235,31.758065670424998,58.58930952490848,1.2430463681491843,5,HIGH
297.01615503127897,40.62440511670233,86.6383454708133,30.415806964631663,1468.0968507022103,38.29051543880595,51.11224964080152,3.727267048340943,7,CRITICAL
42.02520457095721,33.54173289328176,24.09515334033849,41.24339476114287,2683.697840622691,27.952962767557608,35.615700426072095,9.319850178724746,2,HIGH
155.49889570912103,1.4499232836583786,97.72840732025757,37.99700893997973,394.1823639315607,23.640140574120515,95.76035360273312,8.768730434938226,4,CRITICAL
263.21192157838664,63.42064908582502,85.82844064587732,48.64324037671049,2730.0682245965954,30.46564141434912,68.39772944498321,3.942710347842806,1,CRITICAL
222.23058532626132,5.523672505167978,55.07889453006392,2.685086035574289,1331.3883463766508,16.91829715833436,85.14832317298477,6.9895326451973645,7,CRITICAL
209.10472229858038,37.94040167815629,98.32792824298227,17.786443486763833,185.89606196941898,12.303885243483972,76.08499645297073,0.8785701358134557,3,CRITICAL
210.7452251961328,44.854263595115995,18.76390561972038,16.808047126522784,1303.1993160395114,29.663513522849854,65.99779953433826,7.125410555436151,9,CRITICAL
107.84734536592654,50.27411652916697,37.27591850575915,8.761014335526493,2156.7174906796745,14.353934763419108,36.27747796615661,9.728577294847415,5,HIGH
88.07755327934801,55.09053034463005,67.44019735365504,17.350695231386588,461.41307850105966,8.196604373864268,74.9913481689213,5.374881528341916,2,HIGH
242.80834664355407,20.261790681817207,41.500618162586086,18.585918848574206,3237.918998884378,5.022167383410157,40.87592491557825,4.984902270344143,7,CRITICAL
243.03401840375423,0.7983021326759498,93.55352967827126,31.313067715648696,317.9698257912931,29.332776056002686,59.00682185493936,1.8731861970191033,7,CRITICAL
260.1216955740311,57.875492988392956,15.90634793600358,39.82226873557536,3258.523183424423,19.48595133920947,74.03792004363012,6.337881989072919,2,CRITICAL
273.9721657669414,42.85252794780629,59.44706488548681,22.866030816708843,2489.624436878118,35.092438826938235,84.75603003304863,5.904372807789149,8,CRITICAL
153.40271965828134,66.8894162565799,63.1779640655603,43.168213878802874,1187.5070051790024,20.007055932524096,77.95316229960338,6.5193305947575055,9,CRITICAL
150.45488840615988,65.71106903205555,68.74553113995017,20.1699203147748,1398.0886995963717,24.44013792952907,77.00734703382402,0.2608328668472182,4,HIGH
239.48855369003255,67.46609342303066,33.0099600998633,17.41702063888562,2605.7923083279675,21.283398912615397,40.43295464226453,5.487234883490736,9,CRITICAL
194.98917923332954,38.80757279836321,42.8109784767878,32.47128335142146,2125.0752980401653,31.022991644373846,54.22899780501115,5.9493484349737304,8,CRITICAL
210.590063177311,26.69027166694925,85.93124766984799,1.4229816183474364,2367.168079019561,19.24556648059873,33.00385908621359,2.0753013541280216,6,CRITICAL
238.7378008308303,63.3246562073096,27.544849207314385,4.787347418040023,1392.617926971506,43.550705997692354,80.36338252235252,2.0833285748853605,9,CRITICAL
267.00160254526986,36.1035290423404,84.41810624560259,25.078172615191622,1732.9565122362164,42.4458794639412,96.68101869221934,2.762181685109498,2,CRITICAL
101.39854705546074,14.67537571227476,60.63898806124681,56.57476268350539,3465.042819930732,38.92111610629125,48.487727312535306,7.117215917272376,5,HIGH
112.6748857919832,68.39792156491795,78.59687600746739,43.29070679060542,788.0339032240261,41.812010822909926,36.13876964136165,6.0626606353237165,9,CRITICAL
28.194581952260698,70.60479014178779,74.22466296371243,5.287594170033465,1491.6038435013534,22.96558753837564,63.289905372755754,8.457626461178046,1,MODERATE
173.4840422988522,37.304780491213606,28.676034584639112,50.779080766852424,1056.7899971301872,26.457215871579685,89.96887561892981,2.956585718430982,5,CRITICAL
10.782682139022626,6.055978184782997,61.193146279048555,43.93804623649086,2689.634711017482,34.68370370232978,68.63819366902459,9.120680598883183,4,CRITICAL
139.67940543973805,31.0260871933545,88.09508375245831,36.65679154215919,2685.8435585467364,32.845836997541646,33.27440051330793,7.4370616198335835,2,CRITICAL
162.793390412273,64.28301275700827,48.89046131217364,49.217577636550644,1058.9368404410156,40.627143824218834,98.19905683695622,3.9501167001369697,6,CRITICAL
85.96237563848533,72.14192228369829,96.9931693200985,24.246590864577428,330.79659238379105,33.65324109026781,88.00549369738205,0.9526206562545592,3,CRITICAL
177.24997817070323,16.27781939980767,50.69935900915463,13.290063051231165,89.44273451910396,44.91538832913842,39.21158539360571,2.5698366248748252,5,HIGH
9.150074981714829,5.357888962021722,22.850707300109622,30.72140334652556,1524.704339686575,18.94023199326364,94.52584295524562,9.567682172148503,8,HIGH
11.204456624764326,70.18803625062709,45.04912120699059,32.93050533560843,1465.6647004584095,38.31990968957672,61.5481802023632,3.1036337588407936,5,MODERATE
246.78016819789747,31.152395118310025,95.65321657514835,32.29958232059472,3459.9450813075273,32.90539291330657,56.032859340245885,3.2990096014906447,3,CRITICAL
108.05719242337886,43.34087714140506,38.77487644058688,33.90442748880632,1670.8171611569946,32.655457808600744,62.273733136903175,1.8958893109771702,9,HIGH
38.11815379556543,77.44526496406071,88.12883438803566,56.92229509435085,934.6433750352012,18.033423793799955,88.4200369809663,8.068506011387655,1,CRITICAL
156.6729780164413,5.325178233137828,89.31256135137008,54.13473738577388,3124.7415715585626,36.424071696920905,76.163577480075,2.7564423024227738,8,CRITICAL
230.99806592958325,51.865440596167645,41.516787189876496,52.543022193536366,1744.1844263048458,41.015040893903965,34.147391667980926,3.3025824836885564,3,CRITICAL
64.74630824905296,5.928433805989366,17.493189224556893,48.08500865451763,2117.1559414764934,13.741938460822517,97.03230597813196,4.143481084316266,3,HIGH
186.86714274570008,30.037514277320028,75.21021182429364,56.60568643591712,380.05705097733374,30.019873484668164,40.344889343482244,4.337282797746097,1,CRITICAL
25.604239498130397,64.30516361547573,38.03610691125874,5.909678500764195,1371.0616052877206,20.68539316411101,82.18975662147457,4.1134079041502165,4,MODERATE
15.504516350582309,34.67777862045075,80.46312528318151,15.907395686744369,3307.5716769345645,44.58192477179508,74.52955712996916,5.037436953747286,5,MODERATE
159.4063894704444,79.77458831223603,49.83893634343898,29.703356739275094,2083.793575405218,24.153312633267262,43.12696335625926,8.145128796164032,9,CRITICAL
162.19053648303196,44.724742795728176,53.67400681083594,50.79206958740431,1238.5314002414927,14.132806951877708,41.951245327913476,8.19285040742022,5,CRITICAL
191.22897044946197,25.692972210876277,80.01184660736831,30.30994269136395,2208.551773178996,20.274305008873302,90.92293155932845,7.983131337633469,2,CRITICAL
217.82740011679846,17.60890607238025,44.41269979554651,44.88208436049532,3190.9182590445007,31.15353559266505,59.3786446449718,1.011248391164875,8,CRITICAL
292.75562383876036,28.041642742892947,49.881461079062305,8.337594314934973,995.2675716304357,8.043574853983051,75.82035599218969,7.996788032748141,6,CRITICAL
154.8901044903586,29.802661900764065,43.85714218926599,15.144828778593611,1792.6526787238267,29.144076808849505,65.28497026996712,1.2025177348657679,2,MODERATE
96.88694188237379,5.497094217916878,43.0606463749552,43.906565702260345,3357.482755995556,42.24899036715592,80.91474619531716,1.2472377005225799,3,HIGH
238.5558584306111,29.565935954141853,57.33519192113135,9.884040533263443,644.7666943796617,39.014511506314015,63.54696625275314,9.478627716349608,6,CRITICAL
81.24967537862227,37.139081579137994,82.79195000510356,21.081356079295606,2532.840543308655,7.706941466319335,50.116594067889785,8.193978447055413,7,CRITICAL
131.69142621169084,57.81902017910437,42.559148073030926,15.891975468814286,2169.959478300289,44.73559514956273,55.43683596975475,5.524104668680087,5,HIGH
23.536914402679788,52.53835877772864,57.182924848396304,20.99170165334871,2394.87920243519,32.94907694815517,90.135438611524,8.749702044778621,3,MODERATE
7.605223024637253,56.70125241833234,70.36545928983408,42.49944294467822,1261.7077258031154,11.491232972560947,62.76242850459089,9.893646425518629,1,HIGH
288.7945244033775,0.6690945501485679,34.24955016732895,22.07083086856806,1132.883838518989,5.49664356677694,44.941453257122646,6.106420666317776,9,CRITICAL
250.79403615366175,17.413391966442884,34.977052441215335,33.31579935647641,2410.523363529878,11.851305451686054,95.42237716540772,6.12898436981518,7,CRITICAL
208.7922618281094,52.93474307198852,94.00718143211093,5.995912623264578,793.6243336106814,38.52703682742954,85.7620319548864,7.54427029159928,0,CRITICAL
122.68588332428097,38.719149454379775,75.11811159979797,48.301061594077666,1497.8088697635676,5.86557299780655,33.89663022393394,2.3213895236533277,8,CRITICAL
51.98829602125373,0.4250780534676757,61.9468008600978,22.19331753888749,699.2025288825671,14.325892144723461,99.92600733863624,1.6712486151879935,7,HIGH
46.93111280132582,64.35957139454578,68.29480489785507,38.912049542000545,78.65170187548762,35.29222381339501,78.64486875080716,7.595807500150725,2,HIGH
75.0728694493786,61.82476586322699,12.636949879307654,43.52337609970996,3396.6978921313394,28.444421435925406,41.21866193284109,3.449047949941023,9,HIGH
164.76799941183614,43.87353303948501,65.62926690055272,12.579655326702024,1539.3752763646457,36.30942841440768,46.60173769090175,1.35070356305934,3,CRITICAL
214.3787768100187,5.31706606210177,55.855798590178175,53.080499097201,3394.256169748397,34.84602015307152,78.47118368690829,3.1487772591774976,9,CRITICAL
198.0592130153194,61.32120396260677,59.11747118014921,36.973455096417176,534.116143199,7.024055484872189,84.58327386953854,3.586368678745754,3,CRITICAL
83.98016908378285,46.697087018509116,42.348144414773536,25.723508505088887,2076.4153891283268,40.70045676376606,46.73251602048643,9.652276595056907,1,HIGH
286.4595841989582,62.55679817263673,17.33265079416477,10.940111014693173,743.3604131297766,14.081273371290749,47.98781977294895,6.979597110879232,9,CRITICAL
221.36907500873056,60.13975939166723,27.400531025084696,56.5380562740724,2775.755738023298,27.13569760919055,51.49844864104426,5.30856317399734,4,CRITICAL
166.30621575342022,64.24016575662696,95.56702418914045,45.30409224789751,2753.7753112253645,30.771526261111152,71.86128553856457,9.68873138682605,2,CRITICAL
183.51622387030568,41.44064531236999,46.78296060438406,12.481473763994932,438.4946641856257,11.745128435403815,42.02713248108938,9.031397404741806,0,CRITICAL
125.88001872833698,11.2259614554812,52.001484024777774,20.26264648345347,3196.6223624235427,44.049250268038975,37.297023921934425,5.120008566141597,1,HIGH
74.31929685034724,53.692597870375096,14.743881086809509,48.580455485284396,721.472282851125,24.526238243492358,77.52048623598594,9.056796353769807,6,CRITICAL
106.79180359537848,49.63790280415765,13.380960658958253,41.74065979292034,2164.771828483293,7.305707823895737,84.53685578552191,4.043046580626566,0,HIGH
227.35383313931072,59.380254975926974,74.54633023420818,45.94705756294346,3450.435989302579,42.490481791113616,65.06505830915538,2.304206653566246,1,CRITICAL
4.3180465889267605,13.590480484058824,58.42851977090002,26.472066132775943,3094.2680449439554,28.450713727730722,55.46828971878698,2.3267817682208514,9,MODERATE
34.82179215207487,15.598015992023138,55.783538579464,42.98857575853001,3350.1455535360333,32.967727919255054,60.24298994685334,6.623155244421267,6,HIGH
13.800792606525825,71.23276137754628,31.88120773804018,23.189623371834823,1231.965760702512,26.007031597368965,57.18854837103663,5.010703207072771,0,MODERATE
12.218640695691041,59.99822387616567,77.027565846693,12.675775016291785,414.2359656571486,38.3895181910787,97.19894357663726,6.589508470054467,6,MODERATE
256.6381752033022,72.65827909602584,25.14129211976427,37.9606220904816,699.7967128486029,6.325338487728436,83.7662933653398,6.860759642621699,7,CRITICAL
211.0973578140071,60.69722569311366,27.094126929491804,58.56083553592765,1776.7073880143178,15.735134611085911,44.56610503950772,0.22322872897717616,1,CRITICAL
142.25214872619756,47.77242447922415,51.464095421344794,18.636058283719777,2786.6423900429613,23.785934256107687,56.893240643778604,0.5403959234790234,3,MODERATE
29.350248195300445,52.33061896222989,35.76518759007468,27.658175532752377,568.0300724343696,8.064144652548402,68.08086039541769,5.326777265912499,6,HIGH
147.4847625350497,71.13023391520079,32.27166831098317,40.44008226419122,2326.073786299612,33.23626677306633,72.90901034445818,1.910354777600769,0,HIGH
142.0415312341697,46.304540360955244,68.07138800979985,32.490376927349274,1166.3427339363159,20.74653656222563,62.772872722013695,6.325337688044397,5,CRITICAL
51.960560973004554,50.59130594627099,68.587457069669,50.605667742542956,1227.1471497529296,15.906719610725762,86.70886445083714,5.52185739170648,4,CRITICAL
130.15549477139191,12.518137280288046,84.20653628199364,45.704562388170956,2333.6161690448457,5.135153872336491,83.73242136207622,5.857603583708912,5,CRITICAL
119.55142031921203,37.91369760928822,47.593771027567826,3.4978322317414223,1661.1479973896098,33.79321246999815,65.36105430397167,3.024553798310107,7,HIGH
184.75502941566495,57.31176895664792,16.57765819235352,59.905274035426444,2851.5148609396792,38.35237235491447,89.81005707472113,6.398435062778967,0,HIGH
190.52809526029313,21.675415865309233,34.62997464293119,45.144147223168034,587.9188583367534,20.80162142725994,82.57626713096701,8.29492636485023,2,CRITICAL
13.591202931613356,16.180334441962792,98.20049168771352,51.83419897764679,2775.321530696283,27.56871908133462,84.50072941044503,9.980712535922372,8,CRITICAL
112.38378438794136,25.106144657953244,63.66327177094319,39.071862725720784,271.611605798102,14.107465037183937,96.94805456033916,8.384443861722144,7,CRITICAL
187.75797471427092,19.320050239426678,73.87633763209183,51.377107682805736,719.4858868473373,29.887905851205325,48.652685884644185,5.574987596799474,3,CRITICAL
150.9408775740263,17.193010962911668,10.662204666287309,6.742978495722564,2313.7165150359206,5.485498332608021,48.73537136567944,1.9342959167995655,9,HIGH
256.9469523564967,33.98806742944696,56.63851589642688,20.864270133558936,2999.4935149631956,24.54575588395034,92.2266578983448,6.814458761198209,8,CRITICAL
197.6080894856835,72.62708111068272,13.37757917786228,52.58525661626956,921.7447157007542,30.76821927362769,84.05584613699756,9.376537855579782,6,CRITICAL
48.88032812442891,40.564771739097466,61.230719088230316,12.099312676013534,1178.8110401097497,41.72767092918936,94.85818790049392,2.1186653973230243,1,MODERATE
21.170624220128953,15.033630465225842,92.86937646724678,4.694525914801364,1903.0665815892528,20.253432684891372,34.41911122271171,2.559956205265771,0,MODERATE
192.72578346189468,6.157733550469926,97.15772174503671,47.28713639671314,779.926182388093,35.60760811924119,73.94299540831176,1.4900854341165115,0,CRITICAL
7.9533931624865435,55.692491611034015,58.649740785003175,50.12916933859777,2848.4891024768945,28.90748119774003,40.12398366864132,7.367216436264017,2,CRITICAL
175.732674382039,30.623901154911024,51.23843247269944,9.759133091394038,2719.046425269875,42.08048451700322,65.27280388048078,4.065615034236592,9,HIGH
282.0690724274873,65.74647572682875,95.05153848236446,51.260758966962925,551.2564062819465,20.935107026377224,40.902285229741096,0.6269563888638408,1,CRITICAL
172.64225336276368,52.760861491261615,70.62488487970256,41.206067735830175,1650.2125747673808,17.76381359491952,38.96549562894155,8.749499914902803,3,CRITICAL
116.45097786195657,63.69931604330948,15.840935158456851,31.204960992995034,2723.155794958444,40.48567994776575,30.85178417674232,5.576719047025667,7,HIGH
192.98646553270595,21.7556831534759,51.91530199007478,49.8150115668831,1213.786882306781,6.969776056331565,74.1167168668033,3.3109429200035576,4,CRITICAL
137.47586714745498,55.38871379688465,31.622051661787353,25.154954959137946,2234.2185383761744,10.455415717347073,55.13158316830602,3.4398297606109693,4,HIGH
163.68503679478047,21.124958775497504,52.28238893038134,11.639637373403833,223.2352690286259,8.296177383361778,37.36317994152802,2.902512201909068,5,HIGH
282.43944263295754,75.12547835602332,50.99190148057256,17.09116059663682,2149.976223826147,38.7243982630561,52.59864444119169,4.554801723926419,4,CRITICAL
115.83079134023228,50.90994252266995,62.39303225332678,30.309841097598888,576.6527810020942,5.424296934812776,41.82608640161095,3.3704168848814495,4,CRITICAL
288.35716914717426,25.96094401402737,42.109344131432614,31.879847560390544,2915.512471644857,39.46628621988192,95.91863820511617,5.479463040706094,6,CRITICAL
271.6051925868191,21.560948983381813,24.784340451033525,48.33484958647402,1276.3006493526507,23.050711814850672,52.40034200329437,7.735172522712942,5,CRITICAL
58.737340436788934,15.27412680573148,55.334749113096066,47.48116341914007,1021.3608264122752,5.16101115415883,53.37674663025729,6.7446128344437355,9,CRITICAL
20.808390262549636,55.57127671149822,84.71825959111858,34.88199343227449,2951.0669696546233,21.065807088481673,88.79006023797099,2.9445689275411713,1,HIGH
30.233400413227997,17.497249039834184,69.7611005260842,46.84712900192858,222.99687959774522,12.472033641801424,75.3429032900203,5.287410115397792,0,HIGH
5.466547695464918,47.62426127419913,40.45310793326942,11.506407497620259,1418.3003577034895,29.976019498886522,79.71201251821009,8.401261599122508,0,MODERATE
28.33288822677852,21.170802154028586,94.19707204829714,3.0038716255976605,1326.5122149838583,32.17435159686586,74.52012627922724,0.6820623474272547,3,LOW
204.90203202490704,52.95751558350949,92.0986814124264,52.41802935808201,1032.5612911609505,24.501102816199992,96.23373987639958,0.7829726698690476,1,CRITICAL
21.356594538068695,65.19517828324314,28.84135594456889,4.533269625766174,3195.5524454050956,6.620781017586799,44.490058209063164,5.561700680497534,5,MODERATE
95.69268908812839,62.242019451572254,13.547582660832667,14.801305784639837,2640.702957632692,31.245152174688076,99.2327469229057,6.391151283898032,8,HIGH
253.46259329083637,60.868106474462536,76.7177837515686,41.71913697746307,270.5349164621888,38.68155134422085,88.16693242895593,2.114130157759041,9,CRITICAL
6.981580720747759,15.017792455380166,84.4849235214238,24.566876257638548,2515.6717005505916,33.81297109305606,71.22808122134396,7.45220126691518,9,HIGH
244.34054477668073,7.070795758761497,97.10781093562197,52.578838194930526,1869.1820092943392,38.19831675821274,76.36601370773744,6.462633770407274,7,CRITICAL
84.55643243201997,55.915906278990846,90.08527546794797,17.87878767973617,3157.994235685448,13.020380942035498,75.41781135504299,9.232892682362865,3,HIGH
35.449448286496875,29.467777103548105,64.04812913857734,0.7122808001615577,1129.6623798518367,40.555517586259306,34.087735684140775,1.6895420185853671,1,MODERATE
209.02114960924519,34.58769811226779,57.70471052911427,18.039338433644648,2030.858898653061,17.887738025918512,45.2611548972357,7.513742653580106,0,CRITICAL
188.68285403396519,2.491927423471285,12.505694613632766,34.6845029510899,1777.6056978564018,5.536192570079641,97.30296191673244,0.8364309058326702,6,HIGH
263.2416040581159,20.766115942003935,32.199080216030005,22.5563025241976,1738.9851264852398,38.73566585316283,67.40551002015656,5.6529240951789745,9,CRITICAL
220.52131314116573,2.694112309957122,51.36532765596338,32.092365345525316,1623.5636283343836,42.67285075858907,56.484752228333846,5.518951394991458,2,CRITICAL
241.04427911545457,70.33486180809982,66.5653510075211,52.59588713010112,759.4216905863705,31.22232789669395,83.34269243723526,3.883850446467406,5,CRITICAL
84.61037177139194,19.471734657482436,60.15266499865696,54.74910325382211,2657.199232598755,14.257465218536986,66.71632598590668,8.445711476685672,4,CRITICAL
53.231863133916846,44.586973565840644,76.83723907135214,15.958443879246726,1607.109312950546,15.069778571301216,30.92139400023283,0.043706447860122344,4,MODERATE
225.1844254922575,3.118345652890433,35.17902377983368,27.728428396194044,3356.8811487589896,23.66371493742478,81.53663177005825,5.201794018985208,1,HIGH
242.0504217801792,53.34779130445264,60.845734688722594,32.94864091448707,949.7890738150783,40.91324318405678,81.2552292037003,2.171535498351874,8,CRITICAL
297.151542600202,25.84218766032751,17.932801905171292,56.94674741329482,2405.4662467132916,10.983906245902336,41.56040984769821,7.434986191164329,3,CRITICAL
123.78530307342794,71.83353495661326,47.22989712248862,59.91703914986308,3295.473924754924,38.038946783339476,96.96620618969493,0.4306742630609717,9,CRITICAL
111.60542573783495,71.04945511472286,77.51447496591409,14.1244349304916,2338.9312144055193,16.652112348206014,45.673569207878,8.315546881815777,0,CRITICAL
232.92388822259906,26.023249468939824,72.40607680861396,43.61879228074893,3055.8915312800113,37.34344677716392,62.04245571675395,8.380922267069515,1,CRITICAL
102.24106207590535,72.07687165523743,99.15784634549611,22.681863733991708,2904.809311161671,41.810847904061546,38.03151728826403,8.328660124035029,8,CRITICAL
279.2271976810694,79.69261387990231,35.01020133889804,0.48649181317279355,1292.4061184370632,22.09975487977281,72.22976236154119,1.5256852673266985,6,CRITICAL
257.52382555290353,66.03325312991585,54.837036925658126,0.5551513461541413,2120.427592791263,19.602026164221233,56.281578404004875,6.304065185610449,9,CRITICAL
128.6982082125055,67.58970782041831,39.65773723965971,27.633960453735344,589.1016223491768,37.08885275885207,54.722142354679384,0.14367359183389605,1,HIGH
225.2613203374492,19.920698888727195,49.654280265325724,29.30009478026008,1897.5642952998185,26.179315295175762,87.8883814054663,8.479625912891999,6,CRITICAL
226.3628622254047,46.1361919086205,87.12551168824493,1.3541817944065593,844.9558027594634,32.37796193852788,30.669319899533477,7.229751935086205,3,CRITICAL
30.93716065077978,5.380473117389428,71.5788167669638,41.215645006458146,2615.8920115859373,29.91316947844718,85.85627396246957,5.311537308992527,9,HIGH
270.76587200387,7.593434945733577,89.41970722128235,17.640203315697185,1871.8015555278298,11.115553825791853,70.00139960236551,7.305914330966171,1,CRITICAL
151.57571173435716,79.91140896266324,28.315999749869782,33.59358609215696,1468.7344010792287,38.791614411582465,99.02689594361394,0.9432409665177222,3,CRITICAL
247.9372398323225,26.131139954072875,88.60250060572942,18.055144389925125,977.3499817760726,12.831004456525449,71.26102544229744,5.286558321768563,4,CRITICAL
96.01488030918352,59.85471296390771,15.378604676054598,10.02805889215843,3495.50976235244,42.29128576283123,33.87653939035705,2.9127649181644544,3,MODERATE
268.65696854886016,64.53320424214532,89.97393523934372,24.430424315932516,297.40129705301774,15.022851656885914,33.54517285106084,9.72619463222973,2,CRITICAL
116.76050362024894,68.64186168057833,39.61664015146551,13.936401887430046,200.28434797484906,34.355238930949675,91.82070904602824,8.571179506239018,5,HIGH
3.251295444089508,79.81026379217252,38.312887007265985,32.08805861515008,799.5380317038326,16.386215739743683,88.88499018577372,7.332756958339769,0,MODERATE
271.6145929257791,19.319718820549426,56.08797190287975,11.929711817188798,3400.1999822659777,17.711416343474554,54.212305290741625,9.337476352497319,7,CRITICAL
27.38600303584007,3.2280661487759765,94.66211689509086,30.504358598677623,3428.3716807039464,17.400074111292213,73.2622738926796,3.4684330456547374,4,HIGH
95.79409127712447,32.89532143956688,14.300322821326484,9.442710892132054,2309.500684963869,34.91569016104333,64.27139499389202,9.008798989881813,7,HIGH
285.01859011524147,10.406453586315756,41.70078775636708,40.2584825691471,3086.368001862096,27.272604718775725,97.70148385952365,3.2523823210671035,9,CRITICAL
285.1821440812668,1.79407113296441,87.09147898150022,45.23626106648544,788.1679714007441,40.31809823389989,96.49726306138241,7.32796719691153,3,CRITICAL
172.03136643698582,28.83414617131889,45.644902969192,6.6236540549960266,3403.5452249093514,17.294908768161793,98.86873059785422,7.364169117764491,3,CRITICAL
189.55116365093977,62.69906008601892,27.92412078373603,28.06814472224035,542.6077329814981,32.67970088226977,90.6514146443985,0.18349876454093472,4,CRITICAL
134.53365659349592,45.29445529800567,48.23147631982706,4.252302039292415,398.88189922672103,35.11794398652442,93.66861135425708,3.610596982781952,4,MODERATE
87.96323150941936,25.022239136828325,44.69972513425024,35.89094673252014,437.1298104030915,11.059284521198327,45.209514513699546,0.19432672408497886,5,HIGH
98.59936361097479,52.34736043941758,92.3874581320033,15.864257875778723,2027.2913352903481,21.023574292792446,88.17047522928422,9.970920176102485,4,CRITICAL
201.75553682311153,18.561454424704856,78.57409381687874,31.65746741032247,2744.3616824772807,24.312699774016444,79.61999792429923,1.22196761829238,4,CRITICAL
225.71235883130402,1.150515685766802,55.46040001696057,31.04766056305747,1315.0017636674843,19.227495595774972,97.39505561796491,5.428108956481093,7,CRITICAL
237.47371311775456,61.14827091491419,98.9533510049414,55.46126077162803,3423.7411578621363,17.884503838765525,69.98832799098335,7.9055623876263725,5,CRITICAL
236.88544283836617,49.89944678912073,51.874977814833095,32.944993354123376,1548.7494765082367,32.456795759905674,35.96170166973894,2.0126360226089246,1,CRITICAL
27.36183091460711,60.9842099600768,15.24140477382477,34.979908783098935,569.0475001675961,13.634655906379543,71.81792238310071,4.850526680954727,3,MODERATE
148.32609141077444,3.115041335013249,33.604688963348636,24.09918754586282,1657.5852812421717,33.375629810045154,78.06066496149015,6.074287609211508,3,CRITICAL
17.267628004993284,66.96957022645218,49.24634321973814,56.94477619096901,2392.6782207074175,42.401767855629224,45.42247200986998,1.6020475439554538,4,HIGH
164.85866469712067,49.56209600290427,24.12123617315081,46.63115456637658,2921.1789427401063,27.607900847110045,57.58793684589099,7.785554599115385,5,CRITICAL
132.45915041201312,45.07162805701121,95.28086136916387,17.124317418170495,1632.7506003502456,29.457369469578964,71.89523898361759,2.993364571893653,4,HIGH
266.3112548274899,49.96912384916253,79.01640080359958,50.65257514657392,2097.9435498696275,7.757308084963563,56.187401612155384,2.110230763388403,5,CRITICAL
105.2745037656236,69.15465974946913,34.14584803849954,25.9437816111054,972.3392569480441,39.57907614471313,56.24634020670648,5.582887464374169,7,CRITICAL
35.12010492828176,46.95492052471256,63.17240801661242,49.72002861201564,2278.4120160990233,16.417911487994623,39.31606474209582,4.103136276429379,3,HIGH
42.89750461585076,46.476030391054344,74.93042413986149,49.373284097610124,3451.6032066286857,29.602046621142595,95.85227061543662,9.202859446364178,2,CRITICAL
228.45318951524166,79.25433256526127,94.71510360161182,11.332211205771262,219.2348254278888,44.16448678979209,82.53460691465676,8.800626981981539,8,CRITICAL
185.46541899487832,60.53841336548544,89.34718142578696,42.06846788301461,3108.530813932829,28.82010402291231,30.08704072062714,4.833506633888832,2,CRITICAL
30.336802836837073,35.383504436090824,56.36730035243923,17.438578158391866,1989.8746345479535,33.9883794985751,83.59292988155156,3.5926377472559756,7,HIGH
25.23204183449923,56.59176000263422,79.71873578137158,17.84956019956009,919.7403754899348,22.812784728950074,81.78564948605012,3.255179816312652,9,HIGH
210.290739437736,31.13843773534308,60.59302784448265,17.780884612834843,3344.3694995319397,7.414633740602294,30.68116721088661,2.6756362308150736,4,HIGH
21.828901909258057,18.31003699867992,59.74335010409861,43.53409485359689,1717.5723455532013,36.90397397959154,55.87230083296352,5.445478537124773,8,CRITICAL
246.55801778710688,47.74815015102075,20.32677625043727,13.789562507552164,1194.3313682731805,6.399953650559427,72.47233832278715,8.049786047345435,2,CRITICAL
211.87266814694885,74.25456784911611,21.352389221453684,0.054350114765413515,676.166817534402,33.02631315551416,61.69254563006251,3.1075660820355777,9,CRITICAL
24.40463419256993,74.33116160123701,57.65802535202117,42.91421120895799,893.3601253854841,5.916862925985478,84.45902831043551,1.900940896880815,9,CRITICAL
25.451314225557574,27.352422248439225,34.1975390481106,10.271084630107516,2923.329193490477,39.49220946306682,59.782083284410376,4.754838061832868,7,MODERATE
295.99187355035264,42.214197297735595,11.893321221442177,6.268943718470079,2169.714532144222,11.305441433319224,40.77040786176859,0.6903441679766653,6,HIGH
112.2812387268361,16.930871885588896,75.0555283510191,14.250967235643607,3200.6973872346903,25.570859817702043,98.349093699168,7.012790061297069,6,HIGH
111.19264412006727,79.65048875991067,12.923793702114846,22.79403133936224,850.2911599443611,28.886028179325894,46.94279949432326,5.183582663019336,9,CRITICAL
243.83987017725076,78.48943262943486,63.57491569936491,28.554379648392043,467.92807977871007,23.301816294936483,80.23846173789326,4.963748079728542,8,CRITICAL
284.17457321515764,51.96071437659579,58.527441471458296,2.6742024427578492,71.00198186578552,18.630539573955488,40.020941816485035,3.0044537955002246,7,CRITICAL
295.8003191468613,64.35312477419787,97.1933221520024,58.23439995764163,1802.1240297751785,23.71257184723887,53.03088296487529,9.046734375317367,2,CRITICAL
226.0134555776825,57.208012902696,53.57918254128775,42.963783205173485,3494.1589098178592,17.456630155246348,60.94193259012967,0.904862918495527,5,CRITICAL
112.87787565927474,47.452657523157455,15.724129274001761,19.39164391946017,2447.6301774243043,22.524893883234526,43.45624031689447,8.698240088870314,5,HIGH
25.050215009600628,4.267839759111816,59.65191710258155,19.12183543712384,1113.961342279754,19.356519639921224,61.497170345802665,3.7670520241592262,4,MODERATE
233.14407477823104,36.38114740421288,85.69865535544913,26.91255296210756,3075.1621114402924,27.64819294028581,41.0013976094225,8.806235159750223,2,CRITICAL
167.52127492074152,53.98290417339284,99.71643558532959,37.57468936578198,2746.941817658461,14.516966489799339,69.1304577290123,7.287614583323836,8,CRITICAL
127.26660277409289,54.20252911069477,48.73088563201652,8.782383995338066,103.18232296406043,44.5462621965605,76.45992767641357,1.041707266620383,6,MODERATE
271.9063155284208,29.849809473790685,38.826886824706826,11.33578882589714,2868.1686578665276,25.03479813528662,34.37039988196075,8.315362865093537,3,CRITICAL
33.359244691845404,75.33535893264245,91.5987967256799,51.566074970013055,1086.8173124728112,12.766483096580385,90.97924847575177,6.821768336995051,5,CRITICAL
147.78753128725774,13.38856257894248,27.211791616850924,15.375295433344354,566.3734528134238,24.0826699826909,42.95986195294249,0.3230191291534845,4,MODERATE
3.4060934302257206,40.02875569724485,65.3886023529634,22.81169987851065,830.8413970929073,39.65660518099297,45.775369772422664,1.3370268210966996,0,MODERATE
140.5981925982379,55.27071812406582,46.514298176285294,52.27631105700702,1666.6003250942297,5.872271724975824,76.29448880581441,6.356280558356952,1,CRITICAL
16.890982704551206,55.77086447134474,13.697412845999976,39.788869763989354,1515.794348384638,32.18216476429156,62.812574230408984,6.626005028802849,0,MODERATE
35.64537488042158,51.89111654150524,41.2559626875128,20.5027127605013,1046.6611828410823,26.91871187175712,64.95769194197459,7.4665143283759505,8,MODERATE
35.257874033131465,22.023057076148813,33.87056702524072,41.02197274347725,644.1532116142628,11.782319774805421,38.97084891941929,7.202454007749819,8,HIGH
194.76309063481906,12.496525494929758,71.74820385491381,1.1809929228848226,2679.696224265484,37.69905757219683,86.40150753134859,6.59519954669955,4,CRITICAL
223.813463779627,50.87522614613687,95.39114479227263,44.138559600681916,3465.878753885464,19.755384894960226,73.19379722729471,7.662389017464225,7,CRITICAL
175.01062952914788,47.94416929115502,34.1242468640774,29.220962430974367,2733.380952447932,16.7520811526203,39.476743031661925,5.750857058923728,9,CRITICAL
288.65176454236257,14.348480823139278,83.03193452365136,48.790928837067675,1070.982538466817,38.12500767427604,56.17995569179172,2.607913855244549,3,CRITICAL
112.46117385711122,56.41113164564507,14.982383524456857,57.2782591203881,894.5909168718601,30.541001847666585,86.72869529145211,9.123766137307182,0,CRITICAL
85.71362588455823,36.413759338692515,58.43089090358318,55.5473129696741,800.947272427487,40.930363346992976,69.78485321906345,0.18214030931977931,3,CRITICAL
260.5797384568381,53.420847328252236,16.349505733890513,54.55590260732045,521.5980069871752,30.195348146847977,37.60541453930513,3.6656171987149024,6,CRITICAL
67.0787515558358,66.98936638161206,94.06296920175754,30.73019735603323,1952.0903964384393,34.632706317284615,56.09439320525007,7.288702930971633,1,HIGH
288.9667618321834,13.578274286153853,78.97161525016512,21.608526848336282,2138.631283239037,38.45783585038451,46.988607891901424,4.271560411496743,1,CRITICAL
3.6463424069449024,1.5315894397469343,69.21549200841332,27.902119483840366,2483.9841792878237,7.1895854363974765,66.22258875576085,0.2483440748001431,5,MODERATE
290.9636480122917,62.328206911662946,84.15067434621979,41.393760198801644,2396.7361297211546,36.04195835477521,89.03527902103926,0.6598090311621319,8,CRITICAL
12.947973585172834,48.775794012209275,68.27678160131468,53.039866612271204,1058.5499239276696,29.54825927398307,60.538699436309386,6.486373691382886,2,HIGH
267.3429341094213,55.97116556976974,97.2049957456862,12.419178180007172,1189.5729686191205,7.780311860607729,60.33394212578261,9.648645994052996,6,CRITICAL
158.31033272588996,67.0523979990914,74.25621530782944,55.09158950770218,2401.225147276066,25.343116874748603,93.37456316289258,5.518636358344989,9,CRITICAL
297.8894388357901,64.22487478596004,93.21927486240222,48.91081391819335,1255.5943607035179,8.298323119358155,70.33297887550907,5.067578180237691,8,CRITICAL
22.13896942061966,76.87361175430597,56.541870280957426,58.73136091069408,783.55000418663,34.4378880689289,69.63337611781847,3.1832521305626726,8,CRITICAL
166.15628532039622,42.874806308169454,20.535797168367637,52.81510639690123,1341.4597302537516,26.860068555915323,48.33369243127726,2.5669067386606317,3,CRITICAL
290.7907606857297,39.07965061279243,57.53599492807154,16.796239781514398,988.690343644023,43.14294149649189,72.54059234859884,0.20984981756284715,1,CRITICAL
156.92935325104463,32.150975991258406,21.418554525678395,6.357354680642862,354.6788882040934,12.325414862870794,70.31373271921774,2.7295486764047117,0,MODERATE
188.81959144057876,12.295283427536363,63.324413125876454,6.734464319495316,2913.9792128544545,29.24133810081514,57.779602923930476,4.491104408652524,5,HIGH
208.72460669538515,45.8085786305618,53.424375447489666,17.473399114696566,2993.234292591775,13.463285382819654,99.34868961294264,1.9794978304895017,4,CRITICAL
136.36231943033198,22.1610019460783,66.03178580495035,36.85102343907236,808.1385355757342,29.562599389095933,91.73236754636608,0.8734798848142922,5,MODERATE
188.26742402521904,73.70460097703804,10.904228294934843,48.25921956583035,273.464088361946,33.90598809443426,82.47104030537709,7.177278672546025,6,CRITICAL
175.29429357693007,46.655264342167804,27.53564424898277,53.955018418893886,2598.9546588615694,33.89217317318155,67.61419118891004,8.946202690680671,8,CRITICAL
270.3474031472967,47.42721444064881,54.21973887209178,37.42520306215397,779.7737592287773,37.602959627304394,62.34418613262412,9.367720696870856,9,CRITICAL
13.63391410243736,28.393972870160802,95.54532054302214,0.33787876488322377,1407.352438557168,39.142009118332666,42.942817665623956,6.179987284969894,9,MODERATE
84.2889568776691,4.159148158216599,44.52481363196426,11.17900659111201,271.2666202189722,8.090869050687083,51.40162318102366,0.527745825992818,5,MODERATE
285.12344522296763,2.5395012298390895,48.19348234482712,5.983572231202077,830.6300674166014,18.730686282896162,84.1772559876247,7.408626299617734,5,CRITICAL
267.0791351672749,33.8668115322558,74.322648010596,21.7994685341406,2785.5128602372433,32.484900814392226,61.7624267756286,1.1009530526188638,2,CRITICAL
136.69702583571387,6.765230247779028,64.34134815575062,30.081059618024753,2825.1677418574463,24.943451495648485,91.7588661598651,6.69748117687824,7,HIGH
186.03977934046102,48.54775644321113,36.90335350884999,2.603830714713651,764.4426458626009,12.62703787019166,40.35377954418701,7.7936583574787575,8,CRITICAL
83.2143548943398,70.4778404511726,46.9734756010685,20.90867854773932,1208.902765618079,27.10838280666792,65.58429672095455,7.258647108264728,0,HIGH
56.436347917128394,70.63318532149778,29.59298189715092,10.750780477519355,513.1225458734152,21.297426110645752,75.2875978814916,9.518838057611307,5,HIGH
139.10952148199465,52.72363281057859,96.94193132171877,38.82420997553243,305.8955744829822,20.601531106172203,66.17939194155483,7.381462844673897,6,CRITICAL
106.00566840781585,16.898546517834482,21.757094340162375,27.8563421594604,3472.9924148470127,37.390148697426554,92.2458824109491,6.9320977798180845,7,HIGH
175.0968335552616,69.03974650870977,43.46531061097775,29.719058816034526,2311.7991317946953,21.30393335328725,99.26942972803978,2.617431721831024,9,CRITICAL
23.320391089495452,70.88747482505666,12.325507499801008,25.661507282007666,1920.2329567341997,6.0581802192169665,38.10842608389588,9.247686864359018,7,HIGH
292.31844229984995,15.732286796236696,29.960154274019175,57.36118262919402,2690.969826398283,7.322533555643651,39.096843285384466,1.795438707941669,6,CRITICAL
295.86322334388086,58.99408686165418,80.24240245421394,12.884107507293795,2948.2662009226483,39.249761667664814,39.122687949208476,9.048966114731265,7,CRITICAL
209.44851420592354,22.921563914169838,28.10577090599915,30.99985559063246,2833.16594975431,43.42403240050085,77.68239672493692,3.126625433459104,8,CRITICAL
160.8289099032361,64.21122498823438,17.205706227606903,44.16104210192016,107.06110005007429,32.536373458228304,56.08732668470866,1.3016359387766874,9,CRITICAL
92.85828488589833,79.77903199228821,52.70078618600709,33.41066478807375,694.4872487572197,19.574731764003207,81.33202628861342,8.266830272711708,6,CRITICAL
244.1385059120846,2.402080426351425,10.897231126106664,55.741253143008066,2309.423292306517,42.5440126317891,58.38300310208851,0.02495453600829145,2,CRITICAL
205.41935176616377,71.78926926327455,17.628953898369986,22.67810133847705,1346.369749923672,31.512123455029432,73.93247049324445,8.320883176808307,8,CRITICAL
48.78508180346739,49.810442687892646,82.68632826066776,27.82054834639068,3439.565146160819,38.77334196797351,83.89006039752255,2.6231184204597593,0,MODERATE
273.2781553481527,77.8706095331857,79.43260103736458,5.311338912883706,2345.6465346019763,35.634092161480375,68.37511374584444,8.847212727556213,7,CRITICAL
246.7611728769507,37.20076140211421,92.36249383644065,36.53994666311571,3350.0937351157622,20.165572630903696,67.76525133150042,6.914791822415792,5,CRITICAL
284.9399739875772,67.7910344457099,86.90638923196745,17.292718106886362,744.9903616779886,24.14808803403142,36.17640276999441,6.6618333285059,2,CRITICAL
217.715852516508,4.991525487862178,71.48580069158362,9.618542370934131,3030.6517469968294,12.445286174723979,58.75472200366043,3.6531956316484337,8,CRITICAL
184.02455878073695,26.822324006263656,14.709957157059655,32.67187757427048,1158.6654550625274,16.68056401762936,68.20440072574563,0.5940297389077098,5,CRITICAL
125.47291088718566,5.361323020096798,80.45637561879917,31.938615802794637,3463.9985884204334,36.12502645146087,62.3386577966487,8.300730982055773,6,CRITICAL
279.818545006204,78.02745067832564,86.09597297565044,4.552298473442853,594.0259186523582,40.75913567532433,93.05474001318979,1.7090379517652798,1,CRITICAL
259.8191668501225,65.35791258174694,81.9173931194759,41.892927209668365,1831.3723749922267,33.97841693005647,93.45714424836426,3.722586418947522,0,CRITICAL
13.565601031856822,68.20379369967765,55.763113177722346,37.426331439051175,2785.3136417380706,23.606947866265532,87.53421664121332,6.003546855090818,0,HIGH
7.910092349175601,75.03721851471154,30.96116547845335,11.341036964789833,1542.6165580839238,8.460370757589901,56.2708652761184,4.822537385606217,2,LOW
112.93901006341488,6.808278889582828,86.0796978119854,28.16609172924263,1664.890007647381,7.277917947937929,80.21094061812741,1.9866063517131805,2,HIGH
243.16599923454987,30.847807401066667,75.44465287661247,43.2193749887136,3452.9274944948065,19.973022584514155,57.67019227487269,1.406163568822839,7,CRITICAL
296.18283879448336,5.68279112352017,98.26850569499665,31.76614443247659,1517.3131185389789,23.552868750706523,46.28155192830313,1.2324627225029061,6,CRITICAL
45.12506733105845,16.86344812400229,24.012333798033964,23.729344571014213,2134.0487470667695,29.364824888531874,54.00318504856172,8.63007881499201,9,HIGH
178.23921460564054,18.34926216301379,30.309812474684954,19.340307484856616,238.16182932926992,5.259580855479888,34.967524329987484,0.31559549061333625,7,HIGH
114.26725698930646,37.528576883806295,29.061833489335243,36.62363199864322,2955.624776725397,44.58891561865225,53.2244256303253,9.770142595998943,0,CRITICAL
290.97431934438094,21.48497339629141,81.32857908592031,56.346521898614434,2286.1797689794253,19.557555336161716,62.25195520828201,1.985286903854141,3,CRITICAL
252.6356769407126,8.078248545420887,26.821656680510635,40.304690428649,1443.8693548767067,38.92378655204486,96.8836626346581,1.1032229687907813,7,CRITICAL
251.49861141334137,13.399287127528616,15.99938468409755,4.48475421817893,105.78491284309314,26.398668226616174,51.938741035373745,5.769716547767951,9,CRITICAL
140.6079479384911,11.782045084167274,99.87047259270658,27.641098408928027,2091.2574310475884,10.21757818133386,93.17174774438644,0.7998595794069663,1,MODERATE
124.44585070129955,77.84614383298387,12.233549030063422,53.44944789063766,93.66950827035956,36.90262210138087,46.02007930764479,6.0245326316359495,6,CRITICAL
82.02212157921187,60.74340055347789,85.17196541429792,5.667745548065213,54.15246798611179,33.393082996795044,43.36782284314746,8.506266448136131,7,CRITICAL
16.912648995278133,77.42091722156496,42.88301573955875,59.3325427282526,2175.5400394152734,26.09744339716912,66.32968195025154,0.47898021467424834,8,HIGH
259.416712876516,35.179238920632685,85.74539137820338,56.94416361872528,702.1088823042122,25.5821236533512,77.07579585081842,7.998686045285441,6,CRITICAL
243.87030273902326,22.269478533012528,59.91584420900305,4.696468843792552,712.0120465274288,8.499184230037123,33.1032575561597,3.9447744098211865,8,CRITICAL
299.91530198583916,63.86345577673494,91.1468106537724,56.0047992269733,2303.786902122966,31.233957942954966,45.47461055330517,1.5949063383120998,1,CRITICAL
298.9910511221716,26.100313443291743,93.3573687773164,21.787955415567733,235.25529839084126,41.44980623017199,61.89785665509215,1.7609648026745905,0,CRITICAL
166.62951168078823,23.95066989642786,10.81883631526984,50.68255002455175,1131.2491870872193,8.729796768854335,53.170303518822706,9.187645436942262,0,CRITICAL
230.69622455415316,18.600479376626495,16.787095839350943,25.103000262796293,565.5400623899658,15.540458025956196,79.88347555438253,1.1060575194066447,3,CRITICAL
283.4297189647284,10.374318257938828,32.53228566137699,26.451306762150953,2051.6084757980416,41.09231893768395,65.78124172289218,8.66782787115657,0,CRITICAL
254.89421720322343,20.517044881341278,70.23838747271515,38.054585458652554,2333.0897838095157,16.373756392791734,41.22513739227301,5.442446209836146,6,CRITICAL
74.2044305229593,28.425579877911016,89.94449768603555,46.468645156559,2537.9186949167,31.157746887197053,92.61257655205634,0.3905617881643908,7,HIGH
135.16324059302806,53.91953665165843,51.39477561645665,2.027349056894918,930.5476983690507,26.392726597725765,50.50339728383517,4.644761457173383,2,HIGH
38.747824545448495,5.005187377556126,64.62758046468389,35.58935973162806,357.9116431462148,28.853104200154483,81.17917762750965,8.174495144763007,0,HIGH
286.2153081776167,16.840555173227436,26.964986751600502,11.20397964584226,321.4586164495475,21.631556063090123,84.59410453737868,7.262027876391004,2,CRITICAL
181.852390335264,64.72189122333411,82.44701504935168,20.756971071792176,1520.2228421549971,16.999658822148444,97.42103901792716,4.887824176847179,1,CRITICAL
68.59284165103881,11.753753886701661,97.05953002181228,20.87811996931299,3313.163211266367,6.941338029186759,64.89552265668709,8.600498796962171,5,HIGH
201.510205321757,27.411611721801723,34.17390396231377,28.14362041326922,801.1651681522349,34.77123757176656,73.10848608251025,1.203647617802297,6,CRITICAL
185.43847213736876,69.1727137486512,54.53433564404917,20.048184712570404,935.7585246283452,34.84373848776907,53.441340543567364,9.099410533923688,8,CRITICAL
107.44881540985214,12.394024891475413,17.750449945573642,6.4416671070400655,398.06636726521333,31.82902960314893,77.47255053884466,8.464412084833487,4,HIGH
34.0672776598887,6.618946849455192,60.322299081667154,8.737724311527087,2139.2174449340596,30.745351524784823,62.43684401064238,7.08276825657236,3,MODERATE
201.4719586778399,38.763039606400866,55.25050976620125,2.0062791336658603,2395.5614151177533,14.748685286701049,60.63566553070956,8.178877421287492,0,HIGH
156.092310271138,24.19356090228291,22.999283573956983,28.214945119725257,2268.112668154622,5.893797350651648,89.88272703812738,5.43815506842666,5,CRITICAL
231.6955175206918,45.07266915870833,49.785959180626755,57.266861691179315,3020.8993385044955,37.348615875417586,33.51181904490821,6.751624290976669,7,CRITICAL
156.04905033359802,64.30439123867801,40.069418687790694,6.940513418886994,1728.1691308399475,24.645541427833074,91.73736994823079,5.605980707077789,3,HIGH
255.65445009556203,10.971879052219453,56.96477877746704,56.775869580184924,513.8767906463723,17.273525228104734,89.64488864799898,3.5542853050794934,0,CRITICAL
165.57205163234568,46.4559267643428,62.70889018859193,44.00169088392561,1048.4477009302236,9.077276271222804,65.44563774932524,5.688607973611775,4,CRITICAL
168.28139146061588,40.44070083118911,10.764602074648856,38.24992817604979,2335.3834083036636,7.508863636055536,64.31419979439397,2.5746533253192574,9,CRITICAL
262.9960807975035,11.526302881055965,78.49053846545998,38.71666531941378,2165.2708094083814,18.954668871807094,55.32651576248431,4.402791708407853,4,CRITICAL
121.04485986371911,49.919878842318596,74.17128626755667,49.603658903776925,1881.9607976132206,37.18948259067762,99.5921654177214,2.8077540726024317,1,CRITICAL
40.20456853519222,21.89123342886173,42.965774758586996,6.415191862789282,2406.2272444759706,41.74894997335322,37.781853292768886,1.22887789461389,5,LOW
8.634802894001691,39.026745483521,14.764234201193643,30.285259413932504,2248.9984337878827,40.87005458452259,71.3150664940025,3.218618563899062,9,MODERATE
226.5411767020857,6.5817859421649505,77.94392858065453,41.825468295645514,3090.5708686540834,41.8000333899862,77.7177113078692,8.519872181847706,8,CRITICAL
186.0928654060394,36.766724577089846,95.96576444303192,35.20922670441382,2071.7565023001234,41.309013725173706,95.40310057518612,3.8108077064230574,5,CRITICAL
211.22393042976708,24.517077443425627,31.613643641981277,49.96674426139768,2736.1746875169197,26.08899006401583,84.6142447799733,7.480036489688691,7,CRITICAL
63.88924845267322,65.79049689482835,39.11721523633341,4.336302540681089,908.0396880843141,13.776625542276154,75.06930419680828,1.7519785423816125,9,MODERATE
40.91144267603093,4.558298159789462,26.543160053363344,41.44206236994996,2389.7299168322847,36.92186331347281,38.17686217684859,4.244191591676416,2,LOW
4.363399700364578,33.4885819934664,61.92425110103557,32.04166382308306,3162.569708420231,13.54851899410316,56.16134617820272,1.1485606933517656,9,MODERATE
105.1762676419791,36.67451393051504,23.935725518270946,22.749651838796606,1380.7765312544248,15.688291070262764,39.71891497835897,1.386210633674897,1,MODERATE
176.9753060563899,58.0004861039295,42.05745491152415,20.41649893404185,2737.909446318331,14.330172872901938,91.68489127258596,6.174363798900692,3,CRITICAL
117.67321352991969,45.94300600721688,72.73117125408368,37.249957966451575,2550.5230891242522,25.599296147832234,82.473480889455,6.074818174490111,8,CRITICAL
131.24247660711873,53.376986975534486,60.410438470841356,53.45972247865589,255.36537920778756,17.873100326763197,83.02757507580606,2.1337190735486224,8,CRITICAL
271.2476083481245,62.163942852140494,44.781630789514175,29.770555566066918,2056.2036682030493,11.16624198501366,75.6579562441481,4.744231942887986,2,CRITICAL
104.4766401069901,68.9762378926551,47.82246416267877,49.48338984461521,499.15325474276824,23.126936475755294,65.49304758556968,8.63306166977948,0,CRITICAL
154.19684674794323,25.110039737797642,60.58997943609066,24.12938291063805,3387.2511441955394,39.95628955140668,40.497974162444805,1.7420150867648287,0,HIGH
235.09590382234293,43.04181642911224,10.527825509844517,6.143667767590593,2849.355884317264,27.82211419799889,53.07864206935362,0.19210533073514835,3,HIGH
118.96283469638105,67.20864627513599,17.065888160824887,3.690344187518313,428.5471143025644,40.13342423550348,39.58410547338234,6.519951406635723,3,MODERATE
186.62601006836204,79.15609047720451,89.31322609867105,3.0800622794206545,470.0443918844905,12.834887403165496,80.74391999966403,0.53498208088685,9,CRITICAL
258.70911262402353,71.16154488350105,17.00910901821617,22.809008517460196,2100.934799448535,11.67895494690216,41.21601432154035,9.79940238572446,5,CRITICAL
284.85618709729266,29.717381009950145,73.61232365894546,20.234265050150523,1239.8676508974825,28.02308502793681,79.14794851201799,6.09620283798881,4,CRITICAL
44.12204427871138,15.613321377492033,92.80343476981473,43.07622141735417,170.425213802227,23.53315606185092,78.45787727171333,4.703963528439723,5,CRITICAL
277.97628754844834,39.151402992527096,34.3615243871558,44.56929009509195,1918.6632020240331,31.406905665878277,62.15131352939022,4.299925400243067,9,CRITICAL
147.63488792386147,59.33131614688338,43.34422933535628,3.0512381300243896,1388.0655939161718,36.78507164107126,39.46600578826366,5.7307065851693135,6,HIGH
77.4733164896875,39.405525660263805,61.20292652602446,13.267395773340898,398.71389868251214,35.05229182608706,52.03605782938257,0.9062443672021492,6,HIGH
137.7407268714784,38.65446906509348,89.35380726747262,16.45571100953398,2816.62535328314,42.69044694634245,52.4065176352886,9.300190588194958,9,CRITICAL
294.00977258564313,67.05843368654405,94.77150285343781,32.856719048568564,3207.0148402118807,20.93025636628046,79.02695932003054,6.256420685518778,9,CRITICAL
147.78542819786088,28.91230232537491,76.56069233001412,8.670913434417017,2660.2490723487485,13.255469689927232,37.9620113589607,1.8397849761090879,8,MODERATE
98.62548308625246,68.78357398493165,17.795778476922465,8.036473164000022,2887.356969556157,27.03650559791543,88.03480523512636,5.625810537646628,5,HIGH
190.02025629501773,32.54438407613789,70.22387399813658,56.62733335247748,796.8924570681049,9.429724807647425,83.27051031301397,1.3325650583301163,7,CRITICAL
72.04368563345793,26.258648454267153,46.92733496853958,48.252174437866856,959.3266806691735,16.554044933265256,43.04148427219917,0.17552717558312114,1,MODERATE
22.758998432599174,36.31919289597592,52.363089954195544,10.839294125470218,769.4200140321977,13.315522210525778,80.34150672452226,6.30516985213998,7,MODERATE
38.66391657319477,60.99575669398948,14.423355131065934,24.39406847432946,2689.468838211196,20.862548671883236,76.79592270274753,6.484833418701278,8,MODERATE
38.41375168733173,10.080162229119543,27.195592541172235,21.337319955453932,3320.313922324015,9.448663000088615,82.36845600776485,5.836965828034155,3,MODERATE
45.5708080536883,15.71353726976139,81.1462246780283,47.46024444392444,2523.088363231964,6.273669781923914,43.22499888140861,1.8348320436002308,4,HIGH
41.64815179482304,76.11558605304735,50.85629497430738,30.612774988687324,3091.060338834468,31.271760185201273,41.0313225509528,6.0342985849476705,4,MODERATE
192.26242344096437,14.03933019050859,37.1496017468034,7.670984219608021,2253.5118773469453,29.409959131592196,46.553879014592795,0.565109409245198,1,MODERATE
54.56402531974345,45.418185434484364,44.56171665684624,44.33952378937463,1387.4266569278568,33.334357441546445,55.6110192204283,6.092383555719223,4,CRITICAL
103.70018499715896,46.345157332955026,86.89595619931121,23.813278693495135,1518.8775715095528,31.415457610853757,85.55654867250608,5.540170191076188,8,CRITICAL
269.03652297180355,39.16995696401958,77.40991156644613,15.775454857928823,309.8589409775467,9.57178724569534,81.6546756235195,6.552548308390995,3,CRITICAL
142.1884920788617,51.57961988614549,34.50838574629745,22.52991732124321,158.52732359878996,16.643155255025853,94.78161145949731,8.954756057523937,9,CRITICAL
200.26732155630816,18.386138063809476,20.575165619113598,29.865393816413782,2449.390834452317,10.181064396014094,34.10406913690308,8.503581052395365,2,CRITICAL
51.69596136048895,44.212981422139855,32.67983994796646,20.586930985020565,1562.579677438573,38.718896081942525,30.80893967099299,9.806541915625388,6,HIGH
57.68670564260123,29.77386041975177,92.86808059492603,14.51434635550547,1955.1419847884717,34.87614621422093,78.93971807905594,9.76241032936575,7,CRITICAL
12.260584879943659,52.93338077033512,62.34299540647798,23.91012172823882,1973.9313042973363,13.061080116729698,49.5501247055916,7.723196933737526,9,MODERATE
50.680518921649366,11.297883469851957,58.01321878703046,1.1503746449938945,1006.9465559998898,18.65236961959574,53.38552268736723,9.56419622177728,5,MODERATE
83.57710170958758,45.6701933471581,63.67542397232154,46.34987076577883,1691.8291623617429,43.664599690568565,68.27614181401586,8.67283885889112,5,CRITICAL
53.10314528302405,14.821628430665896,42.94254391718637,10.256693614055148,1674.1227647535727,28.76637431518606,37.16891861887589,7.275824498949729,4,MODERATE
26.610760127116684,22.291445049202913,82.63963182875615,2.6342768178382348,1390.0739132361066,37.04622389204629,74.98860915836349,0.753842546437552,5,MODERATE
36.190761330180244,17.496784025886658,57.09576243702248,39.22192157430475,2881.330072733693,15.583641390749165,52.760321236180516,0.49049888269887765,8,MODERATE
138.23363040981772,14.627022389505369,20.5073112491916,46.43616772942033,1606.515812722206,13.40211680717221,74.29005870106941,8.375995675057702,1,CRITICAL
61.90011552173775,66.05687612485336,21.615861234615664,48.82974789557059,2132.573609545658,36.35667715386194,88.380483915137,4.8965585787169825,9,CRITICAL
109.28095831442263,22.856605412871225,58.31732318523565,29.610550959635997,3139.54441531385,32.434898209257604,41.97779333362008,8.146066843749209,2,HIGH
151.02518125645707,74.16990254915595,94.29131962637553,12.322091081399119,3038.5059988632825,32.23911716847055,95.16111650401642,3.1291827065521938,0,HIGH
207.1184485888096,77.59412202761527,37.75169095085789,44.233660634989604,3121.9566030381197,27.105383273167757,67.14816987437106,3.976498583230128,3,CRITICAL
11.793641952329681,45.70083759496779,88.25870519732965,41.98278462926023,981.5172378042982,27.543133711061955,94.60494356217778,7.001867210119319,1,HIGH
239.82311967271278,11.440089813258112,78.76860279209914,14.776244046190394,170.68958466281677,34.42790021225015,44.54110575412447,9.153267369320933,5,CRITICAL
188.37011684727233,29.9638594703665,32.30311986162162,54.20446535176758,950.6804596388858,15.80009924484781,72.31938652229664,0.8776147447888594,0,CRITICAL
24.527709584661572,63.818581067857124,13.27066734846182,6.26228748496974,1011.5403423914448,19.11073863427823,58.27209821265233,8.614781446346063,7,MODERATE
262.07358723203316,29.39125829576564,19.166253862814447,58.96129437547954,3187.2931272011397,39.8654708208022,84.19555338092093,7.930127248793653,9,CRITICAL
276.261720159544,6.9613774642231,75.56445404626962,51.61486865864788,2289.8874282909987,17.354608040486312,72.41362602493075,3.155392707298547,5,CRITICAL
18.323387956459126,44.542792874255035,27.970276423658202,41.27391872874451,331.8786606276892,26.85238285517196,64.61608198708228,3.552166141315596,8,HIGH
83.06329444416112,67.60966811968278,43.41438284548544,56.32499329678997,517.0561562382989,33.10557856026736,93.90897845017061,0.4646147722190963,5,CRITICAL
241.8603839379184,63.67411097148019,55.15292494057824,43.338670099422465,587.0826331198151,44.99699307332706,56.398194492017616,0.15740611116717984,9,CRITICAL
224.4779071150975,14.009851210428259,75.29213516051465,11.427419821802756,2224.9550311827848,22.411653259813278,45.398614342872705,4.770061263577291,6,CRITICAL
55.3563058069132,53.821169152997335,20.190810093321282,26.529368286768705,2587.178387999161,22.12371506499775,72.56708307964641,0.9553964549731053,4,MODERATE
62.80479700101309,17.64034107485177,46.57297647497153,4.290181459898122,3015.771491450617,38.7035351773467,73.68199060209696,1.9400181441521303,7,MODERATE
111.1416308374146,17.45660276417378,53.65656182284258,23.379445337286924,3295.1961002815387,37.22012445039453,60.73662351003128,8.467671995266636,7,HIGH
145.3568955573064,69.92574186441482,58.67443575743857,44.49618118423252,745.8807229832241,34.24303526938194,64.06270305825677,5.710283912504525,9,CRITICAL
185.4764314590888,19.97351621921841,83.6524577255695,23.186601055849042,1118.7150722979693,23.529185496361155,97.168739000993,6.336324372661134,8,CRITICAL
110.67409187093172,21.059787721440895,25.45103755388952,19.817650528088045,879.1139385696657,17.957564806428632,81.2879983977761,1.8747933083192003,5,MODERATE
138.76041483994436,0.05227126090396439,82.70483066439601,35.72134335061871,1287.727407758175,29.349219303393944,37.74212260378039,8.286618044544195,0,CRITICAL
224.24128144012695,69.65352273004142,72.3590584926987,52.3322717399337,3205.5946206119356,40.04893172526564,44.84910496094277,8.679797724397476,8,CRITICAL
11.00496086717937,63.40758505673078,60.02837327790634,2.8549915527667458,2034.1383559407973,40.35109832834346,98.29036441048913,5.233275937130434,2,MODERATE
75.73108330320622,50.18631480725424,72.95750833623147,23.128226081984124,2596.762045769522,9.339933802817537,80.85258876554718,9.125577718786598,8,CRITICAL
214.00487576536574,60.02126111510738,47.081596505649074,9.494444508915763,1740.9113646373978,22.134011352526027,94.05315883012572,8.448286249545816,6,CRITICAL
268.5620513061598,12.163885393959344,22.455782737131212,41.72125504391218,149.5598010096296,23.588878247949978,51.27030247921054,7.3132417667443805,2,CRITICAL
153.50323263469983,36.66588756700604,69.91887162388306,6.343473625868093,271.4744266924594,44.10461470095013,81.93068020606145,7.3407591569362864,8,CRITICAL
159.6340455795947,28.097550987902473,57.220507601706004,39.88846551481467,1905.8344578742058,32.119920609703385,79.9801895966458,1.053934739508633,6,HIGH
32.15160340193282,7.502122100561319,67.54373204884979,17.17085224787444,2529.8221701290886,21.28985669048282,50.628298980756256,2.7083603769566578,6,MODERATE
134.2237100470364,38.890438817193925,40.419890292564105,11.935008824233481,792.8903199741237,6.04231543942372,68.55714278154937,0.6684721981767605,6,MODERATE
159.78517993650695,73.65917202741083,91.61799196058523,56.18115346949912,2540.588030273449,27.61540640396784,73.91905778892067,0.08681209226308662,1,CRITICAL
72.7411510904189,3.2047295240555584,62.863288171801926,1.111474604757352,2846.7969185181178,8.843039025534246,63.67922675792255,1.5830953138391013,3,LOW
80.7729692848143,23.31687307950351,17.686223586178645,26.266636313374136,1471.0463003492837,38.37799829391052,87.90250946606089,8.8048718264694,9,HIGH
113.1852489313868,16.603274896456277,50.48235916339858,1.2976195477076269,2625.146353312162,35.10074642281448,88.30083292585925,2.3987405903605152,7,MODERATE
6.0213593333179105,19.051732293255704,78.07204492692709,29.01558288625974,1443.9033286331867,23.42036639632715,89.54203838110897,9.701539625917217,1,MODERATE
96.62374967495349,72.67476415035003,81.47211055590451,30.062842667665095,2390.309671619819,22.16843118166799,86.2396498368714,5.972909995612062,3,HIGH
63.434402098963396,37.44552433874321,54.51373474873829,19.29974828368482,2685.7898201524235,40.893558622750746,64.16584340380012,2.3725848763469037,9,HIGH
98.24920565337439,37.3039530351855,90.5272813748171,7.92970665150142,3472.146833162982,16.538334016725138,56.7006808704305,4.971308034842128,7,HIGH
35.92863954577537,60.84605139642258,34.090159347486775,22.58325226406852,1241.6184841194065,14.960798484270832,88.19633986000593,2.1909482270011535,2,MODERATE
267.1581842219685,12.359376320394064,46.95388275144399,40.335776395953964,1468.0906929824096,42.567897313030485,64.31410209893868,9.839735581823739,5,CRITICAL
178.07773606621458,38.981228328004065,90.8737219512073,46.94374851866755,621.389204965091,37.369833470139305,47.24599790395873,8.47264983904964,1,CRITICAL
203.73069574334687,34.39881712968478,90.6631044824421,31.84503614328854,754.0520514862338,37.82502372268779,65.51404726255514,0.26238788782329103,7,CRITICAL
236.7513715822015,47.75285524373249,71.71414919422128,35.39006366638534,2442.2127589644033,12.807752571037021,39.92948753434695,9.477760314674711,7,CRITICAL
149.53265967871718,79.96461626003509,87.30824924099981,12.03698226747916,3213.8072860329426,10.731839657237376,78.41406434191592,7.210651073028873,0,HIGH
26.076086426227107,61.55591152656377,17.989594026060942,17.239819993658966,1411.3870832312798,6.041181992685396,53.51448971367344,0.8238125202127833,2,MODERATE
161.13196254556433,31.829256241394177,87.84954785869986,9.713736603141506,670.4633415826173,14.481660356747202,48.24611589132181,6.706377463264456,1,HIGH
176.05233540626375,66.20424418192376,38.85579158952041,14.957721000276681,1033.5932728713296,35.96761966857299,96.95561223643215,6.4692669796568545,6,CRITICAL
223.631842255299,13.656669064998415,26.049836118539467,13.493206813531906,1619.9283815880783,14.601536750565991,84.38166970308154,2.1878874580758345,6,CRITICAL
129.4978638689038,2.43709490471681,31.54328527078417,31.166927183474257,1052.743636310521,34.16413134379505,85.09486519067522,7.584467000075756,3,CRITICAL
38.274090838669125,16.355869797141843,47.61716572124983,33.761325347443766,855.8478367704386,15.076330614696861,73.66053784954283,0.8706470331296712,7,MODERATE
85.13277173961734,27.23292448914077,32.607280414402055,56.69684524929027,2589.1464862119246,20.811699918026868,88.74209673572079,4.894451812312478,2,HIGH
108.92468891959052,40.84646059676479,38.851082741484916,11.734238826091383,77.06497828015002,44.326491596456336,83.14137368143669,0.09923207163087922,8,HIGH
193.77517239948037,49.21033124329598,22.14806374644779,38.50054260968976,1910.345319310867,14.792469251365423,71.91415928935317,9.687374888947463,4,CRITICAL
171.23349140067356,72.84845737715374,36.65590890030987,49.03555613925137,2788.495484252651,20.054825091930706,97.27870812962021,7.5156363177690935,1,CRITICAL
106.82901776935387,40.78832076403661,61.505543308780105,33.61448782698315,968.4875877952653,17.043487218608547,43.41164647790961,1.5885207615965602,8,CRITICAL
295.9545746378939,40.10205157005835,49.766833728195756,15.300219150064542,2131.35571161146,9.384999453200091,96.03658032963257,3.41674039951283,0,CRITICAL
181.73244580706614,4.019440785838571,41.20468851123201,15.753013801200012,2357.7053643842314,24.595765685232998,58.100671339920545,1.6056237780817628,7,HIGH
71.16803752079835,2.792924212497905,77.18069159714025,2.3551831842599946,2309.8352025975605,20.147626533320093,66.98792883810407,7.666174641293146,5,MODERATE
30.534741786121124,44.092796953309765,90.41589742539861,18.3266535929089,1588.181237985576,32.795483432291206,38.59175236810162,0.5889632542771517,0,LOW
45.85774175529961,35.05428905986756,78.11103006121573,44.67622074020281,1245.6940581714382,37.70378187806185,67.80752072452536,8.404066555637142,3,HIGH
73.78731851535244,67.13443159842389,39.88006319059113,2.8510654324266227,2933.9380519459564,26.76998857982554,72.78447263007354,9.421963388357298,2,MODERATE
48.2044119778667,12.854366776947614,76.99979510537983,13.157716950289839,2666.6385516495316,6.2878568834934745,99.83910792659668,6.766279428062999,6,HIGH
55.97010721539173,1.9977329693639678,23.678216422664608,42.37394991190692,1158.3303482779982,29.756894249388864,98.26346877500686,2.129654500014342,6,MODERATE
85.52855060815413,35.92310143441007,21.728618928216182,46.9590937693726,405.416220825611,7.215629200837568,97.64781043120011,3.600900958135508,5,CRITICAL
52.01207858842645,18.9982845401806,41.1064333332543,27.319104603715704,297.7360317868687,29.654252943960998,54.38716420714401,4.772398748089312,9,HIGH
269.0296273879276,3.969149867106996,82.69321321396514,41.88446030871893,375.25212375132935,32.40119797076754,99.38865491215304,6.046247722022537,9,CRITICAL
24.07012369849266,57.96786294781032,32.17134225180717,23.27713011929352,2060.8992961125477,12.910705104700737,61.883470611657756,6.686630898116874,7,MODERATE
157.3534168710764,8.927439996579798,15.692806800881163,9.59479470144765,228.23450661001442,37.77384594887084,89.62853811333304,5.542147153188828,6,CRITICAL
123.11904809689845,48.66556000062174,21.853858168571957,23.888969611374392,1212.3977186259324,41.443405262961946,45.14239783132804,3.5131392082185577,3,HIGH
294.7135850725819,22.483980013351132,87.28704716766221,34.79806921218857,2648.5389716040913,37.52347856455279,65.40832257596216,8.90917280564903,6,CRITICAL
33.611670650415704,13.879684028401762,67.0404956272559,56.883196911173414,1065.5011744780545,17.204367608483288,97.62084672893238,0.8139205801795824,0,HIGH
119.35667971372249,30.380121833545395,32.788104703297904,4.125057125320639,2683.412866271448,28.465720497825377,96.29219778463992,4.66256054243495,2,MODERATE
290.84112998261065,64.11566209783629,59.97662427953632,30.443645630697635,2621.8612818143406,41.592605967649106,77.86144144749987,7.7556483846748066,1,CRITICAL
259.65213776819405,31.367486152365814,57.48216601828153,19.735186692643463,898.1036075845963,17.826589048913995,85.84700257871418,0.608726652914009,6,CRITICAL
245.12162128478397,60.061571936884455,68.98923805965951,30.49870165660167,2564.4365213199717,37.801112890617,42.3498687621681,7.053352168113012,8,CRITICAL
77.37084811348196,10.038903743932055,30.986879897945467,1.4385268425919007,2629.8294020387475,5.379005250467861,80.51609846389101,8.19711622753325,4,MODERATE
51.266276217019744,61.82171357320633,87.7962688474958,18.78152128209488,1421.2160435512426,5.145868111387051,73.26355658347606,6.608312985270523,8,HIGH
200.5929659773293,18.954665992531893,37.84317058720116,49.1920888516203,775.9506689082378,35.388466413558696,36.40862150258722,0.12936892275355993,7,CRITICAL
278.8127967382757,54.191450391109825,72.47184885786132,33.23650403127825,1848.3842837769485,35.457903285084846,37.921130461277336,1.8013702713220625,0,CRITICAL
167.02886790417892,45.26252438727971,11.45121817349934,27.034949568967043,3228.8216786006774,36.55908751409175,37.59105324258833,3.4211307889195073,1,HIGH
171.48380684096995,74.33157737693499,43.53914169047325,17.131504302920376,2256.677726890614,42.201073515526495,80.7049854380885,2.3369003563804593,5,HIGH
83.99372809808526,30.98580143802512,41.653883616292745,17.882551367481355,646.5826168140511,9.71625247281137,39.92006457733007,9.626521402274275,4,HIGH
230.84787995758106,5.293215106755236,58.9135985724713,22.986086015435067,2405.5113903306437,14.279399399347534,62.74125897801293,6.515939141137936,6,CRITICAL
56.11312456725701,1.5324388441002323,16.546263559947683,50.13424259787362,1523.8504441223292,41.148996814952305,54.98872641144304,2.9697095735157033,8,HIGH
97.1037709212731,66.14868487782024,81.11182363534975,58.03279240849611,2090.774350876037,12.089447910894137,68.53528985391524,9.296974986654456,3,CRITICAL
127.63093158492504,41.978851012914575,29.600272159081168,26.319322881022472,2582.5209208297224,32.28917070306336,79.45335410535819,7.405941994761869,7,CRITICAL
152.2831136053365,62.019524146795945,70.93340333938092,23.60117032486571,1826.5683627248345,26.218520001632616,77.93057760549324,2.8460721182704196,3,HIGH
72.72291972452408,18.754048000921173,82.28909109196839,50.79304654919177,2858.244712277915,8.32774707406029,66.08639411400637,3.788815694019554,2,HIGH
34.45104742176106,27.606699641058697,60.56892606173618,25.614319238178215,2541.4367486423657,16.410546477661313,62.503441152726985,1.9942885830395674,1,LOW
183.1860127324898,2.408309776905515,76.6794886049787,33.12109033773907,2172.0030230638617,25.814888657638715,57.847091658558114,9.710739982658218,7,CRITICAL
86.58916597207673,76.91938596592897,69.5674280993505,13.856499875924666,570.2352146216126,39.09400466735336,90.33369638130657,5.172964958900732,7,CRITICAL
174.37146642678368,53.42943253606507,41.99768174368069,44.61015214674451,2934.0244326449106,33.30153958458695,53.15962634108515,8.960566874979847,2,CRITICAL
46.308814582260695,74.6564070207445,82.79726851302088,31.91929909624691,3278.8742693533654,29.87532645819732,48.155607481724644,3.4649977101684772,0,MODERATE
144.34203055644525,21.239712594325788,36.52312328969752,48.5420730144205,522.5296771420672,24.841315597656592,82.03208455586899,8.608416030974757,5,CRITICAL
159.77682976547575,48.91708889805287,61.409162597636545,46.843963801720186,1734.4318965453353,16.94735935256537,55.18344231877085,0.5388684842716396,4,CRITICAL
15.547061046728071,54.27999746341102,77.08579652273856,12.900286096201715,943.1661597982405,9.769796452770446,89.28990198300879,9.82090317524288,7,MODERATE
100.98128345817618,25.403976020607075,44.10603188312568,42.938133033465746,2653.1054106181978,21.36304138264382,52.95221030460013,9.120343670333027,5,HIGH
40.324403081692274,67.8487388012504,37.249084685568256,48.00326447708228,2539.6222442162148,6.140739756451703,79.13613772022117,3.6320294477665493,3,MODERATE
19.012491141830324,75.77291703201982,51.34114091555404,20.766434446943705,536.0536659678755,13.442235570674024,33.15763043997352,7.747221653145774,9,HIGH
296.98806971698355,70.78840941568035,83.61671449142382,10.356546774136472,3075.7440858526484,22.29933503490639,56.9894016077224,7.52257926473826,9,CRITICAL
96.70615349241689,59.125358075149805,93.69295868310984,0.1579293347752908,674.3570707241079,21.744207426876603,54.026112247728605,9.012547971029317,1,CRITICAL
242.96233375639045,22.197174377996323,59.05750715739011,27.05421918558889,2800.543638485971,6.771817239879696,87.16751174931463,3.072549811288111,7,CRITICAL
76.39219642912916,22.52928336845054,69.53195847912866,21.145963892330496,1626.5822407166168,28.56240614101165,97.6938782259817,4.655200053141495,4,HIGH
204.45081666717877,77.06882563568303,91.29462600150228,33.294590029524535,1182.5394127756217,26.98737023412945,62.2616893685073,8.64999612606053,7,CRITICAL
228.06835796690598,0.8227596748553623,18.869216627164818,11.282465555327146,595.9254562260367,8.124172160836514,87.73853940076307,7.7857945413521605,4,CRITICAL
178.69162218235329,57.28399785937156,30.887072007954853,51.57993285998851,628.2691837058715,42.726522098417576,78.97862906701556,3.9346671874027916,5,CRITICAL
141.47285656504752,56.499693004420976,73.80100056264243,15.46531293768658,2333.5224137181062,8.975311158034405,97.71701913645853,8.457252329121221,9,CRITICAL
123.55227424418057,49.81516327598379,84.13700157210697,13.585776305259,1948.9848384175657,39.19336604949344,86.77759600399773,0.4695403923240149,4,HIGH
104.66047996289859,79.20870768694927,87.13261254975201,28.842843389061358,471.1947046967528,5.012389276600238,35.423464617461136,7.820463029629901,2,CRITICAL
278.8587432743478,24.95035486109802,47.35964591694393,29.931061424656455,438.8076185122219,40.29124380181533,79.92972056675654,2.067658594337006,9,CRITICAL
249.18582233631875,27.197749103459856,18.040591206268015,12.90511372710557,299.47148296613057,5.788789288172502,67.48498007956616,2.861209078237872,7,CRITICAL
289.5080731999538,6.315152235724444,49.40033295696579,16.311643603554945,2615.9973484387274,35.31248127568464,31.150524055262903,4.932148435955936,2,CRITICAL
37.28916704566342,35.423850923498996,30.76611311863484,10.182314349314696,2505.993194041048,19.46763245201012,47.59190711078106,4.497345010699739,3,LOW
219.26024256109326,20.883882098787847,36.207680949696176,43.10761069939001,251.58691844828425,34.52867200545279,94.52286715188251,5.20570106869881,5,CRITICAL
281.50213704631136,27.470936174211538,79.50408011537553,46.20534187524491,1982.9317608095566,21.06980821699914,94.82429609507271,5.447755956720238,1,CRITICAL
54.36991984969804,66.76574322045022,16.79743774232982,27.739709847556956,342.13273558728014,7.836316893273669,85.91953221404441,3.315276910314969,6,HIGH
19.94888021003325,74.83876108219965,84.4823095732632,42.845221361101046,3167.9229086008486,35.70026781581456,98.72457222945926,1.7522751301703,4,HIGH
222.33619478701772,14.85864576041485,48.49021772417522,44.15612351624673,3179.555096171457,7.850107412854599,86.45816572369435,7.68481229287306,9,CRITICAL
172.34193395397358,29.800714524277268,63.64575379905356,8.296531660668515,2458.9038148552986,41.88481743844872,30.714293109967162,3.9997614908714207,4,HIGH
252.54863302748163,74.29044496923153,18.06870081121111,57.9706814900722,3245.3517789661023,7.038961431666455,50.14840382110582,5.05840862459059,4,CRITICAL
41.93171298788685,4.944676855137811,40.36231705215516,49.26191682578586,2849.5129549272324,24.173011110860617,32.143692756643404,6.44696718351118,1,MODERATE
238.58019355796705,7.388842248910281,18.07308271133612,12.26900767174941,2908.45808694832,33.92137723403182,36.58755781162916,9.09637922306656,9,CRITICAL
60.48819601432336,13.02327913649835,96.53893505929986,11.169902144764215,2015.4920844662697,20.72985859168151,45.318857186554325,7.075528311402199,8,HIGH
49.096782859711354,47.61702673014998,82.65354843936254,7.539668734774965,1105.9042338458069,13.689338983697388,65.24909824278657,0.4545922559038451,2,LOW
49.27973937929788,12.037781680479798,51.36694789208142,8.302713752515103,801.4069471516544,35.363638455841084,89.32724024234125,8.385603633980176,6,MODERATE
244.37241606941464,77.44611051605868,30.1242293491304,44.88970794172177,1178.8400760343056,36.37178819154906,90.33767293099757,9.89355015127519,4,CRITICAL
199.55916620886003,35.73716218068163,94.0109594724867,28.179255417097412,2218.3092338072643,41.907799358174685,73.13413009901075,4.7248502537138215,9,CRITICAL
156.9196274307358,40.12143682801331,41.01369361542746,46.97605036439203,645.6650486217764,20.04660441724311,94.97231573463645,9.695903364546007,9,CRITICAL
107.64914523705075,19.73268926443252,24.488598851863728,44.77529366101233,942.3088163987595,25.250069379893073,65.00436286131458,5.473287423431494,4,HIGH
263.16016224393246,37.67682019477868,60.68479496085594,36.27676281031329,1664.8099766443522,19.52513771384288,92.2325230893241,4.596159958719498,3,CRITICAL
117.73353222679062,52.95309061096092,94.93967083103345,41.18199639472077,854.0228399099236,15.283272874054727,61.784567943240845,3.314047647274551,9,CRITICAL
244.97983184147313,60.094170956323424,10.344726145029032,1.1013434627485075,2080.8206605204127,35.041318461504346,49.40575051953176,6.5755487583333885,5,CRITICAL
131.74047257106554,60.30944661679304,31.43123589285989,18.706658808301317,3234.957298174338,18.586073800678218,94.14890426702993,2.298204205250446,6,HIGH
113.08332882747227,46.23128901552707,94.46028763693668,38.26933075556461,2630.908311675786,22.12597767969408,57.15545529752085,1.0493421851440432,6,HIGH
138.80393570088194,72.34878199950857,25.397737017144586,0.560697209174652,2349.1718188137497,21.146946304961112,65.23828761911231,0.2723710258421408,7,HIGH
90.41336224924262,65.39262778448875,20.19191064758379,1.9786166209556044,2060.389092144037,33.506449025869834,53.020244277147405,2.923801127152638,4,MODERATE
224.28281405287532,60.563849175890034,61.316849421982404,51.11327894822299,1733.420286936874,41.711825044427194,76.39863202035109,3.957708321670382,6,CRITICAL
150.81611702774376,4.44844173443685,87.5659440965347,41.04149170152431,693.6453157395761,31.670242452295092,99.65218575042249,5.520766962812478,3,CRITICAL
69.6638085440452,0.5502369775719451,52.93988359245335,15.922183987220638,3136.7510712226863,23.8633038437693,31.785948420533874,2.9274982518700643,8,MODERATE
269.87237198237057,16.995782175637835,99.51078310160723,41.27777040712254,907.4492069442853,36.16820458955534,92.98936042049709,9.840595723854111,4,CRITICAL
115.16736641196343,53.08188751307618,71.12545295841934,47.5474001483558,365.0156276446546,30.6388529648855,30.274823989248578,2.917451682411676,2,CRITICAL
163.06585833419658,32.89579911060366,16.666741648940295,18.407656986606074,2637.5523683389983,7.424414284712539,55.495951680234775,4.409753884464087,4,HIGH
271.94163328936406,32.19250074394494,99.35489185137779,2.162242649951247,655.873593442524,8.826543456753665,41.802476440266005,1.0327616553190033,8,CRITICAL
187.27139877419762,70.7669510583691,46.71048131021714,55.96674748126407,1333.0411984170573,6.516677762945333,83.0139246470786,2.6062651333707567,7,CRITICAL
35.06941221250922,71.6450278505471,35.866228046093426,20.71079029773783,147.58300260388006,23.272653048252792,33.54275885300214,0.4833213978899109,0,MODERATE
281.94963708404254,72.73402112428685,60.209126522009704,6.388905797082383,522.8844017645458,38.03413737355859,68.74394675090295,5.59508633437328,4,CRITICAL
188.31241592142536,25.110246121202184,37.38768326387779,29.511412283588843,647.5525261216967,17.523326774054084,50.64482936917189,7.510646831324317,5,CRITICAL
100.47168439712584,55.28446501914094,17.781175640813707,46.10806773984803,237.71494073811394,20.366407323699267,39.35691742052915,1.9570981433606793,9,CRITICAL
41.78162179901618,21.730654501949573,10.128550877125905,13.29883887705355,2315.4665003488158,41.37908433471563,84.02727484718486,3.6791093781607076,1,LOW
238.20755678108878,15.248786645955983,50.46250176282361,16.1694030080018,2937.6768955207544,38.476137812666195,45.21917839786797,0.16616226727160566,5,CRITICAL
186.02182677855404,14.770596587789537,85.31770800039331,14.56289920791499,1337.9381519624962,31.6019244953024,45.657264843845724,8.395220557222121,8,CRITICAL
160.03832759289645,27.368609669087522,61.50836670670689,59.50038316990069,3067.2888446777924,15.672151283690052,49.25537495965461,7.799635249316696,3,CRITICAL
268.1677749152873,34.396609582385736,99.92865690490967,11.844224023832552,786.0456822324364,9.681659307537739,71.07367346796192,0.6325403087429238,2,CRITICAL
236.57916336735923,66.47593368440548,35.816198108248,34.53121301796744,1172.5969612862762,5.642352907204549,76.17661521835238,3.648676093204113,8,CRITICAL
45.50246391982535,9.591287477816968,35.24095582840498,55.51587849941786,570.042625957531,9.280426904176835,31.232176659094147,9.552866138494954,1,HIGH
93.51662033866447,58.79406779159154,24.377451421054978,8.813794132666754,2190.9292241955454,16.70385774495771,46.93087452796532,3.9202705607897705,8,HIGH
74.54674194433973,42.516393135144426,24.765722943880167,58.251251872062014,1498.5500885025585,27.07160254317983,60.1679589753698,5.26208676724016,9,CRITICAL
223.1838877718031,23.0356274140794,35.6667936409043,56.84863406373748,2165.82754660455,7.5600033100954755,53.23838665128632,3.5524286101035516,1,CRITICAL
10.059730420733814,39.42556676262597,81.35560407461745,53.074319223495756,2677.7784236099333,10.449111132737961,91.89194609576202,5.961313881282618,9,CRITICAL
170.96690546139496,23.99536558216181,91.5181111572803,12.873391279800135,1932.6754053136722,12.243228092317642,85.1396111620493,9.781568756368221,2,CRITICAL
228.73760572220715,47.68655641906448,97.75784527369132,38.043303360659,2215.324724411168,30.27928371933225,73.81231508771793,9.97502503481197,6,CRITICAL
263.02969102852484,34.707513828419536,30.906068868680737,45.65348837767441,3276.6135846604484,29.631591959204975,53.662969119792784,7.747149780111911,1,CRITICAL
102.62452461477224,13.152442326310299,89.31677910526825,59.16167569178578,1081.7718681505087,27.030629054886116,79.0470641392312,4.043110980204393,0,CRITICAL
246.37719140160385,9.326645964455738,39.542958034960336,10.825429324882226,1289.1155882871383,15.020056987837584,89.0546608992056,4.944322008289883,8,CRITICAL
33.189521086562166,43.73565456577041,20.155649006519596,45.961553971157784,2526.076597897212,19.844787648749282,71.63812641512907,3.5673132811230546,5,MODERATE
253.93568752035546,72.19304266288827,88.30224329681491,20.32807019562678,2159.004033841084,8.86758865350972,84.91230268253653,9.855746299043462,8,CRITICAL
38.24659869959473,27.516614924614842,67.24950711792567,10.53758793408014,665.9385206620161,14.058424150322196,82.43734729798234,7.077603058254037,2,MODERATE
119.18618716811018,58.64000857780986,24.825780647295556,25.282616472831297,1347.708219536191,40.90820905890322,70.02161178122256,4.489314454335113,2,HIGH
239.1886097338661,52.692908395181355,48.68481317617023,47.630154728916985,1664.0411452802666,44.187669857433136,51.852825177505764,0.12115270109602339,9,CRITICAL
44.97522820463213,74.52439314475848,35.853192538936085,27.89098822224313,1496.8949409909433,30.906383425611786,82.20475106008902,5.204834143905483,2,HIGH
68.77541856979245,65.67848138393127,76.31151118391773,32.25138601218291,665.0480887110407,41.672931680936806,44.475745645032454,9.83928201701618,1,HIGH
216.6757705179199,45.32842071243704,50.80746075618413,59.70956461200727,3239.283816655705,30.709676016057003,84.56418425300737,5.230609089730519,5,CRITICAL
216.0109609638223,52.56243985872858,99.03519505957465,23.94655797344556,2679.9997278442165,6.327859444218795,86.31826844997731,1.8242668548911367,2,CRITICAL
192.3442898655892,71.87091732672279,14.92704840336356,36.92404528255439,1710.6776207720902,44.87050339945636,87.55014156992613,0.22093747104774852,4,CRITICAL
208.18453334013,31.961502766954784,41.9513739522622,21.91465209692231,2396.210547658586,8.958092067461397,63.104117968492034,3.5470375812420905,4,HIGH
162.81733300427885,26.14357646862219,53.37101503989797,23.567138779722296,3145.6252188675503,32.305672057802425,43.47365374392952,9.18228055696607,9,CRITICAL
75.53971767208583,0.8648866908157071,55.28201992734878,41.738445206724485,519.8007911474207,15.113448122991603,36.98065200462481,9.96554108175881,2,HIGH
103.70879805117583,66.12408593531714,38.43422401470731,56.27321856569301,913.787024939073,20.679244516278406,82.03528753415469,9.453679748120026,2,CRITICAL
54.4793150404277,64.07845603226919,75.63162241878112,32.541537029539285,1922.3193030354253,30.837367392037528,92.03829691708692,7.2941999325425675,0,CRITICAL
272.5351684000885,8.35636144801211,88.72723661400772,46.10399573692679,2806.5857811656374,22.45949397230828,75.55868511858347,5.581427284406553,5,CRITICAL
175.01753842983615,46.148590490616016,94.48473717800768,5.35239352901783,175.07938927326944,15.02184235724513,40.09120422718587,5.90686146382252,2,CRITICAL
120.25542502909197,37.11853585335099,82.45840391195736,12.669482245915617,3444.862618177444,18.377847475132988,95.44275139623018,5.389920090919609,0,MODERATE
138.6017410932398,9.496727640728917,86.55221775759395,30.127898455171945,1619.4277799442702,18.661924676927054,99.23714101775236,7.070493049229883,9,CRITICAL
284.1850018835446,78.44545816485788,59.54907705579959,1.2007034177264875,1289.3474351449445,43.37295618032855,60.33650269544454,4.188732266953524,8,CRITICAL
46.00542093482406,17.175670997068437,84.32994037841331,15.171298725753529,1059.899310547213,36.94452063693804,71.63777024916399,6.692040049557654,0,MODERATE
175.86894960503918,5.378734407244892,37.3153518233157,31.044077389497968,651.5306413955071,23.341950859176002,84.40599640011604,1.2161211495720103,4,HIGH
151.7666036653398,47.587790360152766,45.863088589829296,0.8976718953780427,2780.929985808596,12.992836813654565,81.54728530350313,2.6569530656148377,4,HIGH
183.43627063039435,59.10933417064261,38.52217124366899,15.872777173562502,3346.178868374033,37.44064441050624,97.74510343534145,8.360030388086294,1,CRITICAL
5.433055146252153,2.595475683774957,52.06486019031329,30.84184916855217,1477.0744042166239,11.28729886433494,38.041816375515225,9.037489307433912,0,MODERATE
261.63717268324547,52.69741109816177,35.70216546147727,34.38895487887474,3335.851396899424,13.418488685680137,70.65074062999639,5.390082375602997,5,CRITICAL
279.6354847450837,42.58335007611635,96.54502980290022,55.54510158331833,2892.101773250868,19.640535673606045,78.43519937711645,0.316356172129324,6,CRITICAL
169.53995507676268,8.261200710003873,38.156016520510136,38.72073739503647,1709.6263897932981,40.213927834079605,92.3068896931369,9.26973570791768,8,CRITICAL
208.9952471630677,13.801910155708965,18.824008429984584,24.884148151799625,2375.3903179851577,10.27146674536441,91.18767394027054,7.020642580272865,7,CRITICAL
276.7498143531887,45.43794378528644,57.41354494453721,55.82107062798407,1550.6954181380972,9.889367714181043,98.4599855492903,4.140279237553608,9,CRITICAL
212.17159029401958,23.70860908106307,15.138917060065873,47.09297900326766,1977.5957583333059,24.758999532210638,65.84549177563753,5.983789431994964,2,CRITICAL
45.7617128742784,75.06525829210528,19.948884967772248,12.000535266764857,250.25986271383815,16.056421643746987,88.15326067692587,4.297748344413661,8,HIGH
172.88650805004394,65.49921835872406,29.745045027662165,7.850541680929187,2452.108989786839,27.749117665926395,59.909719568912934,4.65339226732051,0,HIGH
182.01451391485676,78.68537652109305,51.791522489392754,40.54869814456398,232.24502347027163,23.06546738732894,59.561971449922254,8.868098656594016,5,CRITICAL
127.2392013907158,20.773667116033117,48.99258390781251,33.59298993461903,2868.943066872791,22.398364254048673,47.734385513100136,1.6108424691711154,9,HIGH
220.93327068741684,77.57789062383816,81.97226758025121,47.38041682756534,2896.0669066389232,9.47891881947973,87.27661009134609,1.0366913548223677,1,CRITICAL
280.3101044307044,34.498709583324626,76.5527188495702,44.328303004721185,867.9166420689404,10.641987609993606,99.00705740694609,0.02728744513015746,9,CRITICAL
277.6705538720329,27.80150362510037,48.368646459163116,37.512692031450904,1166.6365945735108,37.843143097874005,47.94392098430805,3.140003756121267,8,CRITICAL
135.25181142123964,4.027962157548259,40.033378681806695,59.182930297733535,1710.5208060261118,40.43530950286978,33.92921116147506,1.4741376648442739,8,CRITICAL
33.971413752226574,4.22122062876821,38.48219056553487,32.01538380662452,2108.4870289170613,14.387341315410008,87.08797061933052,2.199854951381112,7,MODERATE
295.45235968870037,55.36090047573238,79.65955785646081,6.78634539010319,1041.3701330098888,9.538420060990763,73.41610367743293,0.11238982665376929,6,CRITICAL
251.66942593378025,36.63431955472223,14.686516559914278,49.6964138889593,2094.0780959801414,7.136666877380424,97.1789160385703,2.2719541468770323,5,CRITICAL
37.39880436098005,18.121730082888455,11.153948455954524,15.111201740742539,1077.3654026410811,29.331904549675873,47.65674533538666,3.3271158193237396,1,LOW
276.2525647852117,49.117624506018615,81.59899527339833,46.638128888635094,241.44298769515933,33.61412850000822,34.971936060089675,0.31567496409881324,3,CRITICAL
260.96890861863847,20.228649460008896,52.943173839014435,57.426425760003085,58.72004692008587,19.912399568128222,64.47095826065511,6.079041242971477,9,CRITICAL
155.65141713782162,46.21054034755381,21.779302469821836,41.807730837860476,398.9711498185787,32.187034699625585,35.982621607560326,5.6880034888375794,6,CRITICAL
177.38263072347877,28.736699758615227,31.200934113505113,35.76180965698806,2783.264915565863,33.518352622381045,48.325300077189524,0.9703577850992506,5,CRITICAL
119.70081116103908,65.88417812894552,93.92535577876443,27.623170540502436,3366.938027722513,42.413691255876216,38.81845025734178,5.95009777518401,8,CRITICAL
16.4284916466094,65.65569286134235,87.35526780624082,21.864591959724194,1523.0333875202064,7.59494551340429,45.68925257620551,9.986539186088777,4,HIGH
100.55917249377028,38.188031849792104,73.88065452015752,21.180285058310176,1818.7596394023026,12.691668929243193,37.43012569749743,9.444689528115406,5,CRITICAL
240.85603457940343,28.06552874680125,53.40027073035939,38.18236234257544,556.6261833033202,7.741039503879525,96.77341995990997,0.02670993367663299,9,CRITICAL
1.3896069013808576,29.004783724727563,56.829126357224716,45.07638701626475,1951.0581667465417,39.71975733344442,49.49938994148148,7.953783113303596,5,HIGH
100.04975150734326,64.45716205345744,97.77200817555628,40.71102416906486,549.0594119240701,36.703486401342744,61.07283101947958,3.53605276236486,7,CRITICAL
119.450608077283,26.25435862380896,96.91933994958585,11.904606071613763,2158.6894426359636,27.98568282487356,92.90282653439556,0.6365137033462742,7,HIGH
161.21868088137686,16.72474989654768,29.374214120725085,29.639230808609472,3269.742403153946,8.346536402047327,77.41251115730321,2.9598321371620804,5,HIGH
275.95668492382816,6.775067350024546,82.99941096747864,47.49840433098378,725.1599605954866,15.932494346148784,73.2626236393242,3.2173651631296227,7,CRITICAL
103.90379830978837,37.33544967075267,27.751839955031514,28.542244691343374,2687.744827297002,16.908793922340678,79.3894233252586,5.232442393090569,6,HIGH
104.0859605688683,38.570567913587354,29.218373009555624,32.19739678412963,131.08335872321794,27.429727840616685,88.01755799737673,6.610837672688547,0,HIGH
221.2503744329245,67.27269683223257,70.84837307481192,46.26816289024933,1345.4654825595924,15.32175576146862,91.43684874962327,7.4905561220840795,4,CRITICAL
135.66538226694215,17.699095715685118,46.45009887287936,39.67591837590549,432.0823520152562,7.9183945565181935,74.98477694655185,2.4590304256326667,9,CRITICAL
67.38144688199459,30.47930189347199,93.83899663958682,24.560695252943557,1266.040273505163,34.23049207413197,92.30050922858405,3.21770570248497,9,CRITICAL
135.73185483980802,64.67245911149527,18.010876140640796,53.72476267165314,648.7023727541481,16.963208466216454,67.47782691978338,3.083817068597352,9,CRITICAL
42.257106113939955,65.88988885991787,56.037307672854375,9.754024119808715,1337.9022159239616,23.094967080932026,49.41035993878964,3.6273686812087647,4,HIGH
52.91609595186699,30.768886078301456,92.66693773988091,59.730986915419486,1490.4536810709797,10.106665399292215,91.6053696218691,9.996563089563388,9,CRITICAL
149.51033182184392,36.729921862934475,91.37022944315547,7.131154708574233,1087.0393735941684,37.10193213578319,67.9030979189161,7.7794330282742585,8,CRITICAL
125.67763485136437,24.262871267942636,24.08762920741671,0.8969982662543341,2315.3457256822953,27.621275076962306,93.4296311297064,9.74990465268697,6,HIGH
274.45377032043,74.60439027354496,42.99739300868108,53.401134068925884,3220.0395768432386,41.063425048394514,32.81174697654068,6.931110595470572,6,CRITICAL
108.71816973498993,9.491501259326425,65.72092600420265,14.697210501957365,1432.0540406631897,24.818862522613333,57.82610260788648,4.062707016472843,9,HIGH
174.17650508341305,74.6999538401176,24.345539629426195,43.781977646803256,713.5838898388239,42.65702687271519,96.34635128537278,3.897441836269749,1,CRITICAL
189.6792863758591,54.70931614682746,97.12199548411648,48.66092249592416,983.9935157761425,40.67472817525304,47.47550649308119,4.8858114497504515,7,CRITICAL
3.928336976500091,42.5257722149385,92.32743958548943,51.53918346192701,2996.302841062473,28.058394258369358,95.90753722269449,4.168697833644374,2,HIGH
199.06121160501317,2.61272486275967,25.025516113102228,59.495654139850004,2022.1570452820101,42.355737525994535,96.7731722790475,8.283262460927457,8,CRITICAL
53.41079006092543,38.047695345760665,20.903991513488688,17.642382602399945,1619.7880614590026,17.92354989178209,91.74996199581027,4.650020130266928,5,HIGH
288.32109524083654,32.61984840021859,17.686763452743875,42.614600515635544,566.2466892057971,19.625686508168453,69.45676315653091,2.95614360210846,8,CRITICAL
44.598818325933884,12.897504958009804,91.8499297632968,6.923991496849693,1601.5592137170477,6.819118052241477,75.2857614356447,7.748602686966518,8,HIGH
124.38723711810712,52.512768280052555,27.42614288159147,24.408557481410963,1010.797411582984,28.568036270554124,90.87318989149084,8.544204093813946,6,HIGH
25.604900423593158,77.69207258946287,47.46564356899192,50.87830159875542,3303.9127910940547,33.876958797157336,84.3127957672429,4.204289561404514,9,CRITICAL
299.0622755537842,44.97510488516201,50.39662290868027,22.0594827635465,3100.041877484273,35.94076760968413,74.10656946187882,6.67808571905532,7,CRITICAL
150.65850309937278,57.18026211551567,63.91099397922108,35.46572283213684,339.46376930728314,10.992651441844131,98.75815855094919,0.5880453388830476,1,CRITICAL
178.61550519601315,5.476036205281343,16.456180937268247,30.226406623478045,1832.4545379512879,22.766362892500013,77.99736454335859,5.294648519714666,4,HIGH
20.122943216528245,33.41335966535958,30.408275566046434,38.7570918667227,826.4512920256186,12.074528483756627,98.28373947134328,0.4498113774550805,2,MODERATE
224.98814111975335,9.30867881315967,93.83413482270335,58.37366336326169,1467.1809588588026,31.485093954169955,34.01719322249635,0.29190840494468073,0,CRITICAL
62.97167792867573,49.02366684292083,91.75690965417125,3.3441315900841273,3075.1255939675248,11.317854896870724,39.72722595195487,6.12924850522739,5,LOW
269.4162868322141,75.07857265713237,80.3161582665123,34.43769105009778,1869.9250936154797,41.166547358242994,61.60211922003434,3.0333538239498714,8,CRITICAL
61.54189214460215,52.942218597731085,11.746112105639389,51.78172675501708,1203.0427621291215,14.225385826456534,56.941562261902064,7.425371624554654,1,HIGH
57.20631619909997,6.144243865153722,39.43060916464919,28.88296270490565,767.2148216622398,16.656090651529794,84.79143889499194,8.960825606325923,8,HIGH
10.964900354428464,28.373296398806627,66.5162861808617,4.711631156494369,2811.120764952388,39.03625288603999,41.24298185284427,1.393911737303507,7,LOW
141.6200835329998,44.05307035526812,34.76711905961281,33.63236114500625,2204.5871530069976,23.338704405828953,98.3266625378042,7.245228385789239,8,CRITICAL
169.45233997878492,32.256620490660175,91.86280255483996,19.924433449429227,1664.8258384704977,5.959837832002921,52.05461126826398,5.145199982883433,4,CRITICAL
19.71259182850571,66.69152083801379,67.05005156491977,9.296507120276154,800.3210208272742,24.78345004810583,60.02465954181116,1.1211925016269886,1,MODERATE
232.65828500850319,65.17368037679914,16.471604558480102,50.942070797008384,1203.149990842103,8.381733415204922,49.232152270801606,6.515926064807247,9,CRITICAL
135.98665042440828,48.94648160825771,91.81050299521327,31.295970779467297,3361.459822247889,44.413788747492426,70.55545321285831,6.094668031064728,9,CRITICAL
157.31708079827402,29.876635610616418,96.19899923586003,55.996584742744,1844.3102847401285,28.524462818224094,34.10400902958088,5.156418674007826,5,CRITICAL
132.22882408146845,20.42690990105953,16.994117655255295,48.36099027618415,1432.4125202892226,15.261304704439137,40.47742538993141,9.26471204559658,6,CRITICAL
120.2289182625978,8.469945457050345,57.91242113751834,41.57830762642004,1848.9060461017175,27.54870718190471,82.20583923931069,5.210796961040165,2,HIGH
167.89209939246535,28.391814678924323,37.302785399275336,0.30153020191871605,2737.51034535365,8.074684135270193,43.055040838336275,9.905151154502125,5,CRITICAL
46.57207377921375,33.053801376617564,45.35551688332621,25.669407398294997,1223.3758309348973,36.99565217075268,46.4860116089664,5.09228813848111,5,HIGH
54.57843914858134,54.065834008325886,26.16860961598077,11.849176899121938,666.5361172175005,42.013122154566545,85.50875650073864,1.1585203830136759,7,MODERATE
258.53568630405516,52.65278594380588,62.02648918111713,54.64787466293207,2068.029608269715,39.97777552824638,36.53108248500775,4.704712510750304,0,CRITICAL
283.8346386400898,5.608651171300556,96.21814179240016,10.475039080581617,2344.9541570096817,18.670304091942512,60.62316759395887,1.8232876255507124,3,CRITICAL
111.99279488392588,31.620745234492624,55.276534024444814,17.16360309955713,2508.877110206996,18.03072478573474,31.61443708980589,5.971334852174273,0,MODERATE
81.22340194306614,14.542309377388953,17.462312325503305,31.010206064069948,3092.857188143147,6.403504448652,54.27651795225327,6.931321751936012,7,HIGH
193.19986297170473,12.545016425344455,65.80012001296674,15.801817139884754,1330.55071637744,31.05601434803667,78.92869818275281,4.684352787070937,1,HIGH
122.62025132942892,66.18417197897968,40.620069500613134,12.59188063674727,309.9743919896767,26.396191367591797,36.307229580205984,0.9770296768314823,7,HIGH
7.615906698103458,3.3532173373006025,87.0332670632168,35.945959506165146,3356.3026135267505,23.373854853093654,92.18342387451321,4.686413985835529,2,MODERATE
46.845779209857106,33.534630072169705,49.12103334848232,5.335771365301431,1550.7911496592894,41.30523813338828,93.66493300585012,0.814542147344004,7,MODERATE
214.79166865421925,13.456292461321455,27.355564804802103,3.4900655232554834,2200.238408372303,11.715156043313852,37.349326258759454,6.82125955506534,5,CRITICAL
197.6771825730454,70.34641725427792,27.199506042203044,22.334717711164284,2348.7533647926084,5.386650667607293,99.35127054630436,7.903682248650875,0,CRITICAL
8.128797751045047,44.56324106200281,79.18877626490443,43.23986727047174,1935.4722950191522,7.932658084830617,50.82706873768423,9.62380327227039,6,CRITICAL
66.59164857988483,18.510450910147842,33.902883847662395,33.28840549643688,758.1384775901319,13.934857513094755,35.88711697921242,1.4880210712845643,6,HIGH
69.32243897642142,40.19418297331011,79.05100547433007,25.37258810800673,2655.2435229006883,6.331421970538278,30.35469801480836,5.324203355333042,5,HIGH
201.56782307961853,58.51890877624926,28.529857968993944,33.945093853474944,2822.9443113490815,25.11374842572542,58.59660270347038,5.675373675354186,0,CRITICAL
5.913161326309247,76.6494407135547,38.95177318311785,21.927089079196417,1957.7657717601674,17.563618209343122,74.08669899942824,9.224765337809798,4,MODERATE
31.232574595372153,17.635680339633517,51.893827519572945,56.16878012592677,1735.5360040177034,12.219320322725306,53.25254749323193,6.272766405965142,0,MODERATE
239.97482561195682,70.89454177034762,94.88762647241056,3.2942934546464597,443.0867317915493,35.00336299794648,88.57021558322359,1.455096456453211,0,CRITICAL
53.563398616300084,74.74432913339922,93.85582822784421,40.40348874179011,339.63323217425426,13.178053049301202,80.1624392895535,4.363513239631892,5,HIGH
195.82383235556242,73.3136435625653,28.618468788005902,53.47695988966503,1221.498717194174,32.50420403975173,54.51130723776229,6.547625285062505,7,CRITICAL
71.45483431401796,50.833148548952785,42.239713711876554,48.233082524115204,1122.4192365350068,18.970596233905557,81.40167666260233,7.002844320692974,0,HIGH
29.832417827803546,50.38565235477662,23.44594496083951,11.042462089286804,3340.1147558232856,25.47311042650218,95.83414158784748,8.630739985905736,1,MODERATE
72.95165729983623,32.25685065470582,55.898657138214745,17.755580938817303,2753.498461429833,42.35468159405279,36.516719898011196,1.8050711984439716,4,MODERATE
216.68007955669773,60.191830584303034,51.452429562519995,43.022876322426285,2326.738818643757,6.494065392632513,51.427277211033186,9.515421467554985,7,CRITICAL
256.7089404318857,42.50352146807455,91.06841462056592,5.056233550845932,1835.8859071107374,25.010580299098475,62.43281573816853,0.5913941201559225,3,CRITICAL
249.0659593700975,54.195045698263556,93.70048400119654,48.711701989955046,627.4179810069471,39.17691841310473,64.85930894283379,9.837621345689021,4,CRITICAL
119.15505888553645,34.27663230790364,44.52106519065629,43.13441667628742,3425.6755190357794,28.51896993481394,67.95369514202515,8.577670928664086,9,CRITICAL
200.42554097119384,58.51971712345112,54.25641487170905,43.77639895412055,1343.8904089287246,16.074820678606265,51.0438834577054,6.602727827621713,4,CRITICAL
61.495288624746294,65.95772140836392,90.66126242315198,6.014482216055484,418.8933284429946,20.907245405801373,76.70817521876444,7.349955002644216,2,MODERATE
87.94431907830398,11.71490052822529,82.60370269705552,43.06563268897385,1753.606190219324,32.210625149142984,75.15591524708807,0.7269200591879643,5,HIGH
268.90074555633595,66.63437724593824,10.329068021018434,40.7890875131982,3065.293140065137,40.63247577255212,70.44750543901297,0.4147986289445238,4,CRITICAL
3.9005770532208106,43.22372254322458,38.80536077652242,49.855349449311035,3111.153956131787,6.642654949864464,37.96332051976136,1.0176579655136553,1,MODERATE
25.652559256340425,67.57327272721794,47.95968177425133,2.49575737538817,87.83241039474304,7.861552875615057,63.387752376716115,0.8735981466413778,9,MODERATE
62.3658765438082,34.50413650728117,30.674465531490853,1.3866401080675317,3107.720319392329,18.0020609443835,54.935882124256295,5.473812334694351,3,MODERATE
7.959661162145915,30.3232388306428,27.961445430634488,22.380425992713644,986.6205503745118,14.31118737749916,64.37269288866858,2.1544398711178916,3,MODERATE
54.4306305269392,73.2048586013778,13.40060559361117,8.927297030949173,184.4546556910596,15.59723544889624,94.53065048605183,8.602056372067265,6,HIGH
174.91246829090764,20.093541403872102,67.90327525627845,33.503068654213315,2974.8764327519166,13.850799945035238,63.63719402108858,4.457486230680722,6,CRITICAL
126.42736517774938,67.53698602289145,33.625926143484904,55.04093409040493,3030.3403081593187,12.83300195420631,30.97865542876583,6.9551047645827495,8,CRITICAL
267.8015133230925,38.72164580075233,14.711246058818178,23.488783820040943,2106.9972254561076,10.22495867477167,60.718571665889165,6.528730929701599,9,CRITICAL
245.23306852153226,41.12763540410078,30.788137947525726,50.69702263635625,2031.7964626724363,42.35816527180952,87.44537260345675,3.1985303892971007,1,CRITICAL
102.54520550936279,24.677462519158723,82.17225575525138,0.014452471071988438,2855.264940543897,10.767578556246121,84.60426462527178,2.4316757352572904,5,LOW
77.82703002938774,45.843376049521254,86.6340263481892,10.110878607551053,2762.7679568504655,13.176150990621448,65.93730514697268,3.4245628529663517,1,MODERATE
113.90772245018007,26.016895702096903,53.47596206739724,1.825412379245137,3120.863883377329,14.850628959231429,47.48383090015207,7.966583738498375,8,MODERATE
177.0884827544423,3.141553139332185,47.44636033678176,19.688830830904116,1956.978694208627,42.320594925216824,62.556206404018155,5.8627684841961845,1,HIGH
80.41909224686287,21.759888427548482,98.00683241516036,54.49137574179017,3388.38246992819,35.22856534404339,69.45915535927341,2.5353866251917534,5,CRITICAL
187.2446723547402,0.5103234725272543,28.05081936292629,5.8171274159392645,3486.7065667200177,36.587977212620586,99.99100067918937,8.178464430604302,7,HIGH
122.82349565737213,78.26838296454854,29.382335456914763,36.38458660462802,452.0789044952824,9.190330381539923,75.09246631185641,0.5475938611030673,5,CRITICAL
165.61415425559406,77.2597767855798,36.26804593327598,27.089756347166652,2980.925970461721,38.452395000626865,78.59854510438294,6.991833749902954,2,CRITICAL
130.837958740595,31.612423797784402,25.54815864529786,56.30809274194875,1774.386789232632,21.32772327269672,64.40179004976363,4.391008057493108,4,CRITICAL
88.3397278625753,58.26966834717168,44.142903838376796,7.351148552225631,1387.1038671344209,15.51292104849555,54.81426855477709,7.312903860658882,3,HIGH
284.535992088647,27.664487872834,91.97508042907785,12.721671030133736,2165.0994690953667,28.03000334081242,86.90670885530443,9.274612802434268,0,CRITICAL
229.08173824792826,53.687452566878086,65.38130565657168,1.7725181166895965,243.08117255392423,37.887316232669356,64.64526270374654,7.500340979469039,4,CRITICAL
42.03395272993576,64.43440344367832,47.075189375103726,26.036114977882427,1797.2908597464257,36.14608604299637,99.62830909751676,4.4196535531138235,9,HIGH
260.54039276937385,75.74049957537926,94.09697151140934,16.66997397387926,3054.572466592,40.59989930324528,61.998440198763085,1.5097568151388074,4,CRITICAL
146.2293594748541,32.01698206797376,14.361780922824009,52.194356033419254,786.4422306794423,42.125287440617754,34.76001985533041,8.063509758054337,6,CRITICAL
268.3656680682274,62.66383863648382,28.924856011167524,36.2964487918653,1521.0451369545167,14.524882857109983,77.78046959630579,4.607055269213715,6,CRITICAL
239.95657678419457,21.274276050569505,60.92997445915831,36.845444278542104,3291.2090626163204,21.95431576677087,33.26490156480678,0.7531232345712979,1,CRITICAL
127.56405134077004,79.22658430349186,65.39973608738612,31.914641812878145,1528.5452404296557,5.5851415682028005,47.53511178192923,7.19055397776866,3,CRITICAL
6.740792496035219,2.0615679011480914,13.560175590635183,5.51102023375206,1286.3683315467742,40.1728663706024,54.76167769459323,2.918519659165897,0,LOW
80.60320781548383,48.282304520089674,46.2734882116419,26.701121023521313,1569.851436025655,11.182886058990702,81.76385099349294,0.4888822950518523,4,HIGH
162.49026439826008,52.76047853210617,68.42385683477855,59.97031138251099,1842.1120444855694,39.45899249370777,64.5965148485329,9.027510149740777,4,CRITICAL
190.04346594784417,55.04364456593031,72.82634917630614,50.113757450760886,2230.3701372535675,18.175492879463853,32.005215191717966,4.8310109209391,3,CRITICAL
77.36630562996069,9.631006303127121,67.43259122646424,53.60754325002696,2812.3901631627223,19.725343599245527,73.17948958931456,2.8096105317302156,9,CRITICAL
41.80682222184724,75.08238267785043,38.85069019248321,49.39358155478997,1609.752609886884,6.565290179354375,58.800536619866364,7.163865578849116,6,CRITICAL
250.47907103978974,14.494662324006624,18.416811123811854,6.1825016058589615,2870.309226060984,18.075151590612784,94.5284156976975,8.859023776825637,5,CRITICAL
295.32065421106563,49.820272259187284,48.44012017774007,13.646895243887977,1891.3362816646782,40.53454731205056,64.96936177981648,0.003070750337554884,9,CRITICAL
157.70705469080576,17.814086329846795,21.587899363124993,0.18729908138457763,1217.757760769523,6.021896044864166,79.62826021575373,6.878521850421537,2,HIGH
51.50378575449105,24.57731336170167,95.28612926686004,18.210607492686687,2319.930357011979,21.253098921869015,45.32079446306828,7.670116940184214,1,HIGH
81.69219795581068,43.71668333824995,52.765377942036544,6.516444140789554,2526.141778865045,6.2559851925096455,83.26814951721573,2.09927427279493,3,MODERATE
5.51720296424002,33.37547348516612,38.55332569211808,28.36760071809498,1975.268965921732,19.836937004362596,80.46687173385706,4.896238314101744,8,MODERATE
274.2896419681497,12.818048078120503,78.96736640070101,40.627649314434116,245.32165731479577,11.905625631211647,93.28571959789157,0.8928589891793581,9,CRITICAL
35.32532486704234,13.674912193667863,54.81537333240375,52.470317702284625,636.0959193048459,15.088735730734882,32.36751492034394,7.467498825153475,4,HIGH
172.95494265427607,33.451583053023974,37.9030621611205,44.95302990545389,1034.2771370712871,40.10393492645676,61.32504883322158,8.474560185633525,0,CRITICAL
82.2165662061618,60.58263826204006,83.07709681517215,56.31513574671031,1025.058340532651,22.44196882487564,77.54087819177411,1.081866573246606,2,CRITICAL
166.253400754738,71.83717174782308,88.04369359010097,3.2338974236273277,2373.3017608517034,15.951919656076488,36.66147300561505,8.164602534328347,8,CRITICAL
195.42611650555926,6.730212980750627,70.57073496598093,0.7307901249924864,113.30288277403241,28.573535118021912,58.742284700423866,7.715701704845336,6,HIGH
248.9225411121605,31.448312604752083,14.226798016690056,39.68028683017276,2657.1021308208437,10.684278393303295,95.95026221463368,3.4691332037089726,2,CRITICAL
61.92638152818096,8.01964509783013,60.96905921498789,17.361144613334773,965.4315380839195,15.375664296834234,60.515414362378976,6.902895299335833,0,MODERATE
3.2987485975441433,1.3273984506078307,78.69654207975535,15.210060966346388,1119.5753694455534,26.84991870411554,98.9783348436442,0.00048123894311746795,3,LOW
41.06568902064218,52.93749461151653,22.285271087522396,19.853225261627657,1871.2889064065387,14.500921673922754,33.97873427558737,9.317976544659986,8,HIGH
270.00559255443153,48.19595535732702,30.5803676246143,16.18776347354185,794.9433232394034,32.16510949603493,80.2480843298624,5.5038323530837285,6,CRITICAL
262.1670232687546,13.041529105190897,89.42455945613229,30.686184378095234,3101.42603183557,24.659652090380902,70.67113653737886,6.203388640619995,4,CRITICAL
179.2239306510925,18.70502664744513,11.810954966776663,26.40890683344795,344.5222886766502,35.879562810187636,65.03777739924878,6.646594135390986,5,CRITICAL
180.15505813009602,1.8966202915614705,77.74544240433784,30.74571308259938,1583.119149938674,42.92978142889874,97.95931810395065,5.613690172183667,0,CRITICAL
199.51100236387666,66.7957764555523,52.63959632629806,40.36281669002617,2980.5068296193704,9.63219557389631,39.075528034379005,8.56763887539463,6,CRITICAL
52.61138358703488,77.97524768388412,50.20949429556462,23.227830538268897,2174.6614357532635,18.386600399381795,92.71992661766393,6.097018321515439,4,HIGH
274.32358377748795,10.836762943575264,10.638687924539846,15.078461228529408,1058.5368296570855,17.781962515136264,78.38682877956272,9.077599912404725,6,CRITICAL
125.63115746762193,18.518017101223847,83.74584078698435,9.972032208524729,1501.6227168287894,11.04731677349017,48.12972513097429,5.82331622234009,4,HIGH
114.94155847484923,69.47276191575472,42.384241057290986,20.968447171957532,2488.0956121816753,37.412125493338834,93.11684019426053,1.711224219805666,4,HIGH
155.67531158485127,74.11710383649479,58.668906817048864,44.508388514770324,3407.7495646054526,35.3951481615516,60.05064425027093,9.135625558393029,2,CRITICAL
14.089790032516515,33.57019062454483,70.95706177020935,45.40229460668817,3131.3285784090453,24.37701883337596,86.99591296511497,6.816274983597768,4,MODERATE
49.88501062682382,4.04979778152593,73.23666187941242,40.01432320105262,1231.3931889192,26.510831111784384,57.218556193317994,6.992389944355562,7,CRITICAL
221.41008492791113,3.151346695425552,96.03820529434651,14.041690518412475,3493.7826835431083,7.38176552009985,89.56515792032687,9.854817505716017,7,CRITICAL
24.83960037753794,45.91598928552084,57.82059579129482,35.285174751281865,62.09108918215104,27.220294093081826,74.56403829115341,0.7519655420957916,1,MODERATE
180.94563283991647,31.431608711454324,45.97475958769848,34.24137969461088,145.32265753903206,36.65366096078546,39.8732643508609,4.285926070951714,0,CRITICAL
73.60473290439629,2.2921942062123613,95.83332638425371,29.055971886583528,2892.249777340619,27.95310294335429,75.47642144286692,2.3909539298661517,1,HIGH
116.78868421259297,46.66019138500454,67.7899211522969,32.99873918303185,738.1462695740295,15.612254804816757,43.394133389131085,6.304264647136572,6,CRITICAL
86.60812103120996,0.9042029271217977,36.83353206489001,29.507437957420084,259.653975967031,31.70193089337349,58.83458395259139,8.06811683748072,2,HIGH
106.70181493948473,62.98975665194184,21.381782086321405,33.92738196444649,868.1608526659327,19.459537198609908,41.92069089764236,9.663107088924127,7,CRITICAL
215.71377155527364,24.514625816269728,85.82990513186631,42.930357277267724,1520.0455312339677,26.79493137142941,31.5411280966983,4.545961069547201,3,CRITICAL
89.13651468695251,3.220640240738568,42.59634425147364,6.577691664206384,2570.4536329952466,24.50261453115699,44.832057761497026,7.8621823064260425,9,MODERATE
169.92139208906914,47.06817767865226,69.4422749227988,44.97754512894142,2203.957566601659,20.247000038607204,67.5460416606888,9.170515920403796,9,CRITICAL
142.8151206597299,31.814753154644375,52.37347774293083,8.153169007655652,869.7932005834505,33.755119215765404,63.70926774441422,6.833254325358848,7,CRITICAL
199.10134960879444,77.90403306857196,27.90368018155345,3.997679904622482,1786.2830459470163,40.35504447943527,65.10479668752446,2.427325524497712,1,HIGH
281.0489217974274,43.53589300029618,64.15179477584186,58.564781173288054,3245.438663625062,5.208500739076998,47.33808149126209,6.078541511077914,4,CRITICAL
219.7716291630751,22.019134482960663,15.461476205561409,57.41950613222649,2861.776830593964,42.34466076921469,77.96128404299303,9.699520478171866,5,CRITICAL
64.48211357722703,56.75510917071798,47.2008213884073,3.626192696433843,1165.0047576696873,25.460605443328998,79.2984300774242,9.875538288615655,0,MODERATE
9.354940518385401,21.719360203416905,59.195344569730395,26.59520648849773,3438.8127366771523,33.02927521453061,55.05774778917659,6.4235982371677816,0,MODERATE
78.67921328994753,72.3394633126052,49.24422767067212,11.174696297986484,2494.7403815012017,39.224982647035084,91.6819061931922,8.869877578719892,8,HIGH
178.52337921007646,29.977757640590113,77.38049577258917,29.120693828065086,265.4502770503972,23.684147692570797,75.08162516448834,2.0034936384860282,4,CRITICAL
15.427744045275105,43.98948502209642,84.51324590907812,49.81063457997524,171.30446084580345,38.39896293459561,79.91274926810422,2.460786049522168,3,HIGH
148.9098741603709,4.045848305938309,79.41187666298602,57.036706484573415,631.0074240846034,12.10479277820809,49.41379425572576,9.528876128848596,0,CRITICAL
179.05285467506675,34.08969903617846,13.49316530306219,38.055159207092245,2561.1027447730066,11.366701379192579,30.042814460891094,1.352353754948079,2,CRITICAL
100.27316724508825,66.5890831728796,27.4715893401375,21.23434003270902,683.8992941563763,31.298854754246143,90.57629284714767,1.9110643809347894,3,MODERATE
231.27366112374656,64.45190442906735,58.29467583373969,36.199533938675906,1814.6293537704755,39.80572022206949,87.5697069205866,4.205485991200517,4,CRITICAL
31.97947594013154,17.945484708282102,94.13398363994212,18.72007836650702,371.74741462386953,40.697047101441576,38.623432162998114,5.895842877533504,9,HIGH
22.54133452074263,18.086325680845015,85.14610975469051,54.58941844992362,3227.0572445141734,30.749618335089863,56.18735944694146,6.038172189682717,4,HIGH
218.456626861081,65.38442497705894,85.82810575166215,52.22402778635022,1236.664116863308,26.0195692083727,76.29375158720077,2.9197600866556437,9,CRITICAL
148.64739486185954,74.43187361354605,37.288737438370745,33.49390501677966,3183.055595134176,18.255723507860647,75.64776000531097,9.206138979503482,7,CRITICAL
206.5207189283208,7.628873701840284,48.65031073708323,19.487934922821633,3309.820964591378,44.200016623973255,90.22452343659896,9.150999076078627,2,HIGH
130.44820158112387,36.00469115409802,52.36353525843437,17.6033805349787,71.14383323219873,17.78782746665002,39.818771314479996,3.9206805305237244,6,HIGH
73.92060997173205,26.996342317138318,24.163442501491936,2.0050796823035677,1651.2663958356254,34.76744428926373,60.095782344958316,4.3429176943029715,5,MODERATE
245.7306953022599,69.65507643659515,12.796131722001068,48.949251061517714,135.06339218878048,26.27927199620003,36.80570925484973,7.024971168239118,9,CRITICAL
239.82476369069377,6.6819931744015015,95.22126095144652,27.022992782340477,3184.990043745025,29.34049370101387,57.27166739070397,6.629958963989008,9,CRITICAL
208.40894125632803,16.890075404642992,31.664132709715606,19.507975704015866,1838.5060293342867,20.739222023545047,31.05752119113931,3.8229701496096236,9,CRITICAL
81.6435411689888,60.197467006919545,31.59540133512682,28.266621299865232,308.55684380981404,43.592925018889915,92.87911455770889,4.142442515210034,5,HIGH
177.06920006072613,4.103507918497247,17.504114839188357,49.12427942727912,430.4547125541557,27.867293043970843,66.89307977800767,3.4803894342153896,9,CRITICAL
108.29216908200804,39.40283045714314,93.56569767494007,7.476852462451271,1373.1061344999498,42.5115052183516,89.48615825616476,2.353850069533079,8,HIGH
27.474621997990244,35.3685627743776,62.17634034457948,51.45935929450964,3293.8079654114686,5.303656646956565,34.193329070235464,4.5813836292413965,6,HIGH
275.1940726386728,26.752094319099893,70.03331714128186,53.85053010650124,2440.536572909879,27.906823327644837,45.92206773310444,6.864341319025405,6,CRITICAL
41.04558927568842,31.565785225513903,92.04191985367473,56.80247490203329,3043.285088352507,33.68747558901086,48.156599665482645,7.41966705314293,0,HIGH
285.07120614624074,42.39524695441864,41.10581520107105,23.849279545357668,1314.2754298729299,34.80320684648872,57.068404624715164,7.788736482559626,0,CRITICAL
133.80173188738672,12.90938867107065,65.93565800242757,13.028424242260312,199.0872634474942,41.199075271267255,86.20064606782822,3.747320134531215,8,CRITICAL
55.539878651585894,45.75967026268742,13.491950925599872,22.41844910800191,3411.3958483552287,5.176064360151451,57.059051161204486,7.646359942849736,8,HIGH
162.57028421350745,64.4345863439989,26.80952754080164,19.974725773884195,109.24681778517494,5.0132063703790575,44.32574707524289,0.06516315691875274,9,CRITICAL
261.8837507629225,60.81287438321272,84.81212245809482,10.569234750171603,3319.398203129757,23.89053843180861,34.54931822371379,4.7704993771688216,2,CRITICAL
219.66746592286836,12.311992375501895,79.00915207045021,36.436000206089275,1321.9371122795492,6.171748200214826,35.56442238468812,7.939044001326908,7,CRITICAL
241.9683443584349,11.939957579317912,41.55784223114322,28.597449630517733,84.81189732549124,43.98130214649498,83.20330441726841,6.3004472064135335,8,CRITICAL
197.6350100132152,21.453949419593066,43.912956499679126,51.94205953944022,2427.5924494495534,13.882606981655679,61.13620937256431,4.740631241545077,0,CRITICAL
207.68296935535574,28.885978107282977,58.01989901982215,1.9265748289234952,3432.8640489081718,23.90658917459379,80.83267854000107,6.446420066063492,2,HIGH
254.75869546959578,32.67644651267861,10.02169042166211,38.63207565330758,3381.408743789694,7.445505200488944,77.76009852345882,9.069460031486638,5,CRITICAL
74.90040265775578,54.37577734666762,31.71199024342251,45.776932710693664,605.2326886483436,25.881936646850342,39.475372323218046,5.6638180061020735,3,HIGH
146.82748909294213,4.534434573266832,28.7408627747393,45.56919415129842,675.3049309282347,20.19824500589634,40.00215539345871,7.997861914601062,7,CRITICAL
66.36283254588066,2.773816338085311,32.54346520747871,53.164438025731506,2001.1092554378274,6.78640115508895,82.87394108038937,9.807427252251976,8,CRITICAL
296.3004023989941,31.352845035512722,82.53152582800972,43.74202456976965,2248.701651177719,18.40497066784899,80.4887805439792,7.0556820207556665,6,CRITICAL
283.217801905984,55.77309537103844,35.17064708917988,55.66860369886178,2600.9918021472363,20.657440808914224,56.46215368120173,5.7332576388906356,0,CRITICAL
11.82804341055177,15.474827436518606,27.236918984513334,19.959395989253487,674.6237436289089,44.5968596509976,35.4195584332988,0.3748594712534026,1,LOW
211.67255175470655,51.320358500500134,55.383711471372834,30.192565005092582,3358.574449337299,13.315434876775019,30.846861518891654,3.7447789825458755,0,HIGH
277.5744952246998,20.786251035223955,87.90805327354587,0.8447797969734405,2253.6504341978707,26.79118461480399,50.17098646232214,5.654427335151183,8,CRITICAL
54.17260353820006,70.8868887050813,31.72147334537499,0.41745523819747277,2972.311870103414,44.49262196794515,30.645559151105886,7.972065717060325,3,MODERATE
170.38356916578883,71.65519554132932,17.068261851351885,14.407597227091193,1913.2267177303927,36.680768317605406,46.10508347725924,4.381047896475763,9,HIGH
274.6464892764126,23.782976342506117,42.07642622646982,6.048431828345116,1479.255124185095,44.73470003528356,59.3650518147937,9.600582757647734,7,CRITICAL
10.183793575739653,18.399500317059243,77.288664210848,15.612682076145216,3421.281027752736,43.73193258640677,38.49910357183679,2.717937526236749,4,LOW
209.226080174052,32.9043177652985,59.562149022531514,10.622597671703844,2058.3187293284345,24.58158168376617,37.29944304820824,7.445671952103164,4,CRITICAL
89.20470221176522,19.242526814411896,83.51140326169127,1.7112014903188943,3040.713860657167,32.855033994822634,92.75062050031156,4.190314170841275,4,MODERATE
277.3188586129591,53.79070746333629,96.36329328483106,54.558248784362966,3338.8587674637,9.417725077646043,70.98290203160225,4.859884945659059,4,CRITICAL
291.3174735496103,66.08517476386284,81.33962290764553,0.4933878833334915,2379.973463179874,22.645953001872073,95.4118980733947,8.025020338654404,2,CRITICAL
283.27994673403015,53.84737047289736,64.3422770959378,44.16492866022512,1943.8384408894285,37.3607416906679,54.20783146499754,2.9621526165170553,5,CRITICAL
142.26426499723914,65.94803577994796,54.400742924714244,9.12887321517099,62.11243564174464,25.213412839085734,77.40014561304142,0.9681205659514314,0,HIGH
258.61279529679405,31.75937297659793,13.606217771344,54.733777319976,188.06776054957066,33.10796131268928,44.32841722352533,5.202555846134271,7,CRITICAL
253.3648195605211,12.505357656708869,98.58897809326372,53.567756375393145,742.9366953763514,34.83005319937108,73.28382220959588,5.287946118037487,3,CRITICAL
95.7301419729767,59.03607579180737,44.51330103175383,39.23406878215544,691.7290899031836,15.138765649715754,39.07100110069891,7.971677722253737,5,CRITICAL
248.67464224520322,28.83796041132431,23.700539252518013,40.33404898803631,928.9178434394664,40.02797491770262,30.145644742340004,9.683192062321018,1,CRITICAL
11.102290414647786,53.7016660183306,70.0037969856811,0.3203485181813126,1102.0245000569298,23.39289723636716,95.20722609867053,0.5530068632834839,1,MODERATE
178.88096354461592,21.651515358541253,35.58594601859134,59.09229396681612,1292.2259527500125,13.40740414486175,68.84260633226465,5.916894737431089,7,CRITICAL
69.00265118631091,6.4983707845338134,62.72004438379429,52.66995621454886,1500.855030737624,39.61663527153775,94.88584639474276,6.812785303147999,0,HIGH
36.17006573318364,79.40654363902107,62.80911170601321,53.70637354380552,391.0888676732506,21.712752244250147,53.368206659145045,9.858013507485218,7,CRITICAL
23.085960488762748,12.496120634447943,50.11568388125823,39.554672223052314,196.14866523709804,35.012497535188785,52.945024841322976,9.425902142769116,9,HIGH
208.88663276344192,79.07367951707849,85.25067539905383,20.687215719272192,2375.108349301931,26.921322888863717,58.04585012411222,7.124507647119776,9,CRITICAL
101.96248913041984,78.18239460531578,33.847035539989875,53.618918945428845,1903.805145708618,20.274870089380016,79.42286887707178,5.217894112444659,0,HIGH
217.43003145862843,63.50544831264317,50.37693324559608,17.491015689071542,1582.2974976594128,37.39505660154278,69.6066043930322,1.6152392229926127,8,CRITICAL
19.60690223968271,52.7538369665598,58.392291573187435,33.76269260053217,2238.8177970308157,28.37879726578452,94.77484349693826,3.841765552044174,0,HIGH
94.5871013491831,46.224564020086774,69.72622486905696,5.983858340632944,2905.4939548522148,20.62248409708127,31.780863079270755,5.851223250571543,3,HIGH
161.84738771260118,69.28812363022678,80.55746654550305,55.31733780796501,1525.5405364509058,9.383914813405081,79.57371565807756,7.252003965957537,8,CRITICAL
237.21694945168906,23.155161729559033,45.53265545904304,8.4462274662728,2261.8621544293287,40.817812550668314,53.1229382556588,6.3539955747911225,0,HIGH
95.62575087962098,37.41449699879016,68.14422496869363,13.493808343824437,3339.824172231298,6.418783413666662,42.61635562729228,7.141228018277412,8,HIGH
187.76741293110274,49.55119754932015,23.55498577616672,33.4880494876929,2946.7045107223844,39.52749393472225,65.72769357640692,4.291525045518977,7,CRITICAL
265.79332447085613,32.895238069559284,93.93832904882308,45.845580012778896,1519.7027962333127,19.398460995326218,65.35446489259971,7.2762729057100906,4,CRITICAL
184.75895645469137,34.19891632722144,44.47529257789032,37.16107835617794,2274.2730904608634,30.57355054005623,39.59077200818999,1.437412560197192,5,CRITICAL
69.88784242609013,26.422773400166754,75.65692797787946,13.92803476800937,660.8946806099922,41.88798895342741,44.13272392930229,1.6258631176311356,4,MODERATE
7.320234466961406,45.13854533476288,11.830697369395988,0.056582551649420054,1983.80153788806,11.068264620155936,58.571526543108845,1.6283214582946282,3,LOW
261.029662170279,68.04596224120928,28.466842861432628,45.429034818446354,3435.5826044276278,27.67801902555241,58.61679886746207,8.90864957035776,9,CRITICAL
6.380823255116141,16.122270240505028,53.83742898912202,59.11243955466562,1838.1871474487018,35.57731449480768,52.22906977337793,0.7603406330863449,3,HIGH
262.4105018052598,74.75464310027532,89.04272209591119,48.594787218365425,3250.3521322060083,35.3033533087623,40.39816060569866,8.015083727334758,9,CRITICAL
158.68114020816358,55.12701229985837,57.452963495560944,27.61239708939692,1455.3054757362495,26.02527658398016,30.306157537068568,2.3357089804673716,7,CRITICAL
281.72030955386884,65.86185701440242,93.6883434064491,54.22603568394639,3496.0146537869778,29.989578396258324,97.91645436996144,4.684299404952506,7,CRITICAL
239.63497073209962,44.49525541040093,53.54172069245167,24.590860387101003,2048.3091215350746,35.30107976531378,96.0449460792749,9.15956595465678,8,CRITICAL
299.38023316000124,62.36133611392508,54.140418706235494,31.496045054608054,195.82803011397422,38.64110551029647,63.855526542329464,5.859372296875067,2,CRITICAL
105.21354463551305,1.2960317871573768,20.77721096504787,28.627786043740993,2074.304048585289,35.472523875034554,99.6536227292504,2.101176862323586,9,HIGH
230.15648667933806,65.47043398236282,82.23906197369978,26.857432359931497,997.2758000946084,19.160197727249706,77.15580315475702,2.8409006031880715,7,CRITICAL
120.57927408277264,3.2111087268293215,32.22688712203562,46.511446157634346,162.06056102383675,44.869056042309325,34.82002763252791,9.204466238957856,2,HIGH
143.96268609117266,71.193070109029,90.96512404350835,31.60613443616952,2881.9439011965883,22.380107748772176,38.24027393578392,4.271439251099784,1,CRITICAL
188.25163896551103,79.35701977909146,91.97417982973565,19.003027321512963,1001.267247583608,5.978588110357337,94.12775907087465,5.8698548300678945,1,CRITICAL
262.10313425590164,23.525396974142225,94.89791006867347,15.4894900595087,2798.0925114604197,19.50467806341848,74.103654150474,4.599321966253887,8,CRITICAL
295.22504075978856,16.825484502863493,56.8207440192781,2.264839018046003,1044.350661197741,10.111318182953731,89.02285386601457,3.7843808804844956,3,CRITICAL
230.48202415935546,61.22906910864326,70.93844063052799,34.99170971298276,720.4259208645212,9.857704629135,92.8788754743691,2.2327912693240193,4,CRITICAL
125.33003465020013,20.242107273620256,80.06642920554971,13.797684924062052,3410.0777306602745,16.261401604275775,61.355940789767025,6.861915004846021,1,HIGH
126.40710068312106,69.24499065377628,21.791315678541906,8.888035320982986,1297.6763807548175,7.135019767090434,33.39681661036851,7.182420262721204,8,CRITICAL
221.27469047666744,8.227407372598137,64.08614754977475,39.22979782966066,2124.7479294789036,32.54048753638252,43.179624422812545,2.748850916073995,6,CRITICAL
71.6331437304907,10.07641571034866,13.086811117298051,40.872555469292934,2154.436150209927,7.959555368076203,34.66003631117046,7.890108430548304,2,HIGH
33.1422339394184,78.33212440804925,54.78094750498533,45.12929353545996,1983.6335134985811,13.131582217438247,43.21178919889552,8.545352003016795,5,CRITICAL
106.38664729223296,53.90711186160037,23.935841345820467,30.21461378031549,3205.7003151481904,8.715988579764776,58.737304851911375,9.206750962396304,6,HIGH
86.17169749622452,67.75097795431623,26.463063336587624,53.6432763122332,2376.821696215696,7.526709236121243,38.27377673604898,1.6121241391836993,5,CRITICAL
88.89243613679703,25.946350188121443,42.85428100233414,56.18056520389367,1442.8788641620092,15.710066621581667,41.67132734637403,3.039236836132664,9,CRITICAL
70.08232531497298,54.11869996164835,48.91934500448527,48.442256387549364,3025.2123266087456,27.8759587064148,61.207524745017544,8.603533475036956,9,HIGH
12.627956890908564,47.53934618468777,66.08551820789685,38.13560892049124,674.6670019500772,43.58742225787367,53.81196652719427,1.9854020282789397,5,HIGH
5.362180420024143,48.25200960983576,16.69855765946641,18.22325721547132,1927.6168137559403,40.02226617398425,62.73606869316287,0.0346845924349537,7,MODERATE
296.3167169208095,54.60259676301773,55.332258511370014,58.97669529721327,3329.3987832059593,40.037357017812994,60.04204194313434,8.708273102516346,7,CRITICAL
128.3319401207587,46.02873385032788,26.4362617227791,16.4481700315163,2207.6218230874238,12.042681441506303,75.11346181859184,3.264494417513694,4,HIGH
115.2979941479045,34.324989544213274,61.65776575285677,12.159415319425865,2868.541154138323,15.596287739912803,95.60326842130982,4.1449752513895,3,HIGH
203.89418480792096,22.073815550443747,67.36641510350651,26.529246827194967,2304.7845031309153,8.055732671812228,37.55050369109697,4.463340257206379,4,CRITICAL
65.47616635951925,61.48650647305616,60.10383308975685,3.4104342427433076,2945.829479205722,36.1387335966074,36.94821045164365,8.482746006672285,8,HIGH
284.9883551850676,18.101794400254896,76.44659594304768,58.70966788030745,3308.4831854660906,7.792652059422478,89.69642777636314,3.378921445934604,9,CRITICAL
235.90350432466562,55.388344492353134,40.204831981681124,35.30601338498549,991.579959987942,27.267826832834132,65.44776932567214,8.922798858564818,5,CRITICAL
26.823300693677854,18.666625811946133,78.85959324698177,33.41712549985051,635.3307303356801,14.91502289295803,83.64835164979095,6.16939138048048,2,MODERATE
125.2742327354785,50.02641359635631,48.94903735373743,39.34777679398319,1719.7680886472626,14.73782536114979,45.0795332525097,5.272867240336843,2,CRITICAL
263.7354922686494,59.76626137032231,53.576604849033714,29.8214188666324,2471.4253725435447,44.62900220990421,88.02038012172862,3.2561450712746245,0,CRITICAL
283.4196066874231,17.497111112523136,68.32919145349643,1.923811025672495,833.8098234786456,35.271192279141495,94.66926369348872,2.4371169628118583,4,CRITICAL
140.22045337496093,4.795464068904662,11.652254559930157,36.738677330423805,64.1500039840764,38.477574331642,74.48381108825419,6.240584427773487,5,CRITICAL
184.0234167632123,10.477899439533926,68.85947992782235,42.97043261738584,1233.1261496366333,27.879307413760507,37.41153150316616,4.468941600565762,7,CRITICAL
50.11018382762257,48.479757381682035,65.67266341649038,25.00494363744319,3392.56470736387,39.84057149574997,92.67063699094372,9.105160099320063,8,HIGH
297.350587841093,67.95571249805884,37.88624050779519,45.437734324271574,2447.637739090171,30.819621566654117,85.474140915905,4.916387161140498,6,CRITICAL
69.50151041503302,3.5997456988339493,17.721485640954054,13.620077960305236,1434.5727815972225,42.84694819185381,82.56144435601429,5.117949167011911,0,LOW
282.8195322405377,58.7321007233317,18.184190492173705,13.276595463971042,714.3875358465991,16.25354344182547,32.570973223414086,4.167232811360008,6,CRITICAL
194.89399469771053,27.30549167600417,93.09013722867057,9.685019261254437,1278.5093744538772,28.812781831315803,85.927376767988,7.89262996991285,9,CRITICAL
182.32103846365774,38.2822695935618,72.03513891032534,22.31968558734971,635.9460448893054,32.605253917475686,39.65657073278499,4.248391981092704,8,CRITICAL
153.8065533049526,74.30876398764525,21.439235239366635,50.820722123345014,416.75508352968234,20.717492201112265,45.56703233378219,2.693419997497549,3,CRITICAL
69.20094351532761,26.557720378867636,42.105085237801575,49.67472372894386,3178.261185375311,40.18831929616213,70.39943844084803,8.620308742935098,6,CRITICAL
52.95840960165248,37.22695471515888,63.32346945114368,22.96945247781023,3491.893667395384,44.19212652416618,48.548654104181814,5.968282213652403,8,HIGH
66.14586272105261,1.0945931808544884,85.20145345815838,35.3471241588142,616.1948166054766,24.750779654906463,76.29437444183438,5.915102197690017,0,HIGH
55.93147864327636,6.527897600387069,13.929483584170768,43.24897898849494,238.10282813006506,20.625626192173563,72.56493133893571,6.108222071639266,9,HIGH
233.875342070026,20.687327290782722,31.296981832300798,14.472406477681378,1187.5723196544325,23.87751714225835,37.570471860928386,7.188397482056668,8,CRITICAL
105.03757775001903,2.2281792656859523,90.0774091265842,10.088465153684824,1642.724173626883,39.109469829277266,75.92102057140545,3.1306798931256683,3,MODERATE
17.35280296901891,50.510026083860076,10.824899516543484,58.32575959273866,756.633302411698,30.818737020726704,94.6768436877451,0.33844370833002846,7,HIGH
290.7307890422434,34.111868544129806,28.125919251449865,37.05343879257711,1089.9159457050266,6.790894900723803,41.27769336300832,8.105931608770096,2,CRITICAL
265.13576548902773,43.85161621824176,96.31217583756694,58.884943310019835,743.004038136219,26.686796417828592,71.79434146600212,1.2890505388163742,1,CRITICAL
278.3256849585639,13.971774871706364,65.2061661869954,20.265359227933747,2721.198961091957,5.692004909638793,53.930576035568585,7.2181973721054415,7,CRITICAL
298.47234679393057,23.67456235492929,33.55042299737558,42.18190199844789,2508.3939042030497,36.14141484013622,62.17281702415228,0.8231529828732875,7,CRITICAL
52.16857476584619,53.10595798821801,16.029198495626282,13.356218192474262,2240.582729375387,18.13249094169855,50.09001253552789,3.753078420284921,2,MODERATE
118.87260567079763,77.22421789043199,12.537220640249995,15.672010276434776,1385.9016069232564,23.880299284693173,54.78914454433867,0.6302606983153825,7,HIGH
227.47154271122739,4.033341888176736,32.027057167323456,30.71412727617744,3186.191247534114,36.94712423630528,32.02382762865901,5.222136796277246,5,CRITICAL
208.80618541613768,71.23074566842129,89.33372376300194,19.177087530484272,3394.887268295819,6.857952691430462,98.70862165420544,6.531357727815751,9,CRITICAL
46.16877190195652,46.150496104896675,47.43222888677585,10.057293830435068,649.0556285576714,11.341661423664418,73.73599454509238,1.714331411781883,8,HIGH
244.74993749718533,45.113565340449895,74.83000322493938,15.77284211935956,819.3936128709793,20.918415057804594,65.04939133457196,3.7162761843840206,9,CRITICAL
67.3321715509982,40.02228281662083,92.64565318419619,2.1449036679518785,1863.4270466012754,14.197006541822423,56.86007446502287,9.302394910430536,5,HIGH
67.14528444678692,5.551526872334671,46.723641544253496,42.265417288649196,364.8144640237462,18.516057031002525,67.75621911768194,4.423891171074567,7,HIGH
161.09232686802406,7.190148138892853,27.214963393365736,29.526999425151697,1555.7469759397393,44.9269895156986,56.60741991010627,8.025435689765567,1,HIGH
177.88198045251096,48.07296045272689,56.54061377712275,5.654583984271538,2057.1798634831002,38.01657750295243,55.193554924557134,9.271847450602092,0,HIGH
174.02586235134336,27.276685714844664,91.7275318353869,10.301639587709472,1851.1538204237993,40.35607259840434,62.47625792054092,9.743458249772864,9,CRITICAL
27.446051219326463,73.38144532621445,82.39369727239306,6.15207228675864,1191.6346116191899,42.48218534263101,49.31881235698336,8.983220196913692,9,CRITICAL
263.2382587891141,32.52724298875778,15.92468590268384,36.75556849655259,1921.4380309663636,18.637435212567826,42.60349299767498,3.1740532915896913,1,CRITICAL
79.68001277661182,11.462516696211287,72.33155200698236,5.652621816749628,3357.863292193025,16.88307831185891,68.96241287262055,9.625728861611929,3,MODERATE
38.85447638484125,57.17750668016288,61.470777021305835,45.25693998211297,760.7600448052474,14.362499702882996,88.99358053052109,8.123952417460469,9,CRITICAL
266.62442396069315,23.468273715280787,91.6716858711783,1.2306551592234705,2309.1681864593124,38.204676452324904,40.697972440812464,8.371755836394877,8,CRITICAL
286.69544946892603,42.03762458847145,21.02332751652675,14.962547279753526,199.7185948383789,32.1820744914074,32.2914038422953,0.1517298417183477,6,CRITICAL
258.6382851796352,55.826622840413606,58.0632501884191,53.44000055351443,279.1365954609505,14.446879299315093,47.27682216078253,9.542388633182936,8,CRITICAL
242.85482241746342,72.02112889616564,89.1516424160703,43.11187908733476,1953.8073735713683,20.079753168418193,98.58044504176675,7.780902238487407,8,CRITICAL
196.57259419170651,63.375295584134086,46.90214080675687,4.378099975541263,412.04017213142566,25.26847055731193,88.01306516203375,7.679674965079,8,CRITICAL
165.2572111827418,54.10888542981793,53.379542595958036,49.26756626911079,127.0964200726578,26.125602290950148,71.71062374700176,0.8152473092858625,7,CRITICAL
26.09602797342304,54.37065459161148,16.341460990026246,29.58210729241229,641.7198418856766,40.54910914206859,95.04742406701952,2.3256854107333123,5,MODERATE
122.53596392120961,75.67397152256692,35.03292764040197,50.806981630129755,1998.7296399485317,20.222645317888652,61.16953817860713,9.62261665137899,9,CRITICAL
111.8065551036942,23.665927799722883,39.20559842520526,36.04438646702361,2476.526293090317,41.340961220020496,98.82964218026217,5.0067707480547625,6,HIGH
77.92613512809787,0.0889675356949926,95.06102038703982,40.90998192197152,748.551046287761,22.654702412791586,50.741143158349885,3.9785801823725606,1,HIGH
217.02603410657548,21.756364751855894,35.44006244870431,59.610093623742486,2355.495058368202,34.85490699169415,46.821402466115735,8.399408171469137,0,CRITICAL
148.76272052363123,17.43131037013952,51.47818617426868,13.940132755441091,679.5433422923412,42.210172799402244,74.66337408029077,0.8734041411394433,4,HIGH
24.31386477229438,52.94676680911985,70.41739812078518,37.4367344856833,2166.428121877837,41.30302815853065,56.47077775652522,4.169420162710593,7,HIGH
66.0549605849434,50.696927981242325,24.596503516708964,27.6192834034439,1471.260895640506,7.278114691827247,73.84558793833804,3.757007744220836,2,MODERATE
204.97762909787878,47.47691061637791,53.7798148427687,2.367117175361486,2305.608307200978,13.228171799062793,51.349686281188006,3.4985138703039276,6,HIGH
22.839257847090057,1.299475456756296,76.46851355283168,0.868238490171902,3482.931996053403,24.076217021291004,73.25427797865937,3.0769224365307313,4,LOW
255.3620742146306,58.3022443560518,88.01696917243595,7.153714669071521,3285.468530052339,22.26217159812429,49.30223824095255,2.10074956790078,9,CRITICAL
148.54395810419228,25.88243299883932,66.3633347196184,38.94550443231289,64.77206453455752,30.63566659348828,33.568044817322296,1.729108029905222,7,CRITICAL
144.1759731979944,53.204479120530486,70.21481637852531,34.02978527480353,3104.7637370499547,42.78836203301649,93.84951313462284,6.404061169196741,5,CRITICAL
177.7223353978553,44.52627428017227,21.365512532611206,33.20577366982364,279.3932433529445,9.496188451117952,91.82436413114235,9.193948412086785,5,CRITICAL
247.40428977754476,27.418474034232574,95.11988475217125,1.9114057516956051,3338.0107222514653,23.07434660536962,97.95587044908703,5.088516452498815,6,CRITICAL
104.34276237065791,10.76610136832862,21.931666973603413,28.158179781600424,1022.2985928939122,12.696441515485573,80.15690233549833,2.979745523466443,6,HIGH
203.40484576771905,7.553511812838476,79.72056434636185,55.47736907055171,1368.0201649188848,40.7643039359179,77.7904824414712,1.5916019772222634,3,CRITICAL
169.7195891987373,66.52146664897788,33.83346896004869,23.855512158638795,366.1518078562611,43.58320743206611,69.13021490523815,8.301433650525942,9,CRITICAL
80.1084810508264,73.47180336652464,94.02338293311264,37.49534818730738,437.3410162347381,24.148067275614004,38.815969144676586,9.714920564732138,9,CRITICAL
263.5889959065474,51.983043741143966,74.79635854325316,46.78912053738861,2557.254950041153,9.16041190912563,43.246471766448906,3.4915540146785187,9,CRITICAL
239.22780648207842,8.27472918883867,77.8432341680532,47.03551674851325,3307.946213331606,36.41178666890693,50.262878207077534,2.909504255521289,7,CRITICAL
197.53555039752766,32.162177351059256,29.7153255753895,31.15680494371628,2157.0823075923677,32.88565401969596,92.31094538013761,6.014929529749413,5,CRITICAL
255.17451872827257,58.31513600841258,49.87359789716447,51.47711672414018,2519.682553567498,19.18683306441242,42.10786672221526,7.753289809534257,7,CRITICAL
260.1882602879407,62.38567072080545,65.60318751303578,23.48268560182482,2678.7956188601797,40.49629895875854,94.60112221415234,4.554028035496644,6,CRITICAL
212.50889301451045,9.457489783287087,79.29762563859408,53.3215928870879,956.7092472076489,44.03327559130829,66.5950013135992,6.300731498609492,0,CRITICAL
251.10399850910161,0.0024575076305932697,19.356343832115062,14.413629983732719,206.0422266747415,27.314153965207815,80.08987448311505,7.165490680232919,3,CRITICAL
209.24143850078508,56.9709636704484,96.61287848090755,16.81298441943426,56.46096652113162,27.629116453771694,37.717114067639656,9.605922878561792,6,CRITICAL
204.04223152809013,28.527694078896452,90.11986034991004,3.187237451940066,1259.7400261913644,16.900540204551113,48.83234841431376,1.650373305200834,8,CRITICAL
185.5834134645553,20.35850652946082,34.331373144602594,47.73491019253697,883.0515872872955,28.38024143933257,97.09630257269984,9.973824938253696,1,CRITICAL
225.81499186729238,1.0317975831620352,84.04842187290988,25.023314173962333,264.9961514196905,22.585692820993863,48.63049628508119,3.921566552412288,4,CRITICAL
47.58153158792211,43.223952540919974,56.64915307358411,13.746996834683943,669.3726091031502,17.087641077122075,50.756520427380224,7.232001427265537,8,HIGH
264.26122775967855,68.09205883407854,51.562583340581675,13.90741665699478,479.5211990244199,7.6874078609560526,43.83181693887556,5.724143779729972,8,CRITICAL
261.5530583235696,76.61053170180703,38.29906952302649,54.08399647375399,3206.330413129928,15.108314388364995,39.03515657147807,4.866686170088402,5,CRITICAL
8.774184910367744,45.259596049063134,62.28717279684332,50.03499602766221,533.9218864341328,12.914185987106578,46.32803490177986,6.980753687315865,6,HIGH
247.7450251694288,41.156906219191534,75.6900205933238,33.211853121431,1904.8872007574932,26.681679382157956,74.96288243655589,3.957538502235951,8,CRITICAL
38.66096024203356,6.804510839139288,46.983961446648244,36.96664802494327,2096.215545136968,29.066800870543755,61.875741345249445,1.261099813368064,9,HIGH
100.53565627774258,43.90982412340798,66.62972737074628,28.45953423301746,1925.0386290947865,29.34286897224066,68.76290854365291,4.888933831212397,7,CRITICAL
223.05247688748233,30.39832631723157,72.93816290397734,23.49999257272853,391.74469804515854,20.527240041827163,38.5655380136217,5.219158706823186,9,CRITICAL
48.22796881449246,48.57082247068615,74.00096353137573,54.92861287309989,1149.8543480394017,21.849189347419838,86.148151301403,2.019021533999392,5,CRITICAL
245.39010723571866,31.098107830123737,14.676948831806222,7.536762211218124,226.88264699787877,38.3695371856256,84.88662904058936,9.35619356328657,5,CRITICAL
249.6402533873226,19.223929876029338,87.37730251165603,25.106807382973678,1415.0612036322902,24.049312540686497,31.511293779987277,2.2747564664629127,6,CRITICAL
152.24032012825086,7.59722201827012,51.24279832885431,20.67371447927252,700.6663128869924,44.510933285484896,56.84605661572135,4.0922759408409775,6,HIGH
1.915761515050074,25.19347556711166,33.6174473526593,29.889043215068902,1987.6322398311102,22.584689200354596,34.81394213798035,1.549296868447233,1,LOW
86.11143995247383,7.731586743020182,31.75880567317134,27.457912472710504,2440.1889587793967,30.98323778471356,85.44740455904707,5.357966461869442,8,HIGH
185.07807551272265,14.151756065918715,53.471270155955544,31.133371899064887,1885.8135177062372,7.014519959735832,81.6088778187993,3.0763760810008964,3,CRITICAL
294.35585340822706,78.98689268636367,89.81483855220633,8.395138633619645,1548.1166033093152,31.133596976752433,93.13916660052092,4.89272519976084,9,CRITICAL
189.54405810500052,35.52828455252949,44.051282351438225,30.788490090796625,1386.3003019555888,39.057055776600244,46.54827712671802,2.246169164582019,8,CRITICAL
77.94107431924793,42.549741320401324,77.4753172105189,14.545128833232653,2953.836599934663,42.69831354133185,61.94071181894592,0.5377512794871575,9,MODERATE
190.2017109298834,69.88948229897723,18.713685788849673,11.059880939291475,806.8198244751817,44.89282446559082,42.914151401507844,7.792266510822553,2,CRITICAL
161.99561391475663,79.64551203925502,52.84510319359556,3.8900531271714733,2583.0532713745974,16.287145825969326,55.98644541318836,6.410862839596584,4,CRITICAL
233.9536185453431,46.617155947574524,99.25175263534621,45.759153525368454,2663.314020353411,28.014802593028673,66.55702760968188,3.4073935571101286,4,CRITICAL
32.094191648087524,64.99790568353373,79.33940225131033,25.6465152513936,1496.240025084034,23.028719421285896,33.73315528870123,0.4749422468232223,6,HIGH
228.3083707506084,26.15528194693402,28.94756395965517,37.5986209987055,1075.6870673284557,27.55269922300684,80.04092874741696,8.655750626971209,3,CRITICAL
162.37997360283308,24.45951659578329,55.129732632811965,43.6556005982846,1673.3681268586145,11.298118287593866,68.03053522597526,1.6979500493567934,3,CRITICAL
288.8976011576984,32.21629767956482,31.026228728370988,40.75899991881321,371.5880443298098,39.24598290383766,88.02713120474714,9.30742218281428,0,CRITICAL
102.56164981160583,53.80058101389193,46.86048345362583,28.230043145380936,208.45861119036041,41.38275773378351,49.02463508338381,4.785953785959585,5,CRITICAL
189.78656794018443,54.5753351404079,80.20756213614683,23.273911737103788,435.03103810902667,22.986466524516903,93.23247736884781,3.403867099084837,3,CRITICAL
279.60843165300525,25.219154771956063,79.41023337613633,22.557594578439822,695.6503585446802,16.217194462943073,99.90859771213104,7.417594768909639,9,CRITICAL
30.75291839720378,10.656793930930295,30.529034011214662,38.40292781580338,1789.4100301662484,10.633337106120493,94.35089068643721,8.768394060751858,9,CRITICAL
281.1685461709353,50.59170051724068,93.00009863393741,29.687661296512402,2979.5213947558714,32.35059299111218,84.45247330832079,3.7071356364571075,4,CRITICAL
206.365716690244,10.266068975101161,63.331136448834414,50.94793487931064,862.9660453989201,17.48927358482941,86.86581620116465,4.073437521701873,8,CRITICAL
20.35111773155157,46.279400658346404,44.19318618658131,52.482119059602724,3276.308937076384,41.38154279653555,70.16209697812104,4.331582193471974,3,HIGH
90.28907008404488,55.47377024450472,55.174202270277455,10.233622680391107,3344.432285825762,31.840498993794803,43.310770403882735,9.22323061478669,0,HIGH
212.45162659358448,56.04891971155613,64.45641280939694,8.174019092743539,3358.220886715958,30.82741300696963,77.39284796034022,6.925639915143327,8,CRITICAL
20.20518044063151,60.277768852767736,60.390147866120685,37.82405556215997,2939.591434633317,27.376084635929633,79.8927101441952,2.476461170456555,4,HIGH
174.65113805288198,69.82875372525316,53.776453198256036,18.073544883736766,1305.196390752136,6.831053577149024,98.9769598187534,1.8499969750197942,9,CRITICAL
103.76491708588702,39.996719357183075,55.44395236804601,1.1142431259059316,300.75949295904957,42.27689742742348,67.89109213794254,2.303676634248161,6,MODERATE
186.27465533024312,58.4199351623657,25.877071938509758,53.318560161777306,2012.4246245944073,30.117499731978402,48.995831051753946,2.6356388918551743,2,CRITICAL
13.722610143753855,49.533818829266934,83.14596138742114,13.614046034628496,1977.4509815834565,44.762479335324414,77.85707652176546,2.301834913340015,3,LOW
261.4610418457129,14.931195183814605,58.75842879469138,55.75683910114854,2982.4163965281045,26.494256190915483,98.55630737665182,6.585064471923961,9,CRITICAL
292.0466907532191,2.0551715895526534,21.797187553423278,43.04606705269522,3486.1691257640628,33.404435676248525,42.40497357883658,1.1593351065750634,8,CRITICAL
290.66335658570745,22.763310854154703,78.95413914245002,45.75920939468906,1803.1427076325092,7.248382314648887,52.819854297492185,3.873584897079607,9,CRITICAL
224.89554952287742,35.44269650700955,93.91995805396158,12.087689747589625,1240.9539070872556,30.269447072936437,67.93166676408768,6.250535729703665,0,CRITICAL
39.02587203918959,49.3684755542925,95.25762093132658,14.051665537008775,691.3609048691211,35.585984463614295,41.91502444174034,2.9085997394293086,4,MODERATE
227.47895877870678,67.99674644025643,43.211595917005546,31.276065229443944,66.55939561992903,36.14057179410229,31.555444766395684,0.6527438470165803,7,CRITICAL
7.376074937640453,15.699657336493251,22.196518620467863,10.32599115899173,1806.4422390866332,35.80446608921142,53.58881857088754,0.8182392284596829,9,MODERATE
6.637065458699176,10.043983191878167,56.65596639697586,18.325901560981936,1966.5394001239554,14.051305091746706,90.57595610507406,1.2596677630468633,6,MODERATE
97.08306574486237,77.0783957979462,20.13483064142986,19.28774867686827,2896.037755370021,44.01593910420904,33.042787952660035,8.358430248681552,3,HIGH
146.59295712139973,8.643564750112569,94.05886766613555,9.577795995165845,1790.790539230162,44.80728482499755,60.02503413118423,6.578635056049698,6,CRITICAL
231.12222534233797,38.27928560857514,26.52216646196314,12.310970003709645,3211.815802897895,8.02383500646405,83.35405410482576,0.6452241109764478,0,HIGH
204.98861298195155,46.84509830346415,32.74892739560477,47.31311052049539,2216.8879941714526,42.45785691247029,96.72278178376197,3.9106887915141986,5,CRITICAL
133.7708119130245,43.30995367259506,46.59728741964734,10.031751272836102,2949.160021862737,16.577967772174773,98.98327793031027,2.7858517284706563,8,CRITICAL
82.08799988449977,6.882572562635456,44.48480217032132,1.7074435106353492,561.6409850867276,32.57136327003859,59.537856642611914,5.780401116288002,2,MODERATE
299.13735004731336,4.562153120289549,81.51966031581001,37.76129655773631,3000.909649542986,18.524436829445285,96.52690060653823,5.228059496723134,3,CRITICAL
127.85439067079189,8.438674196882854,51.06851384958661,58.558987163547,2379.246297831277,43.71017293492486,32.47932812966046,4.811240233697149,7,CRITICAL
135.41610729890263,46.847014709809,25.36914340030032,19.872828877387285,637.3039619122404,9.060154332141419,82.21418565989893,3.1451237037261315,4,MODERATE
49.08714635750076,43.54759101074569,34.04889059374667,7.119342191775138,704.6842756037375,24.90987267825504,74.9922224243529,1.3779977204399074,4,LOW
238.44286462497882,18.69926336293954,55.82020466687698,34.22323952205185,3246.4271357025636,22.121911677682988,47.46653003103066,7.423763828726379,0,CRITICAL
208.1046677344466,51.021931347647325,23.27085256835214,54.38125266573877,161.14299355378643,18.040938091119397,65.51229504757542,8.798567688426544,5,CRITICAL
66.23088383662812,65.60540016445195,65.04901080814128,47.04370678970873,1645.745554370186,30.821359635205944,39.068761643234694,9.441509092328173,1,CRITICAL
24.71431368475281,3.3263167877275013,60.91725758960313,37.35095210476296,1131.4897502726503,10.2422297368667,91.01180056660927,0.5861897061358046,0,MODERATE
204.14979062241392,39.85039548384339,74.32320847440319,18.90338979645596,2344.517167994577,33.666496725347876,55.05286598819536,7.399087115888829,5,CRITICAL
196.35336428434056,55.144832968215226,94.3934153841431,32.5128103965732,2946.7213871130225,44.22368495219149,73.82311293260017,7.265034594069625,4,CRITICAL
81.9778580994628,20.184954165574965,92.10291049910401,5.474690478255322,1293.304519370165,37.182348578745206,41.11434004010836,9.471096141455892,4,HIGH
285.2590686751231,24.621672423451926,95.14680562619482,40.7367254568402,1522.8122012637882,39.40067011638182,44.431539124184496,2.529145944977654,8,CRITICAL
45.31736753427007,49.09103223915071,32.02440373213308,43.50576113385905,3437.616356529879,19.3854697271601,99.43694595622064,7.421790382951564,9,CRITICAL
129.7004403127806,71.83482347549895,21.840877597541915,57.90189737459513,2754.5119583932496,17.99546425924875,82.71604761089304,0.5462628876648457,9,CRITICAL
283.0847760502797,64.79395362423195,37.204903044680364,15.623841524704298,3145.3542517146802,25.68193418760533,97.33803088418496,6.312457207616191,2,CRITICAL
125.91819507783669,46.65041752796668,90.55766554896832,1.1073851425813586,1563.7296612481225,6.8290645904909075,50.70958156484309,3.5084782405217974,0,MODERATE
191.55778429922566,58.41773742057994,97.48481271611394,32.73650786562904,857.5629037451974,42.8143253782613,41.51940136338743,7.6890943954747515,7,CRITICAL
119.27831938883828,29.185797616623894,87.33924559634283,42.40743026380887,1470.9289555832584,10.751406920647689,65.21479244351816,8.633042864353936,4,CRITICAL
82.26456070460101,51.27724224790062,19.901594901478923,47.42444855297928,2520.5171165187217,41.120521566723696,64.62677975591404,3.648210422175162,4,HIGH
295.19329438794847,37.294527290204556,95.26851982538139,11.624335981488636,427.5348966841287,8.343288880014228,42.24625596305915,5.255860926993005,7,CRITICAL
122.80020189451291,15.194890916604873,48.10222246157074,15.70517214222142,983.1184143769555,37.90499710714241,81.32536987069872,1.174040623635999,7,MODERATE
268.2297611037403,56.13906191018057,10.837926168611832,30.75545551603778,210.89385659248683,11.078501035128605,55.32442741071138,4.169069652234766,1,CRITICAL
68.98638176732585,44.51717098790576,49.81543666733742,19.83604859820011,1541.599697266554,6.525264563658908,43.04556616513621,3.6080039325916924,2,MODERATE
63.93141120752499,28.68972655628731,14.146225270792083,51.6306891952467,2904.687789129666,33.77957801037635,53.23883761803019,1.8312345978451772,9,HIGH
9.340224865353408,72.90713520629046,58.94901290450058,28.425609224323217,135.08972462813728,16.210612006977133,69.45610897445107,8.944786247667759,9,HIGH
195.5000476127655,1.6747294261386614,40.469862469334615,47.97471864612018,2379.8661674847226,33.57984611137398,80.85296525263102,1.4808783804016024,0,CRITICAL
110.55790311712835,25.261852099959683,52.60914402346439,34.83718562894123,3267.110767072402,27.20341001891279,63.73236202402392,6.357393575301872,2,HIGH
259.3074749518911,4.550511822211725,65.18533246688054,46.38540849702672,867.4011222135789,9.352295609202624,66.79164928798615,8.901426434798877,3,CRITICAL
141.96297200746716,61.32218529773017,88.19209862360383,19.96037919181943,2443.040200510386,42.285202932046545,39.726215515992386,9.119685798632256,6,CRITICAL
290.45802837441653,56.16859632910341,69.57114188247357,49.88499731581867,3414.1015587956913,23.092566990539105,94.02836472957625,7.932396998405684,8,CRITICAL
55.65765471093634,26.50817749890536,49.06439816303626,16.474338933061293,3369.8593075259982,34.37789111194752,95.01069385944311,1.7614113387417663,4,MODERATE
260.5869503866832,54.05303217656584,83.74850683033286,32.765928480197445,860.5057159505443,25.040822880625004,77.83986132926026,8.174314092138697,0,CRITICAL
232.9790558375225,31.67497809567599,91.5023923815819,12.840426790432453,396.14213358163704,29.174458998448188,31.23419862538173,2.765648124156246,1,CRITICAL
231.2765533932156,60.500303313794745,20.77839697889775,28.5315912975716,561.57475574091,17.110943694267696,67.59519511323282,9.22398027432509,9,CRITICAL
253.4349684350663,36.334693018936484,57.87396797975123,19.09051257052219,2472.0230562633906,13.014412160138011,74.04532804620294,7.090866814238495,1,CRITICAL
228.30719728289966,32.98237822653324,35.60607637681997,16.002205838232854,2553.868120313801,26.702808136322712,99.6257956070677,7.852675610088865,8,CRITICAL
187.86609648942462,74.77839323906407,14.235507808925266,58.01910108168225,2376.1161376172868,22.60875891884008,99.72468686363578,0.8503245350193722,9,CRITICAL
39.373463304716275,20.07032799125602,70.16920256025868,9.604446329203837,1209.4704377107214,20.604528537357325,90.03278647278901,5.8276511344354445,6,MODERATE
9.757853847375575,9.635787199725234,87.6493699713303,47.23955024744372,635.7304421655214,31.90268780378492,34.468169441827946,8.211421268986797,1,MODERATE
276.25435434470603,46.763449060756656,24.661238902965465,59.0498975689929,2053.625767235273,32.62026528044544,96.72934735451109,8.615903527724992,0,CRITICAL
184.99509435622141,77.5457449827343,83.11722918615105,1.1940890244046698,1718.6975378646393,6.836802243650522,72.88628730063994,0.28631704733641516,4,CRITICAL
238.96118729285288,30.227137098174932,86.80561601832474,41.9416448425257,2564.477807571947,18.549779769746884,86.06207393354256,9.391592325551192,0,CRITICAL
144.456705453765,4.962941090302522,92.29063983998351,15.174708333377227,1572.692271465394,21.470582009055093,58.50349947800975,0.43338733302479726,8,HIGH
35.192456688718345,27.144421384765394,33.87565801774472,2.4292694596982667,1218.306946668316,8.875686446566725,52.37686298642129,6.145186796748499,2,MODERATE
37.55573766076513,40.474532345564675,91.35577586709003,24.173374737397847,1062.5010918885996,14.436034667931533,62.42709018386656,6.93387527615312,1,HIGH
205.6695861686914,12.953840530577097,38.8596479262789,56.1130686102525,779.5726041716255,7.065671888910265,40.28121590781788,1.073452911679098,5,CRITICAL
129.0917684698388,52.64817744451936,59.71042121099526,0.7059056620198612,966.8249978439819,44.84968394468083,54.994629712731424,0.48011865609192683,2,LOW
60.15741801010102,79.81995112081604,14.545672374905392,35.273141515786904,377.1650140121497,34.46228811879378,90.0332249837795,7.849121544507291,4,CRITICAL
147.47836402243107,36.13915807851551,13.949297953186925,30.08378871571946,1246.656687704669,8.498006260110147,32.656534038261704,3.84670624797434,9,CRITICAL
19.262681122540226,28.378284538417013,74.83358914589826,52.40304986226285,176.16585265220579,5.809975191603685,40.56146327772231,1.0711251531512367,7,CRITICAL
174.59142057431964,32.05633334675733,50.00319801800119,5.04010287123754,693.1277727238274,33.77151200609121,38.75813117546399,7.62667816387642,9,CRITICAL
80.6980213305293,9.211694271616091,33.06631378322958,40.89156179319902,2626.3580339370305,22.567686627306678,58.21528798901596,8.491630701436206,1,HIGH
239.26773019115646,70.6618881140979,27.13721464224192,40.80658190599664,1172.8680109343481,36.47186836258304,99.78908306236032,5.873861907588074,4,CRITICAL
93.10858767707214,33.186052441708156,70.29581417732962,40.144801011736995,2355.417708571836,41.93904151273535,42.135055114796785,1.612368084346456,7,HIGH
136.56604472454035,30.981952913987307,10.036138962280589,56.540069696102215,2523.250405810607,28.9720155606549,40.18378547194821,0.15222471491490808,0,HIGH
3.4861619724301907,52.77522183443794,82.53020522771688,49.385251740412826,2055.0894324257915,12.484336916690122,94.05390108433082,7.008024813019439,9,CRITICAL
21.734066338367665,35.36267367448988,17.132464551693595,2.5183635746103605,3357.5072077106247,36.2877614418581,91.7435361876176,5.501396748253168,9,MODERATE
117.74806692200545,51.858677504627686,27.23406534173075,28.26497104227079,123.96753984974073,43.232469726974976,32.25682589975881,6.507971417200795,3,HIGH
143.98165041513704,4.9157032104630005,44.76127557691807,23.877183372080008,2598.35164452909,28.209251482398237,82.61941721255205,8.131846701995958,4,HIGH
180.0061644357911,65.0978674977782,53.63728657444933,18.608833265448123,3357.8139215944075,32.27989789122934,75.88259910335006,4.342277769929721,9,CRITICAL
87.49877361279097,75.2403162303522,41.949560423254766,27.080203509245838,3024.8374662676406,18.49898780146692,83.74185668968963,1.2451546883362041,2,HIGH
208.49456583796277,51.901230892750874,38.86409484858645,23.051651095558647,629.229786727296,20.26110778641245,64.61517183571455,9.399832853908265,1,CRITICAL
258.03671915676136,76.36527430870485,96.75244108658696,25.94003399271992,1177.5300565684756,34.38617991412256,99.39654529138069,5.452621272468573,2,CRITICAL
233.95529666800493,12.114585149597064,67.74217131190548,58.75571193651855,644.9588475738057,42.110843936272765,33.06929130976742,6.152941190885403,4,CRITICAL
11.885647604507144,38.1932951584283,12.10896598306494,5.317978484974846,2124.5138551607292,30.15953548897409,46.4060110482664,9.334114295517512,6,MODERATE
144.15208417734868,48.14453871563578,48.715831759988184,55.33385219032379,2507.0485378292483,36.593916339413894,57.758219088153055,9.31583656310263,1,CRITICAL
31.47905352545246,46.538931793694935,88.75078297695732,28.8142028082616,1143.9045043025508,11.86540069661492,61.48445590959922,5.720946067281735,6,HIGH
72.61350475875824,32.11694232712346,37.131056776960115,37.42453472997247,1911.2976802458193,13.478363610318942,94.49571818896631,2.976114247214261,5,MODERATE
295.9987779801439,27.04675274930091,18.51007102969494,49.810977997061634,2433.6759667456226,26.281387473335602,69.20030548540811,9.971136340127392,6,CRITICAL
42.74866287045397,10.145921804033504,78.2546294430926,21.627781748955332,1503.6223673081167,12.062167689713622,33.15776968642757,6.80817089953536,6,HIGH
149.6664460354068,31.339396044982255,64.54124487424731,25.825314485278014,2996.353580071335,30.399802808836945,58.55040743979633,4.084366768920566,8,CRITICAL
185.44672029543574,13.01286520843881,61.32812570438535,24.571108816722838,2711.847276742969,16.666127415787958,59.1543288658349,5.598368028535897,6,CRITICAL
210.73949116323118,58.74925411937747,14.821890364666714,22.483861352145592,273.0961262844688,36.66130474667568,97.58436569064493,4.158340502680296,5,CRITICAL
167.89460504607422,16.7064748395672,22.64491088159656,55.5317592988137,2192.8822818633603,37.324413864573735,71.94379637147757,8.883051522966474,9,CRITICAL
2.9312542257550978,4.685224422762708,66.02944565918024,49.73579347158073,861.8731508111362,23.551498230214122,74.49557498112571,4.8249937486574614,7,HIGH
97.93839247319757,44.18929102537874,28.704145731295224,6.539999391778566,1973.4380131020996,12.232425401505411,79.92771218758895,8.235283759812472,6,HIGH
155.31349301541343,47.618378617552125,55.36630717735819,6.487401148625763,3351.2651270837337,30.8709984432773,83.90275209774862,8.401762978230039,5,CRITICAL
26.359949743450006,69.75304490244044,59.03935174264541,25.67217089117947,3082.763915705263,44.71148073054346,74.45357491417424,8.243323377352484,3,CRITICAL
105.18807936275422,46.15852899341455,35.51564712438454,5.919442603968543,1445.5815907472045,29.90363591770093,46.603604579375485,7.221886124756745,6,HIGH
9.96093263740997,27.638468297875658,95.35826399873436,37.14558571626718,1055.7228112880193,6.430987628560314,91.18321400388149,8.54877716807582,7,CRITICAL
23.573549146506224,64.24095052210563,85.82176961520176,8.621496435704035,858.6998182084935,5.691759030683303,81.24838602874411,3.872295796229692,7,MODERATE
119.07698286047882,43.22231145499369,75.01361568695187,31.342395838008063,1887.1763006599942,17.814478819692248,81.9309339567869,1.1466320614196035,3,HIGH
39.8147262129181,6.3424227704953395,17.01944797684682,0.43319682022306516,444.1571637402943,12.831352274416194,99.75897174643244,8.424542043725145,9,MODERATE
170.26225447846744,45.26804482505973,19.551701737811747,18.995780904758803,1944.9987780424576,37.522048285732325,86.17685744043212,4.9816841568734525,8,CRITICAL
206.83949074117973,72.64148363373299,54.350321127846016,40.631443420359325,54.601056243232456,38.79222668144002,88.04059822086073,1.2737603252785101,2,CRITICAL
240.17600973272485,31.705010039857644,24.464201427188712,29.042336413670906,1167.2812260731646,15.344750852419047,96.59838609971109,1.1531252218200794,8,CRITICAL
60.04507327344303,23.706064151984005,98.04389171765267,58.69616915993929,808.7733827155054,18.025791077995706,40.57937998942257,1.592423940098927,2,CRITICAL
50.244774677720926,11.477556561441604,24.26682106246685,52.44622776397265,3400.704825364698,14.449878708604587,64.84091635346475,7.509732596671058,6,MODERATE
31.370352100320076,12.115641754828586,53.87210519175766,21.544246742589074,2558.9860025164276,41.33530189485056,70.63969165135512,7.108566734662811,3,MODERATE
190.92907486309102,34.62171874734551,42.770895115735485,2.729192488336476,1256.30416259472,25.10597338489129,53.04930104557204,2.0381868018488323,4,CRITICAL
211.94271794607036,47.65438593292237,67.54477793086882,50.73757800690113,370.3155485306408,31.245481763280797,88.75823407261538,8.469234181097953,2,CRITICAL
9.475843447692611,6.44923241356814,21.61327680004824,54.67405861888028,1832.9620516826528,21.619283467984133,83.36937351520064,2.812947955282449,1,MODERATE
280.86367387310696,75.16548712201326,48.728478523815184,49.23764360514221,786.395190574846,30.240567740181245,80.46181521556869,7.929855833149475,7,CRITICAL
15.591385095441723,60.41068939561568,34.72345295264293,7.676996455185892,1900.6819333493343,20.43421506886944,99.80046078307169,4.8880590773494195,6,MODERATE
162.38890059032113,46.929913462693015,89.89763722045193,59.87490806473726,2932.000121917179,18.58713750916902,48.156696138587336,7.315486825385661,6,CRITICAL
212.71815583527493,66.27509367511927,13.652714092122558,15.51505329316643,2174.4843047497798,30.379202926939207,81.48200761727949,3.813876630735659,7,CRITICAL
261.2907371238257,6.414940544969063,92.23547446058133,43.452294768502206,2236.5700474302575,28.64248312195957,68.59831324341305,3.4714059709477594,0,CRITICAL
214.22607963972834,38.14711021864995,84.96947246977004,54.482092580143295,1916.5544972666996,16.741118166717985,51.909242774571325,8.413595989593324,7,CRITICAL
240.51842492093755,50.40745014893307,36.78136447967339,14.141226859842567,3249.0664325783614,10.973938012778937,41.24108095061881,0.35302254514069653,9,CRITICAL
101.83505776284181,66.29223248946315,81.03615892093943,54.49551328062397,3265.0642612510815,19.743067753525505,92.7118685947283,9.747369472575073,4,CRITICAL
244.44753412395366,62.677564803941415,12.80922043048728,18.568894751692017,1818.895043703755,21.60790556567637,71.68188378954918,6.481795582653734,7,CRITICAL
24.034453915402544,22.165539977071973,97.01789952640543,58.584793343043366,1104.8702306450903,30.147373336984195,87.74536863485562,4.3248338819944205,8,CRITICAL
268.4449968181583,75.27041356473634,57.39354483308104,16.875601222828475,1635.5751702840814,41.58115054547455,68.17414888010813,6.280545311504252,1,CRITICAL
164.27771284612086,9.947667314469628,37.295292345890076,57.20614948547011,693.6247970748741,6.447391901317006,45.39839564578137,1.2274094645898281,2,CRITICAL
245.1893309887481,70.01068948969217,42.632489133520934,3.2126790535604943,2245.3878878474084,14.746440501673796,53.62841691702277,5.140524552935476,5,CRITICAL
135.69548535549004,77.67521996836949,15.976481811444764,42.55632070018878,1775.3185584487046,12.748637691182413,56.70771897314826,9.850955233397977,8,CRITICAL
193.07330855895748,14.172281857810045,99.04145626378353,31.92666803022022,406.38664845581565,25.091776347751345,98.10543687525916,2.3526943784670684,9,CRITICAL
157.92079828083396,57.76528513630282,13.536275063562321,28.672624627363838,731.8848448626729,22.188032281726393,30.394329486696776,7.2227809903634945,9,CRITICAL
219.47685652659956,3.222841502239877,68.9416410833073,13.409658855350399,1704.7302488883674,34.16150495280753,98.9966216117155,4.349713758317007,7,CRITICAL
24.488994609176874,32.433826011132396,49.846233493581245,42.33574738658952,3112.182017980061,14.696636501794554,98.63231445768814,6.524581484879536,5,HIGH
18.10562519716914,41.302663935813925,95.40245963698436,11.448569486778426,2004.047986177286,28.779934629990343,99.73055533710956,2.0488722869177547,4,MODERATE
74.13097020304393,46.45161807277073,32.13997662761156,33.17050775908609,2401.295750719224,40.354290543998374,63.361172524374425,4.7046498261760235,2,HIGH
47.8634040339565,74.87497985988476,57.88781415442102,15.194721782415048,1219.6484966164885,41.42710959673219,97.46662787346997,9.800927138592751,3,HIGH
261.5350699776605,53.78005498353558,53.412058772447764,57.33728278688137,2021.3693060026083,43.351384189001244,57.69194272948791,1.9528715101600957,6,CRITICAL
65.76419620741329,38.50223609753896,73.25797996450912,1.7178716301391694,1593.4603881013327,35.93044608319954,31.84061084678707,6.364450278487571,6,MODERATE
292.75957674573937,64.77400290127115,16.120920875717847,11.983696806674192,2323.9981985499044,41.2395162503566,45.70430304602352,5.755977487667954,2,CRITICAL
101.06873753133205,76.04262567635271,27.441021702101935,14.538636383246864,224.48570297258578,14.381234879410968,96.17073714561693,5.650515862904033,3,MODERATE
54.63537470660979,1.7652918945832674,29.310833808356485,24.844069546068987,1751.885746024409,12.90323777401908,30.963528533477998,6.151232896516171,2,HIGH
236.90955214274373,78.6017017804831,76.43356793575207,13.963814512203212,1071.174556746686,5.259523351221058,68.21958947960826,5.0223797368822805,1,CRITICAL
197.61233265026283,6.890571125094427,27.022482669406607,29.480945416127117,1175.338461408787,33.27377429716393,35.29211122262753,0.16930750257658,5,HIGH
149.45871493594169,65.15094234150091,61.6142587501879,52.34793139551234,3365.165138875312,42.49868751254978,50.047760489930496,9.000968114631178,6,CRITICAL
166.60906528128936,22.426780204113,29.371943845085834,42.723805284550245,680.2971038542705,12.477413801667057,36.16649954983207,8.269788274840309,3,CRITICAL
215.76053348167915,10.57437262030974,87.54624550755806,34.79771883210666,1123.7961213961594,30.477743017075156,90.16700347791394,1.7416768092112134,4,CRITICAL
68.53642239938962,35.18845117710679,94.79669090406746,5.340190678960779,1809.1293862715077,34.8583903688711,71.37494967533941,4.132731773788691,7,HIGH
298.90017481702256,51.516526355809084,56.66436774480164,41.639526503356535,3027.4429711162015,42.10456940592226,93.1474526002819,7.705489806935679,8,CRITICAL
292.4379486440349,30.476147601878,41.70779957882604,9.984857058656392,1487.511787061978,30.874408960688868,78.18472396781598,9.800623153872843,6,CRITICAL
195.09770590408107,4.365232662615917,31.065199751574923,47.18204315770188,2616.33521906419,43.811749309950095,97.97203918715698,9.511370464417864,9,CRITICAL
59.86273527874354,47.956891172697325,14.48029013707394,15.003405510609191,3004.490638841068,18.78692564050191,65.69143583322847,8.993591996761742,0,MODERATE
204.0684727293874,72.19226208885398,34.165006857774586,25.022923699254054,1119.5564275853787,18.997141350856307,74.70974072340121,1.5837389729913964,2,CRITICAL
21.659522693752752,30.657229275780136,68.88122019507861,21.028212139075674,1404.9881332085492,26.720500400573822,70.34161739223396,9.144751060090048,4,MODERATE
9.195750661741819,17.306622210466163,58.025523817828976,51.52883488049141,1280.1189717248292,20.340075244636285,63.89823006126289,8.784449129510794,2,CRITICAL
77.3048665533641,35.40618767462523,94.96371504528346,7.592667522804488,2923.3525397318276,5.057029131501305,89.21715557961087,3.7694991116638956,0,MODERATE
138.78688702179488,3.8690168839024697,45.66495362425305,33.93869294308732,202.996673739924,34.270881003479495,75.11675949692521,3.9452259453626204,1,HIGH
260.48175162251414,65.63900675842198,72.4477008095555,8.523696566583734,1114.052756458946,35.06868165913934,86.0918585398831,4.599089219551607,7,CRITICAL
218.1507209298924,66.10726487601494,54.039047272760925,42.2877501679312,2393.959523703198,34.87898418747082,85.04547556216892,6.56175630966417,6,CRITICAL
222.81195635999433,47.040037074370275,56.13185943317905,54.30468766766887,2000.7800735004323,18.800826664418665,43.37316124587067,2.6083561598301577,9,CRITICAL
127.6480003344226,28.248231115071157,34.099688314370574,26.076459232035205,1555.1982895632452,25.891578932446876,75.51144727623506,0.22948429439944684,2,MODERATE
103.78049776408888,63.98266915566267,50.94556991577997,29.285535615898553,1912.8213839137761,19.39894072706678,43.97536134269339,1.4122952459724225,3,HIGH
111.3116288953808,44.374961983069376,52.37064973114365,55.645370188965735,731.6668211076981,5.641456001225831,70.83243347706396,4.401159075767737,2,CRITICAL
296.29486912081734,66.0745846840013,73.59782695740405,31.25948331896143,1535.9723445476359,27.49795765085675,77.42042791124103,2.8200256942620183,3,CRITICAL
12.032757423744744,50.51670340664165,94.65759992675025,29.255906282973655,1780.8752954084043,9.95042664336044,99.80645501113108,7.645165610361318,7,HIGH
260.10944883673454,62.752437857023786,39.638914973425386,34.69974616225825,3159.1024707433758,8.201652963657624,32.137938470481686,1.0669007054927138,8,CRITICAL
173.60262257171803,47.885039457420795,13.79804217231686,41.353784181777115,949.8813116737184,35.21996274787149,36.38696758796046,9.174652255548038,6,CRITICAL
131.58462575687713,33.1312854572533,54.666561295057576,6.413002505221883,3044.008332469017,5.380248096724225,35.3918687459862,8.953271799439111,8,CRITICAL
217.57729812454096,76.635668794091,59.001519893425176,49.266631664490966,2272.6328328496375,43.360337744349046,57.885290038671805,9.087568169332881,8,CRITICAL
146.00068242741085,43.289105990307576,25.159649601872374,26.130301647195555,120.17586718322339,25.610214564503075,87.51118530400696,7.396099986033267,6,CRITICAL
262.0269714244982,48.40716148324307,78.441814564846,4.340910593849133,2549.978112302908,44.320657228245935,89.08394329509949,1.069999714835993,6,CRITICAL
270.21055920337756,17.63901115317994,98.64361975973425,47.170960151892785,172.65397754424004,7.319902898908337,81.58857170048063,4.381375713695668,7,CRITICAL
126.51627806203662,50.05206315418212,95.11972453076149,22.616998301176324,3490.964887507655,28.34118195463653,92.78147692809634,1.3140537180546374,9,CRITICAL
83.04833917051548,45.72861195863551,27.739543494128696,6.022049705703236,3060.5965725346327,18.97308143903645,52.600196091861676,9.876991927610826,2,MODERATE
177.70509857800866,14.787071835761996,88.78269159106847,38.02674237259503,1075.8359290131575,38.73929971257143,36.17082509766094,3.3303842339867327,7,CRITICAL
273.7090036850073,4.766967788251497,73.40442727705162,52.8078812060185,938.0687441786337,19.448909409371453,34.07071195928951,5.853305418900621,0,CRITICAL
63.198656701699974,48.34874557718169,50.84619074262204,53.26521056483918,1365.9717332643506,15.419503162293964,89.64929037335705,7.793930542442218,5,CRITICAL
186.88997506904482,61.09538154802564,58.65498948922561,57.45980848853839,1278.7760303348284,39.30212508399653,81.13054060475838,9.206160842256455,1,CRITICAL
189.46806602775615,41.87210967376066,86.46401574842123,52.06232758600128,1334.5654734295647,19.98612366613044,78.90307142077846,7.5554772584136,6,CRITICAL
219.9339067245843,18.141810025571658,53.212144567453585,0.12845516072851337,1148.0540841122074,5.673332794422459,53.777343698196816,6.745037787662376,2,HIGH
39.47030553817794,53.32175813544279,43.58866321946142,22.814469984803413,2192.9102536267433,20.61156403357335,56.593363203275835,4.659817820381513,9,MODERATE
214.74748940462658,6.40845812876818,54.392274372338726,49.11255479433018,616.7096398361526,31.180890760437677,97.06794702295234,6.05400133750524,4,CRITICAL
272.7097561996923,35.34669638415637,62.12168236315442,21.975180359908453,2968.6354589387456,15.174381552255273,34.46633208685545,0.9416380885282982,9,CRITICAL
53.90493266107259,13.069340671873615,27.016988840051397,36.09291038278237,2852.788569908038,22.27950369700629,84.16122158564548,8.839225419612625,1,HIGH
71.2629974771633,14.756724084790669,91.08169572402916,36.37901684247192,1693.867067100683,7.268605531289021,51.67433265958752,5.437773088398854,0,HIGH
291.4185282124919,16.18351593265629,70.67682539466524,21.901518242329384,2991.918380210989,28.523711660558288,32.733823288878924,0.401350504349427,4,CRITICAL
54.29308581284693,30.936564563518232,66.99420256037399,54.26843563687726,902.6504916045119,35.25179695441575,81.97990775197192,9.199021256598975,8,CRITICAL
256.3155280108737,4.09201644963181,18.954660356257435,30.193700723167055,110.60082217868597,21.532502456044412,53.16383199748622,4.893019738368687,8,CRITICAL
147.68335693441043,31.823475274327855,64.37565443553326,27.88705235625005,2186.2673413528896,21.809305312058402,80.55032631199576,8.685891415610017,6,CRITICAL
74.16932232095311,40.936595769176066,20.88645960146431,59.85082473971375,1629.787454028268,8.531299943396657,79.53580681826841,8.568879542053569,8,CRITICAL
261.2249703817534,38.663542797306015,17.082790767585916,29.610021844357,2006.7176847207538,13.077634580479302,67.43508128031806,8.157515874571148,3,CRITICAL
133.59157650079965,30.622728032243245,57.4579806078154,10.703895115714863,3152.7209611134904,11.187012125116507,84.41611904473842,0.6140301929535608,2,HIGH
154.44520617890706,67.1317286456602,46.25069806418455,30.78416537180628,3396.2432288025047,24.267510746461518,70.67268269198703,2.470666454242089,3,CRITICAL
107.77001081992971,11.626135393640329,62.99292431406009,48.8410041311958,2238.8633321568304,26.170221638030004,50.06457969937824,8.755478724654308,6,CRITICAL
177.88525543047822,40.455739502509914,18.029995125151473,46.611619613896885,2685.9917849909125,42.9576052513704,81.38807107450933,8.989910560520938,7,CRITICAL
49.05716177550683,4.963313356524344,48.788475656253254,47.31490590650826,339.1390955307167,7.929260171089356,71.23978711144065,4.580688623688061,1,HIGH
117.32446099552821,5.69245431023278,25.73080435406422,42.4814270398747,604.4687678756943,28.994718926201884,30.890909718294438,4.400414676542023,4,HIGH
290.82369670058625,45.909267974167705,98.83900773317049,15.253069744001293,2579.5565770877693,26.059941093129652,93.11509244392165,1.7514063388614975,4,CRITICAL
77.44002981033826,45.28147399102568,60.503519119165695,51.725045150413884,1538.2108245386066,25.649323917433165,68.19505328270193,9.684107886911512,8,CRITICAL
197.02099936238767,70.24268102755656,71.86931748467805,53.606607922575904,1588.5801828951996,39.926371495313056,90.80390858356722,2.1313847535904316,2,CRITICAL
97.55701926740846,44.62989405280585,39.287645261434704,11.649161797112944,1114.6965016422564,13.221538827819458,91.79157872875712,1.9093678435076555,5,HIGH
232.0419377059802,76.78328163238801,18.52650233014097,7.827338193083635,2145.379522998216,6.630930973654858,61.14766597145619,6.607289701491743,9,CRITICAL
39.26209821550495,3.8955878719943815,97.82837765051829,58.536298115346725,688.819406685899,31.890860305367703,65.53619975158617,2.428443030004477,4,CRITICAL
290.9463135235634,7.840614782459285,35.76331318448649,52.09943781902207,2212.8611636329397,18.806298565439207,59.10280713729213,9.387716110143899,1,CRITICAL
136.13686241509177,3.5252689256305114,48.142736665621676,53.5941688325968,649.606057116577,5.703596648500984,61.46057427156319,0.10906995317794821,1,CRITICAL
70.81513900393918,14.822148026683202,68.48775295323175,53.18258307746371,270.1998197485119,15.054960291616553,92.66030112802095,0.057532623233013114,3,HIGH
22.049024199003796,43.301608875334246,12.222756791750015,32.5012094420237,1189.7340260117605,17.373070968672476,85.17008097775377,5.048768014355995,3,MODERATE
50.92737152626222,51.645774514194244,82.92332174655583,38.78410419994798,847.4341799339745,29.67353507136968,38.85679734209046,4.88062459913472,6,CRITICAL
155.9321845668053,3.646812635893504,58.292037102575826,32.7217711280185,3117.0211530193465,11.903431761970884,72.72154470780671,1.6336402190091048,0,MODERATE
101.10095292938588,75.67767118764795,35.03954683619399,3.072380951419744,239.58941584676177,21.52217391813592,99.71346482704396,4.9451956297028445,5,HIGH
248.66500976478284,67.37323013203049,15.544718676322233,44.73018512116636,659.3172393807238,24.2990177767133,71.68854908627401,4.116611051699865,8,CRITICAL
129.2662570985418,23.72899857256745,24.62485739269973,30.31992200015282,1943.0826392615206,23.369495654563636,85.01101379151739,8.903295253423687,1,HIGH
74.61428177628898,6.175002418117437,90.55304729680932,38.862544487413786,1709.681808423784,43.95763066667127,83.83430313668197,0.09253920216963474,4,MODERATE
185.143495981209,13.590965857524582,71.7421801542302,30.158388298532117,208.1894633927203,6.820169511611844,54.522226811063,9.762698050329522,9,CRITICAL
212.03316506563374,10.155553100397814,32.491154947320084,29.508679339347356,75.02087665224843,43.03872745809598,56.029451189277125,6.2439276429584245,9,CRITICAL
50.11257237028496,9.862702343915748,15.904068845052658,10.30734656866601,3458.834399765967,28.27748855976133,80.68534952532823,1.5184344564527563,3,LOW
50.2857648864953,41.48493509325871,72.15537811479726,16.722822908468938,2322.979716237992,36.82910859879353,64.99884721233846,0.46760013811166234,3,MODERATE
11.001428080062892,19.667795399472023,61.51669533709886,9.531161516637347,1310.651151610371,22.215704720643018,69.93994963912715,5.381056585592319,7,MODERATE
220.92060451969215,28.651177322331556,46.40675720124115,11.739977737520546,1672.9912544381825,23.153515250279217,79.90340532553863,2.348901659718201,5,CRITICAL
199.14135828654153,79.16042667074579,42.72503042710574,58.37864282521829,969.59791556729,40.17305996063294,84.43025189273351,3.0116553700125923,6,CRITICAL
142.38926272494416,54.74513991402758,29.513284833619746,9.186806746331905,1239.8145537415737,40.83737985167608,49.006160441315,2.451321648345136,8,HIGH
253.25113469075913,75.91845336376011,70.26501308837658,16.15622545831246,2289.2034120753383,14.547555257251904,40.2755631605874,6.501723135725108,2,CRITICAL
241.70104588501596,11.404524402649248,97.36012250144834,35.4353794643151,3095.700706092429,12.969675143384727,50.42562527066077,5.535289621161335,1,CRITICAL
175.60630931902566,30.57115798660554,25.81437212531433,36.61071457419851,685.2485796300878,24.84940695479804,65.52768275644529,0.779744235218115,2,HIGH
260.4813841539776,44.37854426258834,63.740495801395305,9.238447784629745,2949.2471935793496,41.01108108510766,53.94989221079274,5.265265331751754,7,CRITICAL
61.752363011030475,6.140644951099041,48.17665501713786,47.62304554711274,469.3703718380283,17.89420373624705,69.78539311933156,7.911897655632999,8,CRITICAL
33.575885819318366,0.3349954902366292,50.20198495701984,47.112172074769504,791.7231713799497,31.08058461356525,33.74260068879399,0.8119459082032432,9,MODERATE
80.92488345509689,53.6347467037534,32.87325521150329,14.239062252233465,178.25474377127864,33.326067509624046,65.68252881296371,8.8973897623042,4,HIGH
17.126056826794457,51.34556134411483,84.26213880952771,17.319978160527626,535.8009242208482,36.146986595766236,55.758943485639556,5.783066494477291,7,MODERATE
159.3508584003096,32.86310479996894,53.6730043732517,56.279271927569816,3214.6958518509746,27.55697831683853,67.42667284250177,9.506244692703167,6,CRITICAL
280.9817076884884,39.17152608256261,58.906526697843766,49.54028675876869,1635.063675833406,21.098207131158784,59.57733484194837,1.4814121772237565,8,CRITICAL
11.803062200552894,33.23544004736717,37.42848215175932,41.867821983751426,317.94722313531975,43.68063955195892,49.89580954462797,9.935649993533152,3,HIGH
36.63297420300804,1.9204035875911085,26.362761910025476,4.933993290636032,3361.0575912344166,29.453230132114108,93.2875533820345,6.442728659696768,9,MODERATE
135.6597084850306,26.829728497396992,17.731934938253843,25.095844854154542,3082.5234617673427,34.14260846533083,42.93354918949498,5.674941994810628,2,HIGH
280.1625052583715,14.166580431783187,74.27072268324243,33.558112324609624,2653.6546969950873,18.799313827835135,77.69559029063917,5.152796241120853,8,CRITICAL
94.84683149302515,7.873935128109499,27.661085351907005,11.244677279026616,3270.4811322190744,31.797967240123203,94.72512988076899,0.23654373098312753,7,MODERATE
152.17044260651772,76.53763471114799,72.10678187699179,26.89359492649347,809.4465018833863,15.311906486565036,67.70689717798032,9.39639191549578,6,CRITICAL
12.471857715117629,47.94877800337325,45.13388014422585,36.0615526493214,2935.474060884798,14.803876701145446,91.34859420056375,6.439944728541983,0,HIGH
44.50296028862666,58.29250273892821,47.41973208906863,19.64260080692395,2430.469627422356,33.58888807237705,38.739603490329905,0.9162648449929123,1,LOW
295.9890368876541,25.2290994612894,52.22597464834946,46.85668913702923,3050.669411008525,25.855789450517403,64.56521391794857,0.20952170294524897,8,CRITICAL
289.5356089308137,31.451770359521216,43.09376573147889,50.426974898328325,2799.3449018120727,32.331064416895586,61.991769633665754,0.5078363923675133,4,CRITICAL
1.4819942803228847,18.95391951173788,19.05579795003311,19.416568166044247,1245.407967960046,15.777539629923666,30.56831649258964,6.093957634322407,0,LOW
285.5435356269717,7.7572536772339795,37.86686290025612,50.31942926954743,2721.6749527095317,28.948933642269218,61.028013895153414,6.140154148945852,8,CRITICAL
191.7359813446501,14.322530995326703,69.73609246245445,6.214593966180901,955.4742452978716,22.757345988124502,55.83208294678185,4.996672917814411,0,HIGH
260.37548835600666,63.801123623718865,69.92059613219838,50.26374591735938,1183.6429624467892,28.878411473821117,76.88591094422307,3.0676582065295155,7,CRITICAL
136.42195669015774,54.20366441470207,35.760187651599495,9.165025900056996,422.2747244192677,16.635189289768775,95.6830845003563,5.317427316146413,4,MODERATE
154.6788085737751,43.75431007883815,51.409236390191914,4.975629150583563,3276.014325132617,33.61803854596495,36.00537617834256,5.163018208762579,5,HIGH
146.65397407707604,38.00718982934144,27.410250521074374,38.50652426646067,1053.9616037309713,37.23717464637862,52.92334707002362,0.19415559876565625,0,HIGH
200.0592772638313,73.79474269248996,28.93348733768522,28.31624194531766,1846.1475048415089,15.396658954308947,61.084531617597634,2.8246923032749804,1,HIGH
41.89537642689387,5.818795822293472,12.074237956594667,54.47343602476997,1400.0982858083646,17.024822394225684,61.862976462406834,0.5318534146714948,6,HIGH
8.992076961803386,22.448065059033276,90.70718949169701,21.79135176545095,3361.7520160130803,31.44617078876372,84.23668045895776,9.001547514476554,1,MODERATE
92.37898247735727,27.995028285657124,28.96359985674156,17.22913580625772,1205.9196397377643,32.82340697214177,61.03769660834085,7.252231627851354,4,CRITICAL
211.404228820994,62.594064977023024,30.478048924281698,30.0440943686519,2735.983083908277,33.163987375898,31.901291101755735,9.961151701929122,8,CRITICAL
60.55603563688451,79.4011696129577,35.164128938061864,27.356771146119677,3001.185733477571,32.307940191033474,79.70728662149818,3.0217126330528785,4,HIGH
202.0297299974752,19.253641180572245,21.46672645258861,20.665682773031296,1552.8424163093325,20.71230867810155,91.93807866019702,8.784858477569102,2,CRITICAL
290.9736138321811,69.94458673096645,67.53365948632265,41.62447792189971,1354.6927598626128,20.794146976147132,65.9733298784771,6.030542679324817,5,CRITICAL
28.170214736825518,66.4498208345433,16.76286578598279,45.5737100348345,2629.7230822175666,15.192704945775258,70.67759651889537,4.531254069036049,6,CRITICAL
201.78063546753788,17.97259181134133,22.078218369371523,51.1790381418082,3199.4911320565075,11.273347995854518,41.40555072783323,2.225731112886351,9,CRITICAL
133.12506579137136,31.946606415937808,68.02810539310835,58.37139628262057,2654.514479099222,32.70309517587623,45.44521612752699,7.383921652861428,9,CRITICAL
260.4426763132516,32.77382954340153,40.56945584332985,15.999371527950268,833.5859612919363,8.727551438892514,46.46191673872282,9.041407489043,7,CRITICAL
53.14493683421577,78.25765348212467,73.71530440310701,42.96560894939769,3114.6617286600836,42.511691471471266,60.15193824169067,2.3530839807537074,2,HIGH
207.78778566784936,14.471352110311866,60.168227020312784,23.655494129744714,1387.156752657074,38.06745214685805,94.97016546269495,1.7539033497361256,3,CRITICAL
251.43458689443307,63.93263768838256,33.04190557553618,40.62491831706649,2037.9914706338734,39.300229598290244,66.52493367004203,6.96221915004867,9,CRITICAL
283.38426584220696,26.73541713384879,68.57451554403953,28.55890142095322,2918.452886559853,41.26675258460761,43.446835164094686,9.769731627255192,3,CRITICAL
204.97440848689374,58.46962766209283,20.46463122635926,59.626386166075896,699.9619475316981,21.344198828929603,48.62614151082647,7.49955101104078,1,CRITICAL
149.1524292025282,33.60088034365303,58.27693447720274,43.73412814744499,2756.5599680875584,38.86802893401604,56.8810520809029,2.845807390476489,6,CRITICAL
185.35417206036416,46.2687810493232,49.34332945405312,57.14947802605947,2106.761652791837,11.322452011665973,73.62812829849597,4.199554241477856,3,CRITICAL
260.67149534361545,66.60894186609049,34.108622453569666,50.09817296887115,3132.028664305248,5.865671784329427,60.80232071028038,3.843176354583717,3,CRITICAL
171.1829239916489,64.33324519871073,64.360449796555,54.174060669802266,643.2978863602232,36.395655786554,57.471139092384746,8.520950180470454,7,CRITICAL
9.116117909051058,69.31385468317602,88.42002331062542,48.86515183288049,1501.353717791203,7.991865919877572,69.53100202792963,7.713707788722238,5,HIGH
279.2846086520933,4.769386027572722,99.9014229786769,27.549547822554683,2923.308670390589,44.540986693036864,46.92844964681258,5.8897543476152014,5,CRITICAL
206.85802530946833,55.364044243179585,64.6986491869082,15.107307200813063,116.3493769258226,31.991857184062237,35.52322908092076,2.749591103969032,8,CRITICAL
202.95401573317395,11.19899013774103,46.423528689625314,22.219210527031333,437.09471534146786,35.13798840968422,31.70900203755555,9.379885277220563,3,CRITICAL
64.70254571931515,33.265485441472876,30.268639019458146,1.2141739583970268,3467.4499840107346,14.832154251114638,47.5881414426989,6.533152247691466,8,MODERATE
197.66564106979715,43.88707320437508,33.13864804556006,31.43959004788003,1017.3599161367093,31.954615756787526,36.41144239011281,9.704766464417824,0,CRITICAL
118.15932169624755,32.21915877974646,53.15094803347891,30.30346801622452,3415.6240183476393,6.728797490198288,53.543844696453675,5.801170330420308,8,HIGH
195.3698931124476,41.5689340642406,43.054993115263834,31.51502788982929,679.733850979925,38.513028796944035,84.10534782518289,8.21192758363614,0,CRITICAL
31.977909092397216,79.72210470388953,92.24330703624499,58.44187349832383,1295.7758283753078,11.784963721262898,80.14060313407867,8.131053793945268,6,CRITICAL
197.3535913809108,10.817385097028378,43.14659208901386,54.68724020729036,2647.3995835373184,32.89432267335082,72.76493359516202,3.3732877683359206,5,CRITICAL
299.8241177312,54.03648362691405,43.610013203089196,9.70276669980648,2319.3355049717156,13.979220049309134,89.67501707156352,9.640207229572281,6,CRITICAL
14.463611658166808,31.680077310849217,44.518106119057926,22.13295129335335,2054.872279755242,7.7381267770417095,49.74473371809937,0.2194146759756399,8,MODERATE
293.1522552663952,10.640783912586302,85.29581893308922,25.437370767795716,1878.152156527276,24.259747141975772,91.9537627120976,7.687109087674142,9,CRITICAL
122.07238821686119,12.698941069944762,68.57094887622117,21.631975071098864,2959.8695306433538,11.771448410911578,57.94674187684254,9.655570857640438,3,HIGH
261.22603510117773,75.94184849964935,65.27519652870035,47.90975781623479,860.5725417752049,34.17775953306199,58.06253227866386,3.389082032837228,8,CRITICAL
234.71564521748203,70.36811973694097,40.0728720145476,31.442260192055215,1576.5246981276387,14.502633735339394,58.37461295378651,6.4811058779097195,2,CRITICAL
170.10487829600035,72.56335683320175,83.61137591491955,34.325989018297506,586.3104079397776,18.698902249433154,36.8666056368687,5.622232498442106,9,CRITICAL
221.53476277539795,79.32262206619092,13.452747522013102,51.18081353927553,2105.9985052709303,27.697570050578918,98.2843348831739,7.6150730967652365,8,CRITICAL
263.55466839040434,16.665231200681436,88.37174551043019,48.35568920492152,914.3782637360546,16.398731103092462,39.69547444776114,8.661779216450524,0,CRITICAL
121.2420964953099,28.435146989124938,56.147490981453664,7.932691369217981,1201.755121984681,20.119524648398468,53.862000712842914,6.03044569299548,4,HIGH
98.10994846897161,53.537522393989335,45.84252113770715,42.83487504501806,1675.814972351172,37.62487084161547,52.351022422873,8.159045863814569,9,CRITICAL
200.27801566907542,38.70420318885178,54.74505526459171,26.12616773412213,142.35852067579106,12.168393982441028,35.227560297169674,3.122855758892552,4,CRITICAL
242.35378258237756,33.47116267026668,70.0673977480448,17.678934183750027,367.1858789268899,8.288063579277347,40.65820910783137,2.285870587048169,0,CRITICAL
228.68554043298474,28.624899946847442,11.148888386610762,3.0011292541311807,2416.4558114433576,18.134311405320773,33.14008353297701,4.306676895328402,0,HIGH
239.34409465759035,47.50245055547617,88.43966708124229,29.234973620727057,1529.9464334754,21.975070680555127,50.46831454923594,6.777365995807832,2,CRITICAL
130.6749944438799,46.04747429120656,50.20655727802536,21.326200843471884,3033.5262658996394,26.70637128546271,90.66598468202346,1.8724694893872362,8,HIGH
245.35026485250648,12.916626725139206,40.866986773007035,15.090782380584049,2446.618412572488,19.89694784700028,53.760954401616914,6.803521921518914,6,CRITICAL
36.06271661118253,37.73918700147512,22.44210090706514,41.68030377581745,77.94824868326243,36.596468008912204,38.658428244716546,3.9409364857206732,5,HIGH
163.34672938825486,44.27774209678799,49.55188369225979,46.16912323893522,2177.657541146615,6.5727795067389305,75.19857078687426,7.95575273892632,8,CRITICAL
1.7275981494364712,45.62295509851124,54.669049415594095,14.687371141765489,373.35078790602165,22.270701527942318,99.76206384384373,0.36835817103303303,3,LOW
97.37574897008109,16.808575432988142,46.328202504413,2.9668462007608354,2744.2194702772053,20.290236586256185,46.26266526723493,6.679826378293945,3,MODERATE
109.93846046141937,59.38171138018294,71.07940844442074,50.9251620339141,3470.701524560832,30.90313963227436,49.56997037593986,6.498223366499677,2,CRITICAL
118.85180748277662,2.0159275856855707,47.88068758833034,0.5975844722581991,1882.6358401332147,43.65105007589584,98.02929379965519,9.409354761253145,4,MODERATE
208.64016200695866,28.386548443453012,96.5275820061916,56.22674963528832,2405.58927566975,25.415016265154485,42.5143401285341,7.1336755356407044,4,CRITICAL
116.56743038110372,62.41701188285069,63.934976604123264,37.657192438962355,868.7338550868928,44.47507387766882,65.78498472214147,7.963018964232812,9,CRITICAL
134.6080867867592,45.111433684432185,82.6730142086718,19.31079811207922,1559.7122159505877,17.0899757965279,46.77564931112664,9.045910158531683,6,CRITICAL
71.26323926229824,20.892994600868818,19.842031279853096,14.788674574604173,3003.5288962155237,6.2347253016984405,95.26463285308706,6.750519182919879,6,MODERATE
111.97553748880202,55.59624954744382,45.756216365131515,0.5403398558685146,627.6091697245666,11.626526699056509,98.70647102034059,2.9015363495997457,5,HIGH
68.18088817894544,45.39127553248587,40.31629313024374,14.12828502065263,966.0978393674793,20.804995390982693,87.02884922840107,8.69773799583522,3,HIGH
21.958777130533093,63.69948875651097,61.25341493229326,8.263698091028466,1586.7461797368042,17.653356367542088,52.03486710689674,7.475781194759751,6,HIGH
181.03457801441337,58.80201489518587,87.50021680552831,36.72997324338874,2507.258676861848,8.882165239335107,58.24412326963535,4.244376040008935,1,CRITICAL
200.46383956650487,48.80863376289877,17.0504395985806,9.992735315628078,1346.7996440450747,22.306404307628675,46.9613978566495,7.105291726499621,8,CRITICAL
185.84710380288436,39.05421402486512,16.53173182402397,31.717790252197158,3250.676365251363,18.52463086638251,92.3530576906294,8.67688877181142,6,CRITICAL
139.0482131401717,10.654570053401873,86.5285937341839,35.40698534066825,375.87682687708116,9.904768818297537,94.01907943817106,9.756521313912716,1,CRITICAL
113.93573405376894,20.906641430830703,29.156507743452167,17.882501900814873,1329.274481529724,16.844685224476358,59.320946357223306,9.523515039590553,9,HIGH
259.00009487154756,33.52795783336682,70.18779290048323,2.1038969411231223,2495.8917258280558,40.45744221421562,75.95731489321014,3.253278267641415,1,HIGH
155.72453554086542,47.943942960511094,58.85903191247247,2.235232836851766,829.6543415321489,17.081954619573608,41.58872258422857,4.216937137181818,5,HIGH
143.7545632889193,41.09662841722439,84.96042353985065,1.5808399316350563,2314.625313092372,33.55821692968206,60.44551302543863,1.0953660497737128,6,MODERATE
7.692619741930706,23.05476207676236,21.258001885276318,44.34748002819278,616.5485058843435,29.481883186310224,74.20493746714483,2.47544287018046,8,MODERATE
102.3743482878469,0.5171486231768441,21.680466915035016,19.080582288857887,243.13198277281802,22.08724649633487,56.97821829626137,8.824212084869503,3,MODERATE
114.05868563575712,39.69913775206511,60.11365242504768,47.77801115805982,467.50422278283855,14.561025472146767,55.031966798052196,3.6084992627935897,7,CRITICAL
119.64683426907014,22.85007908497945,95.17407880225338,25.90396943057095,3258.4475018127646,19.76058797383782,30.069929458685987,6.20552658594881,9,CRITICAL
174.05171076819968,58.76866405684281,47.34979825336788,27.17988604979783,1953.540546141452,28.684288538841713,86.30054246439798,6.659656183070332,1,CRITICAL
160.08076401806355,1.9157012216386793,39.424789022922546,30.772956150574423,2797.392925404789,19.030128589974197,92.25363284150137,7.81829275143312,5,CRITICAL
182.3715278380334,46.78622490446327,64.60203908780971,42.781887382506234,1197.6580281224267,13.595857342969273,97.86244706820825,1.8280003024563096,3,CRITICAL
229.46497846263847,75.31793900048524,93.7403740490528,16.410171949782423,2094.672335204791,9.658509955665284,80.34899695484509,3.0481313461443547,7,CRITICAL
243.89572161482803,13.95274136891996,85.32350495601614,7.295240972011614,1757.584861282221,40.190677516382614,68.41546186589193,4.483363414581806,8,CRITICAL
215.4369228679483,37.73195926004763,99.59352496598979,33.36344011148769,3312.795959937914,22.612519030076225,48.84991638660966,3.6484106123827353,1,CRITICAL
286.6571087864804,7.313759345371054,12.031172488213938,19.618657394564355,2629.1324943866807,30.0083328697172,99.95096331744489,9.829052328596898,6,CRITICAL
5.469774802908489,50.05455298090821,20.157233024148603,26.549478820082243,2570.372078663198,24.61641444547221,71.28269981724739,8.349408032137124,6,MODERATE
58.73339570506383,44.042534447698046,64.85209870299599,38.816802500238325,209.91877954826438,39.90266073431854,77.68078506313124,4.796867546204861,7,HIGH
2.268862493442636,32.589241937026586,83.85187954004647,29.647544468476237,1946.3603580627341,26.877394097928434,77.76843133687224,8.792686260864679,4,CRITICAL
194.2424142463809,41.7101617178993,35.67199080760899,37.21672902605057,1661.1205159612612,24.231256717964534,89.1676257030027,3.476529475832968,2,CRITICAL
269.4091646849961,71.72597267752082,31.52899792307969,32.65200012681767,3251.055819791371,41.98403961686851,30.677077719284345,7.858283238902645,0,CRITICAL
73.04468897288979,15.703544184885363,80.82782194430808,44.387782316165946,937.8298592538863,33.78758384181418,45.41728583019603,2.2367559810645368,3,HIGH
278.110363438892,1.8051609364277788,15.074366846790841,42.3561970626972,980.9254138542753,9.461996293874293,76.58738001190098,7.723220452263659,2,CRITICAL
18.080217086868256,68.93319077592808,43.24443828243266,32.05139350851715,1469.1445586411764,12.108178447872561,92.66020157771975,4.564534031957283,1,MODERATE
280.3308080416543,46.16936659103252,55.522830033309674,40.73418125158241,889.6255112519973,36.48491451757768,77.97371473449493,1.0749932099224235,5,CRITICAL
105.48680617189032,71.2526764369474,60.43138069152911,52.41357613635677,495.68451644018575,38.434052847198174,58.94439040455761,2.732624545555823,6,CRITICAL
30.426248534764955,47.75561787305381,75.57536411134991,25.936277267290116,3008.081220945263,26.80763316361186,55.308884710918306,4.022746240235646,9,HIGH
145.7615277558977,64.8128871967762,41.93611510875924,24.76578436492762,1976.0540091935097,27.17820911466557,81.65636057983244,7.492929116644371,6,CRITICAL
77.03297031615239,34.373869068411835,65.14159102071466,45.85473725114281,3021.7013804001554,30.277318514057782,81.88663879960353,0.7298271473095086,7,HIGH
85.46187058857684,59.9887945030615,62.68378805118607,34.95323022251964,2917.414940642751,22.56463097130558,72.49405947539833,6.595469950926396,1,HIGH
92.18698947788597,73.04331735118848,59.28544905883724,4.2604068133553135,1023.0461240243653,32.20796493935616,50.4026916868136,7.160136409328436,9,HIGH
240.90776934979903,45.7698370977765,67.6434963827991,53.52672094146488,1939.6941829187451,9.339250302656627,94.76083728733805,6.539213699257514,5,CRITICAL
161.74838300257633,14.462812044990363,33.350425396126866,1.8469861342584082,337.1010744532431,43.45116969469545,68.63159594830474,7.606696381675556,5,CRITICAL
93.39230974680109,21.50380920241585,17.618387822616608,44.90378137258459,3207.6189999061166,35.00619295179687,85.33446493738313,1.7816861602283829,9,HIGH
183.1001349932755,15.891566151792462,20.734450483576907,45.527648562258776,1444.7063669747781,30.246968160360275,45.00157835132821,5.871033550630374,0,HIGH
214.84520226695807,19.748562207658633,30.212414438851095,57.186665116915826,1408.1828344171238,17.652882280379227,54.08285520303095,9.411449472038798,1,CRITICAL
81.78720022006013,24.513235948082908,55.01781419705067,3.2480645041392453,1094.5060286319385,11.438219498269167,91.22056614711397,6.107842698045377,8,HIGH
124.06473045760545,44.41070294025508,85.6398475491418,35.811411647069455,1639.2899192519283,21.373718553157786,33.50749209579779,6.1133634695295305,7,HIGH
36.56582800108426,47.03933035710662,73.11640078795457,25.670434237623176,918.5698835817958,31.463069622962337,65.86207178796634,7.36439642113269,3,HIGH
54.344804860404096,34.11997977934889,81.01365437818424,19.83797729157252,1343.2403411489756,30.34838973692444,63.71938358908063,3.3320423212585903,5,MODERATE
204.33535618949483,49.23366238566683,41.587806153348225,5.419113617944382,2809.8173176178425,20.30564620262286,82.58611322356575,7.004759013215406,1,CRITICAL
54.43150430868808,6.525994048909274,46.418836748369515,33.75924718027855,2928.181487368843,29.53145575332519,49.73256394195327,9.162338333132151,4,HIGH
157.54901510011805,7.023058964652797,45.43136973915515,28.74244354047682,1099.4295478183806,37.5499318227019,45.33467753017196,0.10895473025342994,1,MODERATE
212.7138785167298,13.746356828612676,27.268586596405136,6.273267489061456,1668.0997854071184,6.051390893504283,94.82929871412637,8.701130411088654,4,CRITICAL
32.06307692842315,41.44619984322758,15.509499232921481,36.749370425825006,3064.6782281661804,23.024841917211027,70.01967563709253,2.186183312588591,6,MODERATE
170.19366588867106,17.119574295865085,63.182448354450415,44.277187215176305,231.7229948124551,35.34220913867164,37.328269779855816,4.559232737003752,6,CRITICAL
76.96883511040913,22.662752279406185,99.02950150785274,46.03669806321889,3117.5501188854596,26.845778818535088,43.51253135500247,8.523478009526379,8,CRITICAL
288.8780625712739,32.025026893839524,25.014673445523655,54.322391295745646,806.1859925005443,31.0590435171628,99.91782416599739,8.23912127456629,2,CRITICAL
145.0636940159774,64.94928992083038,14.201633790934638,24.568244513326633,2390.960392539597,25.66705570421368,43.69262973765347,8.919274781260558,3,HIGH
241.79776493254744,1.1089708730288095,80.15785136415397,57.18436611732822,2059.803352526871,44.67498178729244,72.7332857947575,9.404167926325261,8,CRITICAL
165.06796264687853,51.95030561892979,32.73274060162518,51.92576430496116,1957.6455812529198,7.184861459561529,59.40896552969327,4.4715695677175855,7,CRITICAL
13.02375985644575,53.510122483254825,84.66794248176355,17.79009426143634,3014.7927753972335,24.64179287089509,91.99193663948847,6.563638108010069,6,MODERATE
189.9454126782067,63.89246242853092,73.35430003310638,9.556982240967509,400.42389557408137,8.656661964580707,82.86180146067295,3.9047844052610667,7,CRITICAL
285.4210026619971,74.62023512482506,95.11061833457241,26.123363767680804,1247.2466873734443,11.391422484542817,71.78659773832712,3.5071671749216584,8,CRITICAL
180.48354604389937,1.6110279159431862,46.80345121810048,24.113922477357995,1906.9719748894413,20.321534016730475,30.751728725858776,4.315954105976695,3,HIGH
245.75665782803705,12.302696441057295,69.57728555055706,34.543158319872255,2848.946546113837,11.221603660019493,91.58566452454218,7.43076134782676,4,CRITICAL
265.26193900452233,70.89370352447945,51.83693027319436,35.00317393966488,796.7286377702667,43.547486638266044,61.12672295871014,5.014407471415528,8,CRITICAL
68.42393158467974,36.68148497496123,66.7529827577689,44.99921906279852,2820.107952741253,42.871591069006364,95.21043571130036,8.140596744483421,6,CRITICAL
63.61345197246799,45.16725111467708,50.46390154069636,30.59339689233661,1428.7527646040783,18.44438584882415,64.68773089979408,7.452184771961559,3,CRITICAL
183.29429665529753,53.04217629785179,26.976902178166736,6.289358456445933,701.7528046962492,30.58990848150718,78.59571424279079,0.20478461124399328,5,CRITICAL
123.30854094201142,54.32532835965099,55.71076744030428,51.497480133186365,2668.503219530015,26.350132823751444,34.85048546266495,6.302381571061616,0,CRITICAL
251.9583908600161,74.53923226532066,57.57257812936981,18.585874991111226,363.60121008719,37.62347922063074,82.16061574687501,4.365711233085911,0,CRITICAL
270.0069370194033,79.75595339293358,82.9543463434145,58.27784761839552,1825.9474405602782,30.097824392677687,53.659722191834604,4.566289891511416,8,CRITICAL
106.02641379081544,57.612596874475216,76.1968635214223,7.071606520786209,270.371454323515,5.010098179622484,54.59513100322466,8.183730538698947,7,CRITICAL
71.06116769234461,22.977696736412064,69.74124615472996,57.495070333950196,1279.6416002943672,35.526975424389555,38.305909129657294,5.476079860846768,0,CRITICAL
234.15765457315854,70.38019218354749,20.20483859973153,5.460708412951019,2123.7149565720547,34.87392485184472,40.28000040481416,8.856218234589472,1,CRITICAL
82.44181066444082,3.9376731632609285,74.85546615973435,13.862168276823567,1968.5986181308851,25.38890822265924,43.00313393443471,7.128055923916904,3,MODERATE
246.78429555410352,18.486468229959698,55.02746407190633,2.7947965251924956,1446.0611917710994,41.11675892932215,52.974431799999564,5.528400087640528,0,HIGH
127.12147609462885,71.79085739709718,90.46895824955433,42.306788798339696,1530.215579203799,41.337848227616064,92.43789389429239,7.545379761511038,1,CRITICAL
200.26496978744115,20.495321155148396,92.78838407174885,51.017924194307504,832.3549590601446,25.95646706817589,55.77821667610563,0.383490509254073,4,CRITICAL
28.660594150400453,17.65208476973988,14.964093154160691,26.044264908958827,1622.794930063155,29.319529247861507,80.70538945942529,0.27083654828207737,7,MODERATE
187.1577974029719,11.05002345121978,83.8577404319031,55.71132450254578,3338.729252236878,44.86088287698689,35.792325272290995,0.8334932692085206,5,CRITICAL
135.53030362116874,68.72894061175332,13.392765138040357,35.41794430533598,2984.062566354077,16.9528093924567,71.37691594903949,4.375653251471427,5,HIGH
175.98253895264224,40.00466073528693,43.04526631255204,37.800428126791395,551.0533983133862,17.984689692459096,63.73238618893077,2.354501456269431,3,HIGH
50.40426232345902,53.99145624433238,58.80699780589712,50.725152102046195,152.7437162571772,12.310956106539855,98.45705628681532,9.842612944157846,1,CRITICAL
221.06212348325462,19.125310726002375,23.329071876441468,17.808012303110335,3270.6588788723757,40.83467756631472,89.23454389152741,5.422901390113669,2,HIGH
258.83912326296854,60.64323368089732,77.16824313121691,21.255943279657547,1867.2866370885793,34.77953559797065,61.83808407070548,6.624157460811585,5,CRITICAL
65.02194002723269,60.80044359696788,10.75192337549247,54.35711515167866,1905.5404898651116,9.225713954809676,84.25999348317372,2.7882013624669666,5,CRITICAL
28.71436665604852,25.007841992664012,25.173914359063318,54.05780976232583,2743.477085187502,44.270694047918624,43.512711890564425,3.2179690858760877,4,MODERATE
7.091575813900919,32.85461064082263,62.271714686812814,58.58896657205225,1135.6769598560766,34.23846832644465,69.36354291742447,3.354619141411559,5,HIGH
192.59145013297982,16.775222194416067,74.29488058335632,54.11029898650027,1712.5811124842076,39.02088438419898,35.223333889809574,6.987357051503006,5,CRITICAL
182.12821082663422,78.12488186583235,92.49787924245246,7.642322162001653,3391.887050356245,6.926031566928037,54.36623225761782,4.737062076893085,0,HIGH
164.009223814221,51.64820616467293,73.49469867411614,49.423457168219244,2368.9129699168047,25.198436757686707,45.81035271355192,5.176836525300744,5,CRITICAL
69.58412883479262,74.76351045724124,70.46013432293793,24.590308686575643,580.4203603854614,32.94393146908157,80.32368707276476,5.920029821593453,4,HIGH
117.2717987716544,24.270843490330655,45.49070317155979,59.448081356756276,509.6322805460189,26.717863382873652,64.3063483850053,7.68811656238217,7,CRITICAL
178.3429005558519,62.55127303975118,10.115598297412127,28.336857859728063,754.7134162488686,31.6658986279711,82.57493351936074,0.9036974851247814,8,CRITICAL
149.0300576577508,61.26869151077936,20.814333286205976,33.230164950133236,2695.1552767514754,37.7149625436189,66.07068063420118,7.768739122188216,5,CRITICAL
296.3356560644662,55.33245214932332,58.109909028043525,31.786494915407914,1069.0506632501254,19.97348251840785,36.0539109506147,5.6323506887517985,9,CRITICAL
40.93192576701994,77.25111802134404,70.76168972599777,19.304221791496666,123.79152102902526,38.94674702474839,81.47573548127687,6.690954448552572,3,HIGH
208.54336621427814,31.484426888505244,47.57034555068162,4.501325333575091,3307.4015540945334,11.516644190611629,88.3260484791464,3.27551764840762,2,HIGH
121.29563043128763,10.457385887180584,75.76111103755512,53.73907382411511,635.5112865624418,15.83544220105499,93.24718581389547,4.093868368164491,9,CRITICAL
128.45988447768443,53.73670873952486,56.967606579896085,48.16054875157721,82.97574221083661,6.733824797093031,70.03943617146957,2.3116581965392022,0,HIGH
215.27932969745288,58.34478403817649,16.675857603488097,8.371606833580156,868.1040282224643,19.577072453410047,82.75097512996466,9.792999974174052,6,CRITICAL
207.7308453973109,46.004845876705176,27.281462587115396,46.60609628100437,860.8493155575612,20.196381792964814,82.64310358178389,4.970029725103167,4,CRITICAL
297.37679811065647,16.5454314506717,85.59984009195486,37.5507999630366,1505.9181154177445,37.21082388829004,40.9024831859261,9.960769157965979,3,CRITICAL
38.51828683623757,40.35647533354843,75.24214719619955,24.54862727505734,3225.3449186751272,31.125226811586238,41.495448122169954,4.897859780612663,8,HIGH
31.2328948152499,24.97517892553035,90.52857883112455,15.241268945733763,3083.1879663378877,22.468902326226665,34.96198540663883,2.1975126438406734,6,MODERATE
217.30164513862235,34.19732225333512,20.58015242088429,51.58372701013395,1626.2862146893763,31.084559144949928,52.3939544598211,5.074523967368567,9,CRITICAL
173.51607510192272,51.61748606757311,99.12002811535665,42.01129555764318,1467.6046722217325,7.1113340206276465,63.145601141874515,0.395955717990778,7,CRITICAL
82.24819996794176,59.61717941526676,28.846604255494025,32.864394568148214,1964.7813483382367,12.210861440735044,99.85284969279519,9.047698014219513,3,CRITICAL
23.82581069669598,18.57797527210745,11.06018886579778,36.574112033907845,889.9163413025918,30.0779142096702,60.16953394477187,8.185502511944412,9,HIGH
25.69747487892916,32.42602885175627,99.76806451481987,5.463970924930859,230.0382222839518,30.65467276901209,80.83698119551596,7.258205206942847,9,HIGH
268.25726239923546,21.532925679330333,35.29664969006018,28.435185654671514,3290.3232697906633,35.96538634829709,78.53779183907741,6.0982671544246,7,CRITICAL
57.56019741562287,15.89052910894953,70.12175072613039,11.62201756714212,694.1114978262459,21.119990362144087,44.31373651754057,5.798342336703631,3,MODERATE
97.01146863465623,62.67097759966707,25.901408275867468,12.503020740529522,734.4825158977216,33.90216386464625,34.09550060146055,9.967282140794628,0,HIGH
67.99692066809641,72.74021555495939,62.220567897922756,39.678237737212,1679.9881345461192,32.359213302407575,68.22047260735113,2.779974340199379,7,CRITICAL
106.49889174958119,29.618574854766138,91.36314878091034,54.67536911005729,1746.066039699141,43.53573513479396,79.02139146201333,7.796843653655779,0,CRITICAL
20.82715282382801,60.10231394990135,38.81630506855947,24.225396628700793,113.5980234675597,13.605209056987167,99.87762531303792,5.814047702136574,2,MODERATE
155.71793727248112,71.75962314915289,70.32285784399232,12.464956380731422,560.4438487701989,27.067182550105578,55.10277365968195,9.758805437588853,6,CRITICAL
20.28376907766447,67.68993684241852,26.911322991857485,38.924816234199255,1354.634124034559,29.070577684418772,92.74551934567677,8.278031832982524,2,MODERATE
240.10695234670848,14.625071083138073,66.23158588468527,52.27122278101906,2408.8708926113595,44.94591539736883,56.73527191084305,9.985251129895927,7,CRITICAL
70.11362457312991,76.50335052106891,40.280531663575914,44.89912806734945,838.0436760701787,13.047365686666069,78.25881959013589,5.883249944624463,4,CRITICAL
162.0035743813532,30.134115234356997,29.008743272915652,52.12543383219523,1509.3998395340811,25.92872079869169,71.87770513619364,2.0454395754493504,2,CRITICAL
264.0237262684375,27.139252893906907,38.18638456332717,32.19328026064796,1972.8404732718107,18.847412308545554,33.70851553118178,5.036870356947338,4,CRITICAL
195.26321071415825,4.994506182222427,26.09569616570194,45.11257466215145,3115.6441064503574,26.035718743159993,35.48718988791809,7.111111340505746,4,CRITICAL
159.88733596540058,38.89389232839064,91.17244970540945,8.403873561536187,1174.9432330285754,14.285144084124237,31.45348628071227,7.743603861815881,7,CRITICAL
97.30012593461268,8.721089251274297,45.7468197685416,20.89647692179149,510.7760172290181,6.9044951370995244,55.958385921579264,0.005099890159435683,8,MODERATE
99.90057391745938,19.88318567419408,32.07513744769306,23.372949868891347,1737.9891793467484,27.902618155907554,82.20607341362074,5.0502708850229405,5,HIGH
200.84608655945704,25.35540974138251,50.35670569143396,30.677744774762076,2626.1895258100144,18.434172634433285,42.092877579350585,2.3523457997064656,9,CRITICAL
298.24180836635026,64.70610587933473,38.8482550125846,55.74458161540942,429.01616183193033,12.277656069937347,72.4097077868727,8.749118332547884,2,CRITICAL
198.55175695481358,70.03909203167171,76.99773284319933,52.45779361333046,1515.1580463545133,17.95742264312135,50.21794460217545,1.5290544405022855,1,CRITICAL
167.33502521100746,24.197305396917574,97.40979206969449,8.071529537351072,111.35873735556783,6.971208057909797,85.78948367853505,6.664562495748334,2,CRITICAL
219.19515307177383,68.69584969956591,49.42302910278821,10.367379112947791,165.77917668301643,43.017689363604134,85.88773043020936,2.6606219032492486,8,CRITICAL
139.56168368511544,68.57847498958328,87.49300599750164,21.45843297533468,1716.1891030974964,28.245916598930418,84.27901604764965,3.5654214321427222,6,CRITICAL
18.042702780235565,61.17207603078988,60.92767662036576,17.444631953440435,1078.7806786207066,37.59074725388099,66.73834596609638,9.405592607568448,8,CRITICAL
168.68904476337295,11.735609121214523,24.151209858481014,36.88625718937574,2965.620181568672,21.924727901909215,49.91966970558962,2.4044812540807947,5,HIGH
287.28758535161404,55.22582775205832,72.15604678732075,54.16656286587269,2127.432356136267,41.13258670264743,86.66108307150442,0.9500276182293066,7,CRITICAL
52.590882707297894,75.6019251664455,56.20910474132381,57.73749250035521,1616.0687180133168,24.332728862090136,43.027039335746906,0.6928490144422583,9,CRITICAL
207.00146724619972,54.60323830137256,68.5545870926893,39.21617715211359,1457.3770301373224,27.957812888026776,50.283172142005924,5.046151100994622,8,CRITICAL
60.280106597716944,26.529347928626716,90.07186713144985,50.2895520840652,1765.4969066539934,24.671759202506273,42.876339431243515,6.41711482284288,2,CRITICAL
160.74830534192438,40.0463453944665,49.63911135904414,31.512132013847825,189.51396768368164,34.33113183470606,77.19471122713534,3.272936435708872,6,HIGH
29.002934894015887,51.65800346808429,91.10598608956201,12.499616811602383,3130.137079651277,27.666243104082497,78.03652196810727,6.902597417930808,8,HIGH
135.11128087745556,40.84563269828028,77.56021128534894,31.481304725608645,3494.1458872821563,15.863956943215909,75.6756994950727,0.610337185732378,1,HIGH
226.8489986685738,9.596235338477586,53.97444332901863,33.30495608625907,676.1305807625104,10.821581252905851,59.09210268052675,8.573346449228769,6,CRITICAL
104.27145727169463,24.96512357216165,64.28999220921673,44.5474538528134,465.3212284724381,29.244975555319108,37.011970504100326,8.165672097392378,4,CRITICAL
199.4735173461654,64.1916824442906,39.30230192671103,13.192979382440946,545.3422488976536,24.56719846188145,93.78187091605147,9.854962713920855,7,CRITICAL
238.63498823691876,68.91344368764139,98.52375697648968,22.098622925203905,2330.5433509085665,8.839027867844518,65.54116748085667,9.365049809018455,3,CRITICAL
278.1533458438358,10.984002617245618,70.06160467453563,21.84164815287398,2331.970892655173,20.824698631730737,58.488053643776404,3.561971639189281,0,CRITICAL
70.39262455663606,76.19094019189797,13.94621672469669,57.566375744469894,2975.338359860518,25.591056880018144,71.21774252738052,3.9927538401557716,9,CRITICAL
119.79477474279244,26.305809427888747,39.39597151732079,26.636697619603137,2643.801040070574,38.0757293530236,43.49533050733741,7.459648474782595,7,CRITICAL
45.72480399912523,52.985099098457596,66.09829903831518,45.30563803788879,1601.4293731242221,8.044042233334494,39.278414537341206,1.340827719549832,5,HIGH
297.7450506475126,60.14601167653449,15.069995001931582,45.048682882466345,2164.35099740035,18.939813929840117,58.38676550205605,3.1401471024483483,7,CRITICAL
278.1002903772886,64.95569877103067,12.149577218722849,15.932651088194483,2424.582112769627,37.90624490841542,45.905448586993735,1.1854093697564827,2,CRITICAL
161.98713908416786,75.65997617807442,50.50218155750223,34.312181362303924,1818.940822484027,30.93695727086315,47.10032061760152,4.548864490728314,7,CRITICAL
252.6099883129264,25.03356384230581,39.9421161723403,53.65817359911888,1690.9958963581464,16.59833287215147,92.47580414449706,5.520042798853177,7,CRITICAL
156.28739318161266,68.68051636412436,49.44687472298493,28.511863167416966,2275.5861874671536,38.81340488090569,67.15314240300773,2.1116046996275237,0,CRITICAL
187.07570640082793,10.534952274896563,33.64239788920047,56.70705044055276,1973.2871939660054,24.731743222507696,63.84283450263458,0.26631686914105,3,CRITICAL
26.737329634804986,56.403272508287415,24.824597224868285,12.867493759449696,2271.6009534088907,24.93407565241842,78.26357156100181,7.1935583175052304,6,MODERATE
226.58112614904238,59.35821836111887,72.02290212823038,4.449546346441844,2164.3489701736053,44.063493568015375,96.60836795737177,0.2000516442616851,0,HIGH
38.314045090570445,54.21785929610564,56.31140046410204,53.48723238868496,2531.228133772109,42.884660129455135,37.853899512939485,9.734026089283562,2,CRITICAL
247.82028907575852,20.18517889081224,28.013879012443013,50.860871877733,2267.6721053009223,19.341307334793754,88.34741969764801,2.2160725674239545,2,CRITICAL
234.60842630111577,69.84345176121627,38.76304836339985,59.55539255603068,1843.1115782085722,10.623165146523291,70.88134259074921,6.639000921162911,5,CRITICAL
212.62340932289294,13.5086770696316,63.26271168969933,40.76360928674556,2402.1989989311337,18.026669291123763,40.23157476682861,4.347517262399892,4,CRITICAL
10.848114157428634,4.290783321666467,16.500641344523004,56.20127560002897,1600.7127798897268,6.2193304124555215,50.80045230822941,0.596738603371072,6,MODERATE
90.93850678359858,57.39719924895297,23.27077083395616,49.61694150504665,883.7657296054736,5.830715468415648,63.76529915253177,4.721836066344674,2,HIGH
78.93377097325286,38.0380572186187,16.59210436966511,50.66557998720521,54.89285946200834,20.820885450056767,78.38240012041962,5.167606342967996,0,HIGH
108.04092224145573,67.92784159669408,83.1085599442707,34.148494227256094,1981.876307653159,42.64079290788936,46.982491186741655,8.546832080928684,2,CRITICAL
26.29282402915156,30.671771284660714,77.71683098908083,22.94187587500265,2087.7605317998114,39.85429364928831,67.44151708273128,7.323490696478979,7,HIGH
281.08734690931885,13.462287080617026,77.79816386913313,56.07348435259691,3403.5689284762143,25.45771335670492,77.92701391911032,0.7930247475338636,4,CRITICAL
166.1406722137129,66.91537539758957,74.46928091284252,25.92703053695367,1297.1002526252507,27.60905524683323,61.41185255932544,2.0916268343226507,2,CRITICAL
91.65729319740706,43.91277053120574,70.24468813028822,32.32916203498014,1409.7596877576755,5.237339869842259,90.41181727841231,3.1188768421494775,7,HIGH
119.09445512228503,15.135663391228391,52.92927238403575,26.766858427511263,746.2085556305562,13.620046233350621,90.86213719882831,1.1640768646481947,5,HIGH
134.16076215145068,57.63071988691566,67.80503471564035,33.889098837611826,293.3433185687606,5.99096507737535,62.9483852348312,4.568990709144906,2,HIGH
180.17830000818518,40.88909107916004,13.45253993091772,28.23030473953963,2716.175500373005,35.181581307815506,98.10479972862298,9.843091908625356,4,CRITICAL
154.70382830894934,48.34503857922559,65.93179803911062,2.8780535147685526,911.3996719706713,10.825831841059909,35.29095646838131,5.146127912377616,0,HIGH
275.81759196432523,36.871867056526554,80.00899349831894,52.922891160461916,2150.721770553631,39.761884099072674,30.235366482605563,7.418821683231693,5,CRITICAL
149.08904487174908,66.29671870544051,55.032252434595115,26.663629134946188,2422.816972631911,30.73297254703153,56.646778466274334,6.829377976993461,8,CRITICAL
297.6474044469938,66.36501725464399,42.17619955845132,35.33661891044092,1675.7665711561845,14.176747060628534,72.07679429607565,8.49911435092138,6,CRITICAL
255.42748732352874,56.751105745950895,34.96840613208812,8.351268165479222,3073.4147899438112,11.30881268332999,74.04401102147625,2.157234904656095,7,CRITICAL
62.55315430720074,8.432110191716982,67.85218451458742,0.20327087895834817,1581.0922013800644,30.104988036922123,63.351201540568,7.538262616930282,5,MODERATE
279.1785643931749,67.1083089523255,72.35210787669179,14.717405618618578,1032.9347494940898,41.03347921129294,38.74183192684523,8.813552403057495,4,CRITICAL
34.90991936564283,53.68103844263278,88.38708398762883,42.27516192800101,3141.253554217597,33.73440875657526,41.934826525152594,1.7150982298024275,5,HIGH
245.23491254735748,55.76193328034396,40.810067421489165,5.9516718067727155,3022.3967806623496,18.941866064135105,89.65035886964064,3.468022197880037,6,CRITICAL
114.18698804297402,29.03862723230973,79.2795076647027,54.53324642318807,615.9378174136249,28.495343810745887,90.75377922174829,9.701017643315614,8,CRITICAL
263.39229613352086,70.34236449256053,60.522024177040414,12.901354161371074,139.56551332102728,17.430467814896854,77.1728976502504,7.807878459797925,7,CRITICAL
260.4170070322351,58.029728018788596,89.45528416102712,12.275616857506549,360.4501694061914,44.96598267114636,76.49525805952177,2.8259083253753237,4,CRITICAL
241.77762003528633,9.007237322335557,57.503089746605866,10.89047769728973,1038.588525010669,34.95356753847405,71.83774896194652,5.63941769644487,6,CRITICAL
237.0091308921184,32.622242752493015,56.58668455581705,0.8389027782818848,3404.2963160089016,29.575265590270146,44.204811999139174,4.043261228494788,7,CRITICAL
91.40374172941223,70.91042895681133,62.00893732968182,46.30832810869408,1976.8807284048464,21.93036571063317,59.97754901819322,4.899651763271299,0,HIGH
24.275784915375652,3.7757361357903196,77.4383819628191,52.50207187471551,1337.7529755009775,29.72609161038229,78.7126256024365,3.551661913907085,7,HIGH
120.89405362954844,76.91332957136396,96.82214309456148,36.849762156971934,3116.070526413975,18.66464249869339,67.6076590402337,2.793310185303406,6,CRITICAL
52.0573544959526,54.33300546556502,16.62070187941891,11.291998900791738,1613.3203436008237,6.15459357832123,31.300623383856944,6.747630413914187,1,MODERATE
208.48532667073852,50.51007821147013,14.809114215191546,17.116679816452784,1137.5732679835228,20.803540894265314,96.74897647040689,7.785418150861175,1,HIGH
103.82991796133567,21.64474051903931,94.37953036666046,28.555601841897797,3297.207374172518,42.21923278319468,89.13712368005004,8.739571227473448,5,CRITICAL
292.6830602579745,19.903343099134165,57.688806296638546,57.26075709739805,2980.835948364739,30.052043790954635,48.23815098768165,1.5532996731818804,2,CRITICAL
192.2916232035996,75.36465755908763,65.34127131102424,14.841082309064568,2960.6558951970715,8.358228122836064,73.15212546164074,8.228555236452406,0,CRITICAL
246.74416909030828,23.861796338729818,53.418124143525596,43.89875423519328,1817.3823635232352,40.399744535801034,94.62675686097315,2.548008244770635,7,CRITICAL
39.75740182255453,62.04042373751995,18.429170734672702,26.366893397575218,2773.5624759133198,15.754993973660593,36.7207708479556,4.273363899100506,6,MODERATE
258.60434468178676,31.449743856566332,79.12804405767999,17.87084090160131,668.769089462704,14.750779723309098,65.21206365576904,9.014436858492466,3,CRITICAL
276.8271571540183,11.140325662776318,77.25021805797282,27.354956221326823,2027.6192035690406,16.883638751212832,61.937011809240616,4.5450360098260205,0,CRITICAL
146.11857564568078,0.857223815628716,38.05329893435308,4.272403052473952,3444.2684338240324,28.0880894450383,58.71435036984727,1.970635340443162,1,MODERATE
181.87588132529322,43.540586961220065,37.56153207055604,47.921242255821745,1053.8065852869677,26.787523737359066,88.49120262250474,1.598686552371178,8,CRITICAL
229.44294027089865,78.06230548391461,85.40572428149666,14.598115678978028,2790.5155359044793,24.656550184915268,56.64523026882201,4.729837666521338,3,CRITICAL
52.451588178123764,29.530895504736357,16.512153196719396,43.524727391578224,1742.150504867832,33.70147454050508,34.45643332687053,7.626724239765541,2,HIGH
150.76982293903274,28.575386719443586,89.29946335209092,4.100902286891683,187.3296071162013,17.66150925339836,34.60864195150118,9.972051439743012,7,CRITICAL
119.59890833169393,27.527329427955365,33.0995520906323,57.305913369941166,2682.4169224640527,36.28258086289725,32.992122456722626,7.874086284309019,3,CRITICAL
43.912197648674734,41.64350698438867,63.36862729799445,11.580899124341917,631.5635481527892,12.012867135143965,58.64017953118261,8.770119589428536,6,HIGH
110.26032668745943,35.253190673943486,94.23947611016,52.96452457242483,2228.583806607988,36.30483156308037,80.2884394388852,7.47832360934888,4,CRITICAL
20.45169281564807,70.39317013816115,71.03102513829818,48.568392576926065,345.5414694620565,31.552404210011314,44.26057233513608,8.95435100756106,4,CRITICAL
7.743572084846095,40.44166333787922,47.298683122033296,58.071595444884956,3316.6925213610784,32.32833238190346,75.25279643020846,0.7629354331391325,5,HIGH
40.54988674644683,40.62062705508551,72.05807880148737,28.673439656744975,1056.4474107722451,24.262135885090398,78.09619304725929,9.299315989816455,3,HIGH
288.93453347675216,11.069727577644528,40.95816726847332,43.64383763075709,831.3031862870124,31.68006130723459,47.864148681091855,3.964061537256561,1,CRITICAL
164.85886076850508,78.61916327283087,34.95325747142675,22.242639422267043,495.5205940288534,8.191881862378295,72.03903592424405,9.216142232804446,5,CRITICAL
289.746648345966,19.997831269506374,99.70149501412118,11.06209428118163,3313.707567019715,39.06204468197469,77.94078380187932,0.7573283745947557,4,CRITICAL
129.7493634990396,5.869125396768213,77.5711208061809,26.58455597600693,2506.0679114225027,7.22188933950584,62.662953596148796,7.152429571211359,2,CRITICAL
93.54483992557788,53.0516999180167,68.02479796436359,9.944940923307293,2608.730066077406,10.9496603948599,53.57016180960666,7.356887486702045,3,HIGH
151.84255885207324,47.62930961254981,41.97606788973869,58.922677367183034,1772.9457367618438,28.071588339889452,73.3406086102029,9.969108892977728,2,CRITICAL
131.85350658987304,33.211652319419656,14.424474623954335,5.774789468442982,1687.8108591831678,34.57645821826766,98.44929611296398,7.688552706898138,2,HIGH
31.699405278523173,33.77537871045425,12.795118843164005,35.35270340715722,429.57328832059443,8.050062573850138,59.878898655828465,3.825737058156067,3,HIGH
192.24789440706186,62.805113683714495,59.876312990391895,37.587831315243356,1981.4517797647716,41.83059256489279,57.42145673995847,5.572485516185454,1,CRITICAL
64.81145475287988,15.657011207971925,78.5829448935146,32.28477257244325,901.861908125327,43.944305952027946,62.498683169827935,3.6655093816659026,3,MODERATE
185.8763864693489,65.62026551559117,58.36412713994696,39.73115314271001,3421.1513981614003,29.238006920308443,35.33528754115338,1.9601864530485813,9,CRITICAL
195.060327719446,51.89976911160145,85.67065647452031,6.970846500713456,2798.2042430522583,24.249738215073464,68.72142957699731,2.4850232750227352,1,HIGH
45.607455938594434,33.517581902361954,13.008387978389948,33.301111452317464,1474.822607665462,34.65579889118999,53.00881710520845,2.220105342743209,9,HIGH
18.404888133200448,36.64228932670949,43.00768687833461,17.232754267641692,572.127342485789,18.134294093088215,38.49954856318837,5.4881533016321296,7,MODERATE
234.22847582053194,20.531776574887665,31.336335205676026,56.4105637980634,2759.3943344288045,24.730577364204258,62.637971878216135,9.061606345318934,9,CRITICAL
137.94012713079604,60.16914661575798,50.254567134140984,45.72429920638354,471.08549643054016,41.646041072576054,30.23687906017842,9.127266260883976,4,CRITICAL
17.449138651642738,41.029979384421424,16.513875387471025,58.350868929584564,703.2014495648932,43.22621700966134,58.12496716139313,0.5476377752582551,6,MODERATE
298.45989515093015,25.668363419987486,95.87184774139654,2.2533641844113728,779.7457862175846,42.0827646420474,37.401468754851535,0.7989940095189352,3,CRITICAL
17.33416829890999,47.68400926087602,30.092986096242484,17.10799051084252,1971.2727020421755,15.497922678553607,31.70048923798462,2.4511905717234352,9,MODERATE
208.51056865756595,79.65875616410584,93.00769979352263,11.725355198300939,2765.345456266764,14.298761608670535,87.71325323711514,2.5505945246947492,5,CRITICAL
295.10367757902407,34.820982372524306,48.330383953301364,0.66927523870983,1134.3863316001882,16.90658023717257,94.13741622978444,0.9488917523925111,9,CRITICAL
71.75403126477768,73.65531206228957,98.69717199296963,14.539543814779286,342.1108592497485,22.652444495538408,44.53722538513747,3.884633411734405,3,CRITICAL
42.67481060615885,27.60134719396529,59.86525451141897,40.72655901122573,1652.6576991592462,17.566696511678543,67.7508784683983,5.877253926912872,5,HIGH
36.415481826728666,4.378616553998871,93.77495777582267,13.865335328074114,2630.9803320017777,19.968511829562317,49.45707099916895,5.781622005994636,0,LOW
90.98254427027867,16.339368509474312,10.481408982480056,30.540206728957095,814.7402586514896,29.82547808483038,64.55042070705275,5.434296812585927,5,MODERATE
30.31374330319401,33.49561146621474,77.34149255628101,53.26908689789992,808.7396907358411,35.501027083759034,60.564192462591215,3.386719248874972,5,HIGH
207.64840250823957,17.57079428756552,91.27455877922638,41.625475220944516,3317.933244346152,34.422327930716676,48.833573855634,7.064556853165806,1,CRITICAL
18.687539439018806,0.018163057460443,22.57485102810587,23.677744194361917,3341.830358561164,37.57694268316608,79.02755057447084,8.264839409810714,9,MODERATE
152.82663844493692,73.20012301980218,18.651326655893634,22.348136334726497,3467.1067756124385,6.287376128616087,38.854367152417794,3.462742664774084,9,CRITICAL
299.00905615589306,67.51035289847432,48.211534646736,27.344148840509085,2836.425625432991,6.909351587150243,33.7150947519957,0.8553535929946199,8,CRITICAL
244.19108085180565,59.383378518955766,94.03110155196416,10.622486463594383,699.2353836294121,36.57531842754517,83.73728031260954,2.963302510918565,5,CRITICAL
184.56583146930328,13.42516765168229,58.814790417139484,38.04004604495928,781.3362467574517,26.323152892985277,76.6151021854476,1.3736865457490277,6,CRITICAL
91.87608623598351,9.629086096798884,57.471081734955895,21.84916914627633,1223.7770832522524,28.12562695048481,64.89682869024786,4.673587272271808,1,MODERATE
187.16875088749154,5.408379957790652,22.70135064693897,51.14192095572262,1147.5572331005435,7.103474408575083,62.74528393307791,1.5593515131607827,1,CRITICAL
158.1124391734955,57.922335101833696,10.07105599838969,45.39315960346898,3350.0207343191314,15.212552046850835,64.81879656439983,4.628447576579773,1,HIGH
127.82501516711145,74.30463685503082,82.9126081670915,36.630789845529605,2772.305240941843,30.53417219541911,60.5916853269071,2.210028923246478,9,CRITICAL
39.213113022059844,34.44286567304296,17.88171066876144,21.852133358970963,2547.830332957361,39.36727560442704,57.50246070818254,7.387311054624029,8,HIGH
265.98126457214,9.531253759683853,67.04648368617916,12.595909900409064,691.5731230005548,41.6793358872561,64.97834220202841,0.27568240835845637,2,CRITICAL
134.93539464639676,40.991425658568524,92.31548090636723,46.56911184633737,3187.863179800037,25.01677983340327,66.99606198118323,5.547463038319256,3,CRITICAL
58.38675354622952,27.90655259669041,28.77867218425879,29.184545939465192,2906.1528092962994,26.818969309527905,78.43316198585347,1.694882749200567,0,MODERATE
110.32780526318689,29.985993947999816,69.87455526132197,13.48500229064145,614.5643525813367,38.32198524275964,79.78450125138158,0.009918644696270684,0,MODERATE
124.2389257586781,49.70644993245658,17.08287190367585,11.710476902400373,3055.537645265355,26.504984029894185,56.434035609810124,8.69200088064807,3,MODERATE
248.2613686700623,57.49744906097619,64.33796294538516,9.924054270081541,989.2540004781259,25.674341021492694,58.94783659204421,6.715277878140676,1,CRITICAL
220.0843141684206,8.848287909852868,24.753854885788247,46.6296717723357,329.00062312076585,41.20336151043815,56.15880188153561,0.989428220505234,7,CRITICAL
230.79146809240194,2.847218464518111,76.23582044636602,13.739231118018703,2316.036957474025,36.59730884223521,67.55750415379973,6.640723676838556,3,CRITICAL
3.309379328594164,79.54642421485718,37.11081653145174,31.59853581151185,2305.6260748759405,41.36290105445178,61.73474765399367,6.116473327375985,2,MODERATE
124.84619945392845,18.618267913244146,51.70519079241816,27.092781658383387,377.5154330013824,13.729882191246151,92.27175241953356,4.733566870432034,2,HIGH
144.4032454905971,4.306441992676726,63.94874878248595,34.776653953697036,1150.0387408312092,25.97501946621427,78.74528868415308,4.19258098425614,5,HIGH
5.7576830469170055,15.190026327673598,25.41460695996156,52.62929402227166,3475.209894781608,38.698885143734316,92.90594686281119,8.870697629157348,5,CRITICAL
77.94396262351026,3.1166277078771376,76.74740367558589,52.06484340490384,2390.5720011801423,9.445913098684358,79.63958940915978,2.4514801989745125,5,CRITICAL
228.0869469366405,31.344871569373733,37.23763065731331,27.06456430949158,2568.7593247814857,36.78648617175847,97.96945039666699,3.983100570133833,5,CRITICAL
41.13291171869972,64.19214275610594,69.61346739214781,0.9219750440833985,784.5646353348545,12.318935336594778,74.50157447786884,3.2911541289482726,7,MODERATE
160.59303943577748,27.299555980617647,24.245474562943627,25.58662834285819,321.7981449635044,37.32475019941285,97.44850967141383,7.712010290366336,7,CRITICAL
64.56056160517124,35.53467255026932,71.93058932857153,36.371612245448425,1005.3108296062348,29.480037502274726,41.07189232865983,9.164653062325394,8,CRITICAL
3.636232393167982,54.0469418853951,21.53692655294156,33.46588554588371,908.6994289165123,12.729439659394686,33.67343765805827,8.497816987402304,0,MODERATE
72.36043727986244,40.71152560559042,48.28208466429852,39.080166348012334,859.1771475807832,23.934167173312044,70.53876296427015,7.977039302997685,9,CRITICAL
292.7621264730161,68.91565488170593,32.248546636498915,9.244543948385008,715.0024105102865,32.276206658430866,98.84452440598425,9.86789945570083,7,CRITICAL
240.46113356489687,69.28285400366052,77.35377244853643,38.79210592684395,2032.907132761145,30.354116035341697,59.23236731116778,6.971445504103851,4,CRITICAL
287.87299329631,0.7928556392922914,33.58315040561871,10.959097124626334,1181.956991654285,22.089887849268173,44.843035353507176,7.510537912135337,2,CRITICAL
146.35621317790873,62.24370451865593,89.35455757558566,45.03143884180494,2880.19030191398,40.97466115683708,66.50790144354598,9.82802539705019,9,CRITICAL
32.92085960325105,36.85868801933391,90.26381902659516,20.3452567957608,684.6185915734748,25.770536579513774,75.41590372052221,0.06990785399174082,2,HIGH
164.3878466921079,79.10724330429305,27.679718370050725,42.593726002887216,1652.9633944964785,25.234691941147535,52.062508686112224,6.3404837643636505,5,CRITICAL
136.31320036798826,38.65856607003481,65.24613505069519,2.8719359343664252,97.11953566997595,7.490023597658171,80.03385509494817,7.389715319532896,7,HIGH
253.3071248218848,78.95167563106381,17.894587754796788,24.471601535454802,1711.8040124704125,41.884815591905486,98.2580154932008,9.178270537571949,9,CRITICAL
29.424774235273375,60.365548896458925,45.23833896414663,42.302071335799965,242.64186202383664,12.08466274713492,92.78741851974318,8.838443041843428,1,CRITICAL
146.47234110653346,19.888390769064507,74.1989556551145,13.612230979889649,3423.1461159606206,26.133787737462168,50.41097614585367,8.419606812337943,8,CRITICAL
45.01459940819528,43.07159834295661,69.34809221649246,47.717222687833356,2777.5428438439244,37.142704056012406,52.87065782012188,9.457912719417038,4,CRITICAL
97.40277806701799,79.37085115828663,66.22306024659471,37.84678398629592,1740.884594395771,13.618131078225733,56.007885711471204,5.373791879137075,4,CRITICAL
221.2071232163399,68.6024486201539,35.42867772961992,35.2537063289879,348.7263857187584,26.094931598833643,57.618694487555175,0.06920095584826758,0,CRITICAL
142.80543881062997,7.789351503297688,44.02224544909618,21.212931252260226,2093.9367707269294,14.627396368933635,37.02236494352956,0.11054398697009526,5,MODERATE
112.7664855437308,56.50975974479969,19.265153023025757,28.947088222867055,2667.7349399214772,35.38779991199647,83.33739872225024,5.446390556178581,4,HIGH
118.34288357101059,27.646366869665044,74.7120538390241,35.840958058671184,707.9745228663712,27.573646714926028,55.57374845274903,4.352722388639413,6,CRITICAL
137.834030521796,0.5585809504278494,55.349991711214614,28.34772683489343,2010.3187757168434,39.23903441580574,91.58739836938165,4.512450533654485,6,HIGH
235.50496315111707,32.27847752215997,73.78890691110891,41.898799436433606,2859.0275994208946,40.78232011509532,94.8858436184076,4.00404737210037,3,CRITICAL
267.6254066820703,18.780353737997704,32.40491723171855,26.02181598641757,2700.4548328797914,30.949339297815925,31.710191651538167,9.177258090912357,4,CRITICAL
286.60040595117846,65.50954164163772,39.19944057715596,12.136390904521821,2820.3224616416774,34.015649846357775,99.19521489497444,3.591703511697899,9,CRITICAL
236.07101587658852,26.98644870766124,40.079380353410315,12.836026968062836,3083.6658158005334,26.96880399547455,79.70159120501292,8.562269417630832,7,CRITICAL
94.62206872440382,66.20189551630537,12.316816877249458,0.34822613057646556,3285.003252450172,20.377149322695317,66.42745581950736,9.028647937916409,1,MODERATE
206.44041182596266,0.04783510678362468,40.69430855475612,18.05746293352035,1449.0479854521989,30.924716920833383,57.26693258607873,4.995017699989548,0,MODERATE
131.2809372166176,24.625532002089532,82.29741161662302,44.93505842871117,2012.2534037039266,41.331544939493156,66.2962692826799,4.469380373650883,5,CRITICAL
76.40118661381536,19.293217144620954,90.75686461747647,47.649762530256574,2777.7753648573575,21.667215217257517,52.72373067849111,7.610206042154468,3,CRITICAL
252.2614738277768,18.685388885488877,56.63964840723347,12.148052525745001,2455.132358112952,17.576401054951813,73.58814695875839,7.0797150763988235,9,CRITICAL
11.527904688697499,5.454929581237016,50.99515256972982,57.54263981228446,3484.5447875121067,20.537477542102963,36.50861935113539,3.2853511659620596,2,MODERATE
270.5285976406271,14.969941632840138,12.774215682943323,30.144167608807603,97.18789631102229,22.415905208463982,73.4785822038267,1.0254812592464657,6,CRITICAL
138.44323938742025,44.44396559084959,89.12839038268444,55.01872494111016,1275.2095928394779,7.942441159108649,49.27413950969109,2.6485240018248035,7,CRITICAL
191.16044304248413,23.30888582701956,11.170919208328545,42.405916911697865,1019.5463456321985,24.937673617399774,31.234438033664247,1.3102850581229897,3,CRITICAL
197.8061766617348,33.391582586331836,95.02750721891906,43.34600538134479,954.9896830710944,24.772569922002386,68.68940363140143,2.947322757766914,9,CRITICAL
268.53532221196093,30.149350427775083,54.02946238192816,5.102617278364267,817.7277496211559,28.537753105620926,70.49134290968874,2.6182156558079903,5,CRITICAL
191.0009046501622,70.07239399999156,40.7741044217254,13.199467613815841,2496.47725081254,19.51280121885326,59.85983032980752,6.377114238867136,1,CRITICAL
184.18007542801854,72.42391992084124,93.1796591358394,0.5288899976683581,342.42018279986036,29.524303838223588,35.060036278522176,9.544960284547797,7,CRITICAL
19.99561216820699,39.436557732468806,12.195189379908706,42.96765842860425,2608.550477104517,40.12865241096812,92.5340066962934,6.857437323304836,5,MODERATE
155.52240658356124,26.412476025248353,62.32824053821784,20.6662973057106,2442.3191549561434,43.21883961980657,72.80015650595223,9.266494080645696,8,CRITICAL
45.050700245112495,8.54405632018909,59.40392720494039,47.19915096458081,915.2742571280926,28.344488645641984,38.09993096982787,7.841322586084434,5,HIGH
221.23013061644568,76.2722303505676,29.738836109024387,20.336173196221576,922.2765519198064,6.703638158812524,65.76514036159034,7.278776220711732,5,CRITICAL
153.66657624380235,4.818155592023796,48.59986882151895,49.16002513793166,2219.5690194385325,43.76943989068436,64.807802116393,4.140619402133414,1,CRITICAL
204.068333762506,23.812022205462434,68.70376053493932,7.8418952248987805,2679.4903139186886,33.23448243585025,34.22813081550489,3.247945028633686,4,HIGH
12.50187018071528,23.845296093600332,75.44180771937347,10.402389405450492,3073.875365151411,18.438545942146085,72.48017925220633,8.462773724729193,8,MODERATE
25.437604813740965,25.632102891217194,10.064517283592181,20.45259237503619,2989.8814952979415,10.886308038548936,86.58284792450951,9.053932329290053,0,MODERATE
214.89701641880467,13.142947461792742,94.31680870819137,24.5092433329364,3378.8463298652932,10.736744489450999,82.43056379739346,4.51882493650932,3,CRITICAL
21.62530079960201,62.65291447389578,24.807283515353117,20.922168650578705,2055.7778889109636,11.70977624558411,44.207858991492834,0.09063098186644414,9,MODERATE
21.37701832957758,9.799828957279137,31.022239080012326,45.81882195139319,3184.8616866242405,6.822900864552812,90.36047706879481,7.925310589064704,9,CRITICAL
3.632542570466235,50.79253273225302,33.71261011244634,5.817083557602882,2839.370792748417,41.086167546116464,53.97795159615457,2.8506884047229164,2,MODERATE
286.950419489844,9.907682136465397,13.403812289683177,21.073021178309283,3136.603303883347,26.630729313093454,96.2555864804359,0.09887865016920738,0,HIGH
221.2525078377021,5.642851007436525,21.07469112312924,50.23439997092756,90.11177443451489,32.99837650855349,35.02235749579996,8.049885589761221,0,CRITICAL
105.97542255061924,72.75436029487012,98.77149306497458,4.007824635730319,3382.3653219370476,38.1243403707323,64.03460819638899,5.174141888168982,0,MODERATE
88.96067438629657,15.210301305496454,38.36950636395575,56.54061046028145,1683.6790618203502,36.66164025332801,71.79870640242845,6.852107463384691,0,HIGH
104.91096892375487,65.70001236477634,20.37709813051444,59.179010536320774,2803.731314033208,40.304224949153664,47.33550689322233,9.146898211444775,1,CRITICAL
232.39605935435455,43.57046968857087,19.6292135057161,5.314090429504805,488.854211715344,43.69018490099808,83.99661321041594,5.411738301381054,4,CRITICAL
198.41118332112433,6.228521568701568,74.75139709029747,17.47635133534422,1415.9967805582105,22.562824589677582,73.8826975867502,5.031940725789657,1,CRITICAL
55.558670360240384,76.4358553150454,86.91117976293768,22.344039962121368,986.5392874224187,43.01341866673562,31.267660610156888,2.9066212134826355,3,HIGH
52.2328006002253,19.756893359351402,33.12570695576229,46.58348211916356,1056.2227582282326,33.93159793371265,72.58580134873651,3.0519383443995265,8,HIGH
29.518694914019193,68.77162762820852,11.881856110171148,35.75560872700403,475.231888830542,7.826727612323139,64.40347640929124,7.965420660296458,2,MODERATE
198.09081591040143,13.504800462765134,30.078101660082023,38.66194202955404,2829.885222273374,32.27132484849382,43.72204411924554,4.49029245585937,1,CRITICAL
229.3117986665208,68.31543057134823,15.08641217170816,45.45058936911036,81.88598530471965,32.468666384193945,99.70237589416708,1.635262086081204,3,CRITICAL
79.51392849750121,1.0583050324235188,19.305544296703737,7.078739966221543,1128.1438265989486,41.23442255170109,92.80135363793305,0.9452876400049559,8,MODERATE
6.283488309273844,40.942436525558456,48.83573078628781,49.99256741461574,651.7163740966319,19.917285298803684,50.475538652034444,4.729201168617793,3,HIGH
24.651500242928204,61.55540635372454,30.692653377546932,42.337188250808644,2082.1843450987744,28.396460010872712,67.87496445590314,4.649550236177305,4,HIGH
290.35801045350917,74.78364139942266,56.4351290672881,34.640503511782214,927.1707890201762,5.487502040469701,52.155149793720355,6.534582782053961,3,CRITICAL
88.63343324322608,72.73617089651896,32.814437793147135,53.3841200869834,943.5446681219438,18.28300968725344,84.28470261452546,4.710674777451407,7,CRITICAL
230.7669443514401,65.56998956381159,94.64835709926528,42.01838123302843,1734.7665967838495,7.489749046351237,95.12320032375186,1.4347570413421473,3,CRITICAL
187.39907065627912,71.05530797290433,91.5349571133638,12.101997757861525,2301.7771857261937,25.87491891059588,55.11800248400685,5.078028847985135,1,HIGH
114.58189189586876,15.93757486696612,61.01254945094194,25.784722864540004,468.5012307498145,37.697906020278126,86.39089744005392,9.067894038860251,3,HIGH
61.70617865866653,22.7347436569383,41.89815927886475,29.642572016143998,655.5145110059617,13.257707685162758,64.88852798992434,1.5944141162021241,1,MODERATE
36.41592544782193,23.11748199368468,44.3032193831262,3.3130576050243388,902.7528688510857,26.09764182231114,57.76049929181041,6.8975464097774895,8,MODERATE
184.50389041166,30.164314480135907,47.066705483004725,57.27825080160335,3409.4313387069637,13.160345460430683,95.68952964691388,5.9385926496552655,7,CRITICAL
232.3901341913364,31.465653630815098,75.48213899214497,7.714635647812709,1420.1761248030753,9.827538713849616,65.7283282103322,7.485857267118027,8,CRITICAL
193.17127606233922,43.56442597237404,50.647509596695414,41.84767603360361,2116.5158126770416,25.4398716773737,62.71873501802254,1.5060027342759275,3,CRITICAL
159.0906399747475,12.79038106931531,87.10569518553076,30.37386216545281,883.3227038701237,8.165944837989105,77.07040813736401,9.416053369059945,0,CRITICAL
12.585367029490879,55.299733102879145,94.9685307337328,1.5379349930653552,1742.0853617933333,28.494185245519574,48.286394071279915,6.209664277671586,2,MODERATE
290.54663327831514,13.40532314436052,40.235153804104044,55.4848485518617,305.71115163155525,6.253498427069051,52.735500955182104,8.470711376911368,6,CRITICAL
239.61425749637237,24.8246785683638,60.46250332381121,51.11020852913599,169.86040343202794,9.268598874735021,95.24320853670359,2.466067636802356,0,CRITICAL
87.84661101028942,40.26761044849232,18.5550883149308,31.45547567423013,1667.1306675340377,26.999899419494312,77.49708918058596,7.394128893979616,7,CRITICAL
293.9910988076552,63.71524492187818,28.042214298972308,13.736540168366716,1425.3745419385216,28.656296515956555,87.8646003439704,7.81030704333919,8,CRITICAL
180.56447689089663,59.15753865909818,47.21191900391441,7.2973734408056545,522.2371029368055,6.159477203750323,48.977823335480075,3.9743527238707568,7,CRITICAL
174.72679746217395,51.64274851284178,28.558244431160098,21.803548765927594,2422.2249297765316,27.935071520062337,68.06531329509104,3.839534528834221,4,HIGH
224.42195382885964,12.461860846413613,88.89044417098458,15.32569686276543,3475.5170436024623,38.54010101294548,97.99773868926488,6.577962650257493,8,CRITICAL
243.53093642704127,43.76362764924622,24.245763045318824,30.401472060377923,1414.981533128658,33.89264709175816,52.30927293197523,0.9340768176021597,3,CRITICAL
196.9435821994508,6.995720143990836,51.009473939778275,57.98455776740574,2204.7272939150107,10.247404156831944,41.23335334219293,7.35624150217509,8,CRITICAL
38.42872390986001,30.18905414373206,64.5129316413888,34.497209593778486,3372.2670011574755,28.698985902544596,65.76202057572648,0.42886759839410926,0,LOW
101.48025179834951,33.08132242319673,72.26775173447601,53.39586335340587,2918.7956549417195,31.890100002968538,57.14747621074133,1.9059030112082598,2,CRITICAL
278.4250920978149,3.184915155660306,44.476243275385606,39.05273024974663,1649.2551703942659,6.489248070091671,41.17040629506995,6.641437572413672,3,CRITICAL
67.38468355315558,21.919047957597748,88.21891618522557,28.514791595232026,2594.3387213867218,39.21390674734491,92.19859678923575,0.9832366709196383,9,HIGH
111.65010715125399,76.45195738131915,61.148723597013294,51.27645376400228,492.0658888643079,41.25069589159321,99.35067373876444,9.7184209147679,0,CRITICAL
129.6230648832588,76.29060862637516,49.55570024027966,28.28208661037985,1816.7583013501073,39.018090934490345,69.80075264829983,8.683962094619007,5,CRITICAL
131.82149690833566,28.186164340203142,16.051657064683297,52.11769023062166,1012.757956270781,37.98525871956453,84.22737378614178,6.263023324067365,3,CRITICAL
183.88187474835766,3.4480087158659245,51.82205216006485,17.49460617454592,606.0147232417557,34.79860793843573,90.13268586824097,8.190574556693498,3,HIGH
282.9227513234123,14.327595146254524,83.86622567341573,7.728784425779287,1520.6691265781453,30.337281251278405,79.06874042152788,8.87580048589568,0,CRITICAL
72.20781354975149,31.377423474683212,65.3086916399184,51.3188678617763,502.0002127959698,32.14508019953008,33.09092343782118,2.5947564957181846,4,HIGH
36.450412890275416,75.82237583753839,84.89462083562066,35.24490982756001,2461.498623201975,37.25581173339932,41.03439622017724,8.494115879493195,8,CRITICAL
59.241146957981194,11.295925082974794,54.46105035393751,53.345543894937606,1624.0281519840075,31.499938334452185,34.96924338059705,1.947937836376018,5,HIGH
266.07747006278083,61.08126749345698,20.661553458503366,56.269632419542994,1882.44898234809,18.10907826728284,30.69157246494396,4.133422641488154,7,CRITICAL
193.7432437965618,8.694603149975366,11.227586125229296,3.2177034222869505,554.9969884051417,20.038444086454156,51.41974861300656,5.582596312485993,3,HIGH
85.77203677174803,78.50060619130215,37.2897592046732,30.0581581115321,532.212230772556,40.882298734891684,57.46491723370919,7.138909630740324,8,HIGH
244.78408169058517,30.5293199287308,72.81914243480132,22.497872944471755,2062.783251647428,5.684883431886476,46.8720812635148,0.3014131772252804,6,CRITICAL
258.4109989090308,62.018763111924486,81.12339135475244,37.55150382420703,3448.2836300115896,32.952823249771285,34.522325366042466,2.90509412778189,6,CRITICAL
253.9543016070834,27.407286624890546,36.61775511582965,47.61547183213941,382.06451217015336,43.19110209700862,67.09041635856744,6.085190982103903,7,CRITICAL
275.67796009186634,50.213510172704694,54.60885287949224,16.835412958462136,1035.7734285519455,33.24912679831895,49.13235239699992,3.5736867914911876,1,CRITICAL
75.67230605200848,15.361286779202938,47.900701399067344,33.4079030623903,3049.633952055712,44.75647952927128,85.72260084044936,7.750250556294934,5,HIGH
226.51257862388348,11.681681543757003,46.94705059162851,42.52371479429397,299.33844228056745,32.50179622113323,30.563683513769682,6.516521611507162,6,CRITICAL
138.161849182242,75.0451311654505,30.821384188013543,8.065864970144041,3071.805738715982,6.374521168674443,88.97689359013272,2.3440145372373578,2,HIGH
252.59956586701847,73.41178223235468,22.273399452651255,48.84401435707601,1858.7866426428916,38.080395265876945,96.832757526217,1.4592897959233309,7,CRITICAL
218.54720314848396,70.99751521703058,27.70197024080918,36.36657599117839,1458.520370046169,16.385196477572762,80.12945442074987,6.2904699358705045,0,CRITICAL
232.9342339499174,50.03467601332748,14.979914844701149,56.97224622681911,1118.3979470125228,22.84228902657764,81.35508456837965,4.504673277047577,0,CRITICAL
196.84855130432146,64.66145689730226,27.831766764121934,20.371735147841598,1075.0541955410545,17.483676636283285,95.34936181219132,1.689570411013186,9,CRITICAL
53.22863084091206,5.522954952909993,10.82808078628415,6.488756540231919,1105.0189094507018,15.742164248387178,44.63498997102444,3.2637420531837735,2,LOW
163.5080756690815,26.783123351254332,66.45325605723804,30.39007206221552,3102.5706293126755,22.256228146791415,99.61958977460037,3.030467483185866,5,CRITICAL
295.40092185735244,25.096249980572498,38.47378666489146,5.1486463025663305,2547.09354410301,20.15005793762695,84.14368423649793,1.081319723393751,6,CRITICAL
281.2164199491357,50.85162575620906,97.58302402842178,58.17159139944041,2360.5443770174693,30.333543273703576,80.85994958294556,5.46909019265228,1,CRITICAL
12.952120739103501,28.47662187765124,27.43453456986681,2.3210974954314922,2805.6845638844025,37.526048039500424,55.27634052967049,7.6364863391255415,5,LOW
49.444444718831136,11.880542531494465,41.12457132786345,45.21023406643848,937.0455873643002,16.88354612748963,68.20442397839274,5.754668888529871,4,HIGH
39.51863203636857,47.71736603308349,42.205704277737986,31.50614388853464,2182.247701682057,13.548846112880696,75.77424517913428,8.262913649373523,5,HIGH
217.79397299558866,65.15071365352652,10.76063464562145,22.117239149897323,1637.2285244049308,31.675810834813692,73.42400029220511,1.2756854721543132,0,HIGH
245.33559895708353,30.569879556797854,85.52871577355131,3.9505298705192793,2749.4236414406673,31.812802633231264,79.34892469343066,4.3561185782222385,9,CRITICAL
64.05340989320158,10.581497207878536,12.879501412989224,37.33001545041647,1116.933581132835,41.045249571446874,35.766721735488744,6.094151036580992,6,HIGH
151.7558078855487,15.735055785025844,94.61618512563173,35.113219763457316,2268.9662282011404,5.637827458132434,54.89539029821877,6.7600156094190735,7,CRITICAL
252.21090840336,18.99866441355072,90.28669159842586,16.852996384055984,3093.6328207697316,39.121626484660396,60.3800011616834,6.95786306423427,6,CRITICAL
219.84046342987517,23.991807439562898,58.19697244773672,54.613302084618724,1437.4191428725042,25.84008691793428,48.24405085124765,7.289654270978811,8,CRITICAL
162.6711616475545,51.42360564050473,58.92360174201629,18.246600440570212,279.846201417742,29.852083566883955,42.083908918845665,6.5142981219601666,0,HIGH
177.10430713763188,48.07563876301752,68.84001306605407,26.98352463552637,1830.375337079185,8.654857622456591,39.7249235939004,0.9422808894086765,9,CRITICAL
152.50816407488398,55.68638892536313,44.83450107413983,32.625747355119344,1243.6050829342396,22.304597314881825,55.646837457960956,6.953056776022964,8,CRITICAL
89.26453539564618,29.000158762521053,68.250005505807,6.013912690577166,2369.1775628877535,14.092096289540951,64.54091903937962,7.247826567743876,2,HIGH
169.50659785770483,65.91981215039826,14.029154981963819,55.92970315281794,3331.063590382691,15.169001203300363,34.40835081026625,9.934799343336271,1,CRITICAL
206.6655906150272,16.32701289246082,14.864286461475391,22.472169147062466,1725.3486970891222,25.163804587041096,96.25206662133847,6.93362436701126,5,CRITICAL
261.9968747582423,37.52325980145231,51.15073776575899,4.846752832460616,1658.3562940365919,37.498238016124496,83.56703260025309,6.868303957515489,4,CRITICAL
190.8874061937744,64.07509772331443,59.46600709954314,23.2374704205198,2308.3175606605378,34.75123720579425,81.15962412298266,5.14813290181972,3,CRITICAL
228.3364611129474,14.41269181860954,89.90358763022371,36.01215282555484,407.0663873978085,28.639998363438153,42.100236749210886,8.679229085851139,3,CRITICAL
48.021490486371896,8.789049099262636,19.419457051710665,30.819160309279773,924.5963517913005,26.57672771013868,72.26605376085323,9.968347619611583,7,HIGH
138.46724232593698,70.69471741503918,84.03831344745004,41.67251844223644,3220.478672976375,22.092241729379598,67.08074627660672,7.790448701974321,9,CRITICAL
2.799485948127989,27.43437302073567,28.90426035628626,3.329036524074638,2361.3020161049935,43.908398942455456,98.77281920506857,6.125003778578084,2,MODERATE
74.0036593564869,54.70960999272256,45.467528365902865,17.07243661632337,96.38195174278607,27.407702169369333,82.33702390561106,0.7895482693156819,0,MODERATE
217.93851453390144,2.0278883411150783,38.49421913446716,49.153834610406136,755.9578803286186,15.158655932488884,70.30333186013618,7.267391317296275,4,CRITICAL
297.54298540480903,55.20375107275597,46.01397455788591,4.793621267481651,2405.788567799702,14.203631681601582,89.55688665290856,7.085615685819504,7,CRITICAL
29.753429876164773,25.288104923757643,23.544594826532702,51.32915728175745,2687.177248840881,29.454121231005672,40.85659896024966,7.755681478094317,2,MODERATE
120.44829475838648,4.459268286995339,55.321306696319944,5.5137655246263755,2947.5155257254446,25.91310109243715,31.065157078368404,1.2455538839948932,1,MODERATE
240.02129060974784,48.78502092384936,82.14783308482305,50.067252893501774,1058.0099716680547,5.307912118188511,78.31633333901662,6.537325001261435,0,CRITICAL
61.210690388669654,19.264305285853858,49.73806093410072,21.6473040647236,3262.048657157591,38.202614887831174,36.88180221660662,2.9572390495167467,3,MODERATE
166.52548479068588,30.9445793641504,54.15522183083792,36.732543795432946,1957.6667828437287,33.16489416929738,38.08035479884565,7.602712434028337,1,CRITICAL
219.92138880890244,6.446464982921087,86.38908267531828,9.17322693887989,2453.0596272382304,31.473171587124142,82.12765084971713,2.403739540314662,7,CRITICAL
184.79563507805372,11.773060087595626,73.54523031742278,3.9701233035108507,2108.7490765906823,7.751226307906358,48.93743908937924,6.839786768204107,9,CRITICAL
56.40742038462484,23.8381788396675,54.14089676678063,12.956292241208105,473.45318862744057,19.482234006899656,74.0041850898225,2.9499294698397973,8,HIGH
106.61537060572182,7.180760044812571,33.19260833702617,7.671229074521733,3372.745574877835,42.41529042931145,94.21848482649239,0.08994292817431138,9,MODERATE
235.13753534561917,72.86610117490522,89.643407216047,18.744353860777906,473.9207506348267,39.50356965365455,52.153217214650084,6.333579119730954,0,CRITICAL
166.267954239605,0.4837634547182734,61.931836152150254,30.86299479066121,929.3427496185834,16.42171751478134,45.20009104879432,1.1326908315892237,1,HIGH
1.568884062873821,38.708817509144914,29.903284909962405,35.32556781390057,2857.0161867692814,11.282355363965548,37.45940186187362,6.592914727882141,5,HIGH
228.29722800842816,9.859796650604116,34.22077773742093,47.392086442784574,2184.1595171788,22.96351828674308,39.13236529938083,9.256094483569374,9,CRITICAL
10.593406482071721,24.61432715823588,82.28197800426213,39.37439359490152,2941.6146205484315,19.233215146706435,34.35558867651899,9.692459342110903,6,HIGH
223.72013481936963,74.08476478546123,13.973100587870992,36.525499507773176,1829.289849890455,32.28905506823964,36.13496651808181,2.359230873276126,1,CRITICAL
60.74416804957122,12.935564261918948,99.2882968325938,24.70692164914648,1350.6266620148904,43.65739240337278,60.24032121664078,8.09253227650655,7,HIGH
287.42204403581405,77.26658557746661,21.73165117433126,28.42850609760832,3230.366973439858,19.52005799930246,52.460553151677885,3.535532768724403,9,CRITICAL
110.38222539062534,16.463550159153737,81.64616728572436,24.871249763410866,175.07049542604224,7.48896690608968,79.45925700260986,9.004570727479823,8,CRITICAL
98.07948490142373,59.325288677346364,45.52977850945146,50.52996180368299,3003.6492602180083,40.90456033369541,90.91691607729013,7.874895686293738,7,CRITICAL
44.666415099733406,43.73418119178494,54.299456495872015,13.80002715290399,846.3213588978466,6.517989209594832,84.9341242199669,0.7392171664576364,8,MODERATE
91.68126464706447,70.75829820774074,89.25855197181201,0.34325589251787747,2978.1403307511887,43.11063588613332,67.14460796659566,4.071369938772773,5,HIGH
262.99522854846015,44.319460440250474,47.16200706302919,39.07919383357436,530.2283162882553,31.58317712036159,37.17094813628574,3.373178260096741,6,CRITICAL
298.9003012881742,42.7647375325047,58.374437830591106,12.147731018329884,2051.7554247323646,42.66756833767796,79.68370987590875,7.85181020723277,5,CRITICAL
110.4928591520545,15.636640029471991,14.436969616825294,53.40690817858856,3113.9723205895784,12.98638746595913,55.39801073088115,4.102857106531591,6,CRITICAL
134.58318928636277,13.298348964132698,10.211272648070784,51.542779782399364,1683.7117818011723,6.627991810152305,35.995527574078714,6.845883976530837,2,HIGH
216.6212814608211,73.31913208924114,32.031988570155335,4.603642315692353,2625.6550246217057,24.528399131059672,88.97264850488381,6.024352555904404,3,CRITICAL
265.85873413952237,26.227055908002725,71.25247836268906,6.383304324844641,2826.1170816016765,23.024936582805008,53.67515620277539,9.756387190976337,8,CRITICAL
177.91330025603526,29.766580397031674,20.913840402322304,29.71029553479998,2590.905020072888,18.259690930195312,45.27741827580999,9.377849568016149,2,CRITICAL
117.4577094533488,60.78589267427107,20.238576292409448,36.55335976616128,3242.3875922173643,43.3062589755479,91.00164452331902,4.276995147387187,1,HIGH
123.78655225458712,27.10587859382459,46.9864547232313,16.494500248934443,1591.578095293754,37.903349286457285,93.14937079129035,7.235782116411493,6,CRITICAL
208.68544394904205,76.16499573112021,68.3053334747404,43.007863001962235,647.2827651197874,31.463280855023733,53.72795860340919,8.294600939812218,5,CRITICAL
0.9654790812836045,59.03422151990402,74.08647930231375,35.69496125513229,214.94816977355526,11.514331665513108,54.83609934969614,8.988857538621453,2,HIGH
185.8768012379522,47.7943394058736,26.060560668853732,19.48944658491328,900.2865502493926,34.37293632874099,70.57399693082009,0.6813426377648368,5,HIGH
106.64790313240722,70.4716128435802,17.162933263483822,1.5222892825389356,544.0313883868353,34.08049818798896,81.34090456674608,3.020787992734968,6,MODERATE
238.25919938312526,3.96847266795862,94.63573305509898,45.00901687791106,1974.9231579489576,22.002726944640298,34.420444133480444,3.2023004096852183,5,CRITICAL
27.89719194693965,20.5650153751367,33.459974430589156,12.885219949504963,688.0614133804754,41.991436388560544,71.53405600319303,4.344459512198786,0,MODERATE
176.46068008451715,37.2029067376728,86.80118478478515,50.068424607757706,184.32129014833058,11.679115289160418,96.69740432485071,1.6926475071541902,0,CRITICAL
144.29186696583713,18.158283157721684,87.71423054165365,25.21741560325531,174.16490959690412,15.693502496466571,48.346572802596754,4.962058799500081,8,HIGH
192.69765777156823,59.51241498417215,79.527033258629,34.624646557905926,2918.9147693587724,7.528973570025346,93.61790498678536,6.63214327298456,5,CRITICAL
19.456078344890503,73.53664248429801,25.195024598731308,52.376923824540114,2090.5022634784355,36.8180383271035,96.51178385341656,4.973639202167178,1,HIGH
173.99513622843938,33.90160959447387,83.96213133287803,51.817380055197205,1285.3942915321547,29.87037544381589,48.84075486797628,6.657930951976158,0,CRITICAL
168.44537638785712,27.370608008951596,79.2325503317428,22.291174514614397,3135.086747453852,17.597612227249982,82.79413061197454,0.664416318179003,1,HIGH
168.19802832485126,76.9240585710053,63.70506910955954,12.533333562890586,292.178309356612,11.552546543772614,46.7142505823692,8.759873317074103,7,CRITICAL
181.04629997893645,35.58819462620327,40.34818316520575,46.50876466371568,3432.111150910999,6.605910801149615,81.6327813212493,9.390691921010685,4,CRITICAL
202.94038116790867,39.123872035942654,33.62577438398897,25.98481221612787,2176.2066763778903,11.669822745037465,85.81939799021782,6.179074241186486,6,CRITICAL
241.49669990423092,28.13198978735243,20.970029087232305,11.522519613540245,682.9516761925272,23.131385853506327,47.30439925974546,8.81390998636897,6,CRITICAL
80.9462160384643,72.76387784097108,55.878136021078426,54.26552053902901,2392.7883914705417,14.887078760424245,80.11086805082644,1.3144601664821243,1,HIGH
247.51482305401862,45.51643866254806,62.67347879588618,11.886251654465243,2683.6653462532913,15.359287097278669,86.84731772048629,7.974489200763102,3,CRITICAL
149.4767046790361,60.97396697453157,42.34050914642085,1.5484300914738647,1531.2326026291719,40.023054666708575,55.100521047483824,1.1914819347259398,1,MODERATE
23.11748374029935,64.9445374680709,52.78231609127817,1.216798426045198,3022.6324915471387,25.605506938444023,41.739194319280884,4.080102314975367,6,MODERATE
17.56527877319376,27.347923353380654,42.716301163234,37.33892138725586,570.0268051728226,34.170078925136586,36.43751971222595,3.2381853455827505,4,MODERATE
100.27149560881824,34.6955465056304,67.69054515886312,39.70050364305182,1011.9896633427488,6.428437961125724,70.27671925269593,5.8559182522045425,0,CRITICAL
235.46909313344025,67.87774195250117,91.1133287016907,18.662502303419036,372.5486474647647,19.60653422712115,98.46686835209992,3.0151453523953355,1,CRITICAL
212.30428042227473,29.06042813406482,24.75282358422504,19.200659354823802,777.528550095365,24.166773895817673,87.60652240155514,6.373136296671326,5,CRITICAL
236.58448940172192,63.5148106761481,44.32679289128111,20.369634903596566,873.6144010934504,12.456674208407389,60.5087747254187,3.6738728915195784,3,CRITICAL
155.18071693248282,75.27938580595497,22.678174355577518,40.80951280553272,3215.8345086799,9.807661657821548,67.56346319984709,8.607903810304645,6,CRITICAL
132.05969938664717,49.85682984544056,66.24493933670487,3.488027461609715,319.4784261914889,39.8121511399937,49.566951978827326,6.3388384021961155,1,HIGH
44.23575801188518,59.33018299615111,75.59834585397363,55.74698116147954,1524.5821646475977,42.57726508399186,41.41461071520445,2.152982973214461,1,CRITICAL
98.45782608279346,64.4077849632908,93.87214593377102,13.351262650646786,1886.7754709328497,8.152267921816296,63.74568107625913,3.3612942202808704,5,HIGH
130.2058098521626,67.60317191173141,35.098473363486846,59.98039231452553,3150.4910356174546,18.960748501697722,62.44510963170296,8.474208876266559,7,CRITICAL
26.580128903885168,31.604267028543678,95.51900852788872,10.291361627231218,3492.0519543811865,43.33142512577895,66.53509669626322,3.8647974998745847,0,MODERATE
66.18358581336338,4.101076734079854,15.693640463860731,46.29278743874265,2649.1889964734337,8.326469325298596,96.69632098947585,5.357990655656452,4,MODERATE
179.46758821912164,32.15010169893916,64.27124770281293,13.404752695777502,3399.228917463152,30.74565491514905,72.27267101013405,6.489419359523327,0,CRITICAL
220.69893427175694,53.90049838272718,15.141944740899698,4.850808098595238,2765.4989072487647,43.888854838680224,72.40402856356616,3.478096495859168,5,HIGH
299.5042534178849,36.028030862463424,90.43967689857503,52.495999461038934,3373.049111351387,44.128946743254986,38.96173340027538,2.939786307580683,6,CRITICAL
279.9339994030673,59.917052068831886,57.68281513630487,51.52507555145351,2490.0840045083705,23.84893323614973,99.75422063237743,4.7525490260802865,5,CRITICAL
192.76955986055745,28.55859435749311,70.24135156865165,24.214223546976083,325.1838178061952,11.509964311295224,84.09914609642681,2.148809720927891,8,CRITICAL
126.3744159882216,50.77953128832236,84.84165333194073,42.14376855242561,1436.624645124734,13.083372599097554,91.40423408658035,2.8421058691906342,2,CRITICAL
190.85320941246982,14.913584388317966,23.527956023557188,33.42395596103503,2280.760629118523,40.58405580497578,59.00102882816959,0.6207848403203609,7,HIGH
235.6954854240696,59.94955493159655,13.473240574432046,51.17736682042493,1259.9788576171659,41.467320173189435,65.14896670499374,3.0397027597100545,2,CRITICAL
35.500857277016195,43.655677505042064,89.09930313215669,18.903358159119264,993.1745174925362,29.315185754942192,66.54586664135935,3.2070409336356933,6,HIGH
122.97146690888647,16.325151083728045,38.343990471303925,31.42034399993911,2042.027471609164,35.64705597879645,43.58661775027237,9.618331662913196,4,CRITICAL
251.94068569068517,23.35289387982458,21.608101713444874,29.122342272273027,3270.5814746234005,34.59725005881633,78.264240942887,5.897288254658801,0,CRITICAL
115.1498855799132,59.88869668654659,52.16151133783779,21.234349575411525,170.68746363072978,31.47286391956428,93.20837065322196,7.873824254158056,3,HIGH
171.56168136815597,38.60809885292166,63.84754681264169,53.48730387338234,2703.84765221796,38.09107819487756,41.45940726968933,0.4537725278032245,8,CRITICAL
176.33080825865946,17.282515231445778,12.787354308025911,9.952675479752129,2543.4091092539634,32.41626492161284,36.04227914403151,1.0653669360837192,7,HIGH
55.34287594009181,77.38169522962382,34.7406092431379,8.97051837124177,3375.6393175895905,26.360092229899973,81.67532338782395,8.145369608625924,2,MODERATE
108.67063249568652,57.21000158535104,12.951988684920641,34.61457211936508,3260.9537170472754,14.478254503526271,49.12412821710875,6.235495494176357,1,HIGH
100.35338662257965,76.57078660318369,47.83018502759491,39.449653799096524,2679.7023390524655,34.75552576474476,73.67037791321306,1.909820305402029,8,CRITICAL
7.859012559619439,34.168403628827456,90.55900261596199,11.67715525947391,1845.4102381549653,23.93751471353098,78.70308365945264,4.047954058617382,0,MODERATE
7.257529167406574,38.00802725533764,98.43871703442123,23.443046535277446,754.7230586556435,16.791667360300373,52.53375345072753,5.386724999816228,8,HIGH
249.50911310273204,71.83641729480154,67.33427981532648,56.793830578724624,1931.0632282232316,37.07785102967102,87.0601218198049,8.436098291374417,6,CRITICAL
81.92124299184373,42.003947219630774,24.54739244061326,14.79704536144044,2690.4643790228056,32.868544014121134,68.49922874799518,0.6041199169449418,1,MODERATE
155.42362987164464,56.58231295245337,91.52644509993752,40.10164212704365,3140.058783600731,42.493582524988,90.8299585566262,5.967222893673624,4,CRITICAL
89.61767207663192,20.173830199642396,56.46230408800544,44.40896362185545,2774.5064317763945,11.61766560075511,83.43054867912633,7.170359215866839,1,HIGH
282.20377353460213,35.738117496211245,23.837438089262626,26.887721967909574,723.6709264091362,30.967571385459728,90.80029424262176,9.778918579104594,4,CRITICAL
77.78902765973213,9.875989264828409,92.95540025064952,56.25155920557498,2118.917784086805,14.76957872352704,31.411296748252585,8.071600782921845,6,CRITICAL
128.8970438216805,16.478402870156934,78.17221456507927,44.19940411312743,1195.9984353831817,41.143319412065665,47.045438251701626,2.762273135652734,4,CRITICAL
261.81907514538057,0.07547322141048696,75.85347454508364,27.47547479165387,81.75955249771832,8.979976570264627,36.3005558312157,7.095791938782651,1,CRITICAL
252.58007003754258,3.1412041318928186,73.82626334149643,34.16011210656564,740.762228470898,31.246472257795087,60.94581120325444,7.632778849269771,4,CRITICAL
55.83042535388319,78.18270585415435,28.030583898679808,41.55680660550604,440.6112422704,36.643428861121194,92.29720851307228,7.297354999183952,9,HIGH
240.79299293871313,19.388295610940986,28.990602253677345,35.53141082575309,2957.3809762111664,19.196713614588287,62.72781835868084,8.2014406795187,5,CRITICAL
137.4560660213678,53.064856760320154,71.94636985845295,52.72185502956455,941.8465699099513,43.16552317535237,89.47991312062759,9.037299762136376,4,CRITICAL
144.89066162560655,67.12797590396892,29.775047509935717,21.41331973682407,1032.2079926620663,39.029227383441494,52.90247666135225,0.9842986898934025,1,HIGH
40.04399172478313,44.05283673892514,49.4804527122744,17.993144403348296,3361.7811727061508,16.784731987396135,53.769905096367665,1.0476385768111884,5,MODERATE
24.180454127137395,12.251560006716495,80.38016430345472,12.83033336971586,1357.84919451854,5.301643708639947,92.68932112288144,7.96399988770646,5,MODERATE
218.38179209212956,58.24931498689331,80.55572662880569,2.266978083875708,83.07045849816123,16.866287044722434,59.80720025581911,2.523724765214709,1,HIGH
148.93834570658993,48.02011280796664,50.79355952732737,2.58083786280332,1029.269211794171,16.252418818829703,85.28358414562665,0.5854142195007794,3,MODERATE
131.05521078455388,58.500047147790006,81.29709444477206,52.20331158655697,461.58355307625294,40.59858430003636,46.5650483517331,4.012291809806058,6,CRITICAL
218.85246859571902,61.579729828566975,85.47596165782511,40.70358878435444,404.68953798869615,43.6848471301899,96.41605807743449,8.198769118260781,0,CRITICAL
229.65386969733294,78.03282941477961,68.92981761558343,39.63194492618916,317.3311509683358,7.817599438810414,70.22047725713998,1.2656502381398038,0,CRITICAL
47.67245030080607,45.885062402136796,30.558326707757814,36.87856913609316,2096.7451721050516,23.85179314133267,83.15264980048813,6.718419718044675,5,HIGH
183.06754484329238,27.331289015248146,34.66106023469928,50.95314868164629,703.2496465230123,26.93327994119183,36.26609898564198,0.036158617715676966,6,CRITICAL
40.606224683305655,51.87716455201897,38.335703986786186,28.81601553993765,1296.2876394414861,8.716466453188133,64.48649580813701,1.0973744721244993,4,HIGH
225.4125258087137,5.47525673941009,20.51236969605568,52.22464971349802,3023.961120648558,20.0999083655009,93.07269484138163,3.5085034576848684,9,CRITICAL
197.08654688014187,71.7917854657269,34.58436583329506,21.56670157093435,1513.966582297151,17.683296695718024,91.39270403303132,0.8360228102441403,7,CRITICAL
286.9843863250374,9.550480907055743,28.85673018812789,55.602450260345435,3209.13515767815,26.44225417308349,33.276977006395924,8.45901667437113,3,CRITICAL
20.687404906926353,26.22742703086546,50.97958748277419,41.919418804874404,1767.8862842148417,31.447635989277522,51.258892839026274,8.640705031454688,2,HIGH
17.116416345376294,65.25963045008967,91.75937930850384,15.430628161465636,1425.9863211971574,33.139404419862664,61.03240045353561,7.555707030995242,6,HIGH
84.65612240796004,47.784990266456944,19.403228507856227,33.84509530131751,2638.8417984629205,10.470200944535502,42.058537004905176,2.4247963139561746,3,HIGH
78.5117051207718,31.49084162219537,74.82411315526561,31.981833689295335,302.45409074960725,37.51790807778485,81.09988176929792,5.232470752399799,0,HIGH
74.09363972159994,37.874852750001715,71.8554703971815,8.273929303820038,358.70042128934,32.141681191630354,42.91583969190981,1.841885255233714,7,MODERATE
271.876374156311,68.36379145617443,18.61787787970219,35.47457434503685,2299.3093130342145,40.56299666986878,54.26477860589203,2.812784500731108,4,CRITICAL
74.86385995485183,27.20035088479137,93.031516441522,18.887137423017478,1729.9454606754066,22.973442377417364,76.42964458004727,5.160052921737911,7,HIGH
81.5849178385893,69.5719747849737,61.162498194113766,3.140926008576146,2776.932613601275,40.755590508887664,63.746254116713594,7.350138084607978,7,HIGH
227.8194787253891,7.050754478135319,42.73529690221158,56.91936946239389,3211.1343888351835,39.630964894243014,81.69997270444256,0.9465438039363916,4,CRITICAL
134.921952735162,62.143874976690455,78.0884725145776,38.48942214385727,1389.865727966839,22.536373294370783,97.28455308560018,2.9669669762808617,7,CRITICAL
233.01316708655438,67.80381064437891,33.16289125614706,52.61513591225082,2107.6145917170297,20.245732611719145,38.158268140063825,9.266213485719222,6,CRITICAL
19.609847269315573,14.5454122269871,72.41588533416883,40.56336030079519,1777.403365893819,42.31248059881027,79.66974014786427,4.2912331778188815,2,MODERATE
146.27135810201528,34.42772258977604,13.57400868150225,21.419021528406777,3436.5567619663934,33.6065893815375,46.12409089424801,9.388696739093144,3,HIGH
10.08408005498479,13.23998197309245,85.54672338483448,30.761284339728686,2917.241205380253,42.129813857523025,59.013370918529844,9.914005415521356,6,HIGH
18.795961036606357,56.52833031953742,50.335376231918666,40.54480562083062,3195.49509355687,36.87899115583252,32.30039080565979,5.26659826111416,3,MODERATE
271.9312360033233,42.82782144493254,67.30236229221475,57.61513951208625,927.4733021427344,29.371897571656575,39.513516760488926,2.8804400978485054,5,CRITICAL
41.773611335278545,50.825867736665685,29.91140378260153,15.220167547301788,2715.2161599109504,9.63411108015058,52.384410233422976,7.90776808572579,1,LOW
159.72620468256514,15.718957356496892,70.93663413926032,52.49862351744706,965.8826262418887,16.65922690316394,53.93900637015895,1.5931073552501496,1,CRITICAL
123.32868078021197,16.93966896419356,79.50162483039489,55.444668317656166,770.1617403279452,43.75369628393566,92.97096515234671,2.520468596720705,2,CRITICAL
104.2029978776528,3.3197860407925095,52.58918681959589,40.224930879537396,3307.7182508116503,17.776883948568177,81.92690364865607,7.848799094992822,9,CRITICAL
269.95000370618175,25.765402815658376,65.59542316556148,55.87599764408027,116.60023767663994,8.730194791414831,98.05280777309288,4.336459247320299,6,CRITICAL
6.54701903264685,44.779572906694,51.06933314401587,23.87271524864211,3380.591027638832,33.30213423677279,71.93500572346684,2.0153793698766673,2,MODERATE
199.13690585267673,68.63479311978631,90.46822323320609,57.180970562426566,564.9535446113814,34.36017018174737,46.91996124639226,6.511257449523244,2,CRITICAL
289.0183302640651,53.354195796694455,54.808226246288726,42.166972629958494,2877.061382186775,16.418308811486032,52.935852094515,7.327618613816829,3,CRITICAL
168.05045503855257,34.83170587198011,85.7627838125937,2.520346045128714,1001.9328080849557,16.90687917385215,52.3885146304377,1.2507123945056908,9,CRITICAL
281.04673860992756,76.24960915153102,82.12168524432238,54.412369909143166,1259.9230296360095,23.755719420351355,52.85460293642761,2.769802599749341,5,CRITICAL
15.677363785807131,57.53961604606655,46.94543392135209,29.068368541991553,797.8141040608481,5.8715579904902215,77.10749211782709,2.2127675537223324,0,MODERATE
125.63799572224842,74.41321622900401,30.707604267172755,27.61961908666997,2070.023446559725,36.57292041444654,67.15655496632914,3.7985462876245215,5,HIGH
78.04733728861535,42.20703786177325,46.54739193037939,33.987996358778055,1250.9296389021656,17.683551490965023,56.9796924660651,7.634448955760645,7,CRITICAL
219.24628949421893,20.712341983451168,84.35956381976982,8.963072806273676,2318.005986256588,39.1505240800791,40.43628381101016,7.137081022743242,7,CRITICAL
294.389127149174,4.226134909177759,30.486928223745313,28.14996291404392,103.98324690012761,37.10521686400135,31.549741405950215,6.625239103837039,5,CRITICAL
76.95901873327435,58.08678811870804,57.19927112719744,49.86763300306474,272.09334812688667,31.456081324751324,45.31842743113848,0.06285545868591202,5,HIGH
196.25238044222235,9.70423984044273,82.54870731646727,0.9289475482509202,393.83097692280785,17.994994683971548,37.52299827780769,1.4214331338038944,2,HIGH
59.42928982792204,24.222010261757376,41.81297276155409,16.37502961946228,1495.5282143202971,25.6526624664468,84.98115215965676,2.232975491020668,1,MODERATE
169.59907637148297,42.59767263071179,67.79886733024276,0.1472751866306532,2861.0467956769176,22.79317030391836,37.874857046971975,2.719558460388496,6,HIGH
139.17974600650086,45.15332702237981,32.10684166439331,24.942678548990898,3114.21379080542,18.55527544994697,80.69597661147853,1.464265416489,7,HIGH
291.6015988894611,48.046655758970886,19.835150083134394,43.69893062962408,894.5970532101076,38.92545157212713,56.996108284325786,4.103155514738896,9,CRITICAL
182.55818180893996,13.300426427976051,81.49458025835708,47.92630974687771,2031.5755486245982,24.34028298310661,35.136487282064316,0.7518058501402591,5,CRITICAL
104.85191162604563,30.378992385731898,18.907176106783616,56.7113856676204,2700.8592247894717,38.308923911885856,86.89110346021101,7.500221903877807,4,CRITICAL
34.22873546638001,49.375538169357334,34.42432555716262,36.51027677824719,1046.46153322265,9.208738965672971,70.57413991656293,7.8772078729610495,3,MODERATE
45.374048620480366,77.58550917070278,86.9598479797696,15.277611999173729,1461.0766917401427,10.64099154401343,46.503305900450115,5.742666896008981,0,HIGH
67.59507898537052,58.210491015975094,41.18223583708004,55.448876948201935,1857.710999265713,44.09281220451907,92.62768220328675,0.8970487704196783,8,CRITICAL
75.2899984020894,73.80830056751662,97.5740814562745,46.51894523282257,515.3182201077645,28.510738504243584,33.1680819709386,8.90083169546758,9,CRITICAL
255.18481735234135,60.97696466513416,98.17609012964738,34.46570898018867,139.6389133539421,25.39078693996196,44.1273725738434,9.656358287081146,3,CRITICAL
168.36683648475747,47.337357511392035,34.144841840820106,41.73841294313616,577.1800421480772,25.926242525764465,82.64328494641026,2.023635603217894,1,HIGH
157.01727341230992,15.361869530907564,13.68804000249014,55.45898130044575,2212.6449933246904,13.610750961314393,79.65645512169223,7.046398194407198,3,CRITICAL
34.430661560765245,53.334852151401044,73.45569557848413,42.7436417083753,303.98300229120173,33.74815798007892,50.249018560713466,8.419386306424858,4,CRITICAL
258.0419080048305,49.87036527679257,50.58878523835094,22.10247045508404,704.4524587329427,8.391224949190175,34.34174127469482,5.398435225427023,1,CRITICAL
216.84429096254513,48.19753363658131,19.067755956361864,42.7816921373458,1215.595905648798,27.932948524120928,90.06546505574607,3.2332309952674887,6,CRITICAL
20.300508570000474,39.18286943905926,73.67705370802386,2.416689764123272,318.6517218569639,27.830751863436056,51.95883466489318,4.785587150803527,2,LOW
212.3505291689306,42.29252831914205,12.80574182007291,23.184933709834873,711.3624855076388,41.56753696534044,43.699939044978564,5.12268750784452,7,CRITICAL
163.0614652027938,26.755402169448324,88.31770214430179,24.379381910734757,3193.8807719931133,26.047312404194415,66.1243275652684,4.0063704418802795,3,CRITICAL
24.517603724033478,41.545015411384256,22.478727620197333,10.010294065250081,116.58200618309742,10.48250783896718,93.71590394977132,9.298424936337062,4,MODERATE
137.49019245859694,15.80447245427826,21.458069087205253,1.3851288331062106,2304.340138401549,27.910130369926502,33.04826044903628,7.438831109425021,2,MODERATE
145.4088861390141,64.41395178883015,25.81050681717261,8.00287419826457,1376.210811657388,8.653105774613294,83.60628616216215,2.4130164225496396,4,CRITICAL
49.73236204898272,14.862156375896625,96.423972264286,39.2772897478233,2370.6381510416804,13.151753411996868,70.07312595570963,5.855571873198685,8,HIGH
283.7094441000847,6.797303191157313,72.38524242284615,48.137328981821256,2080.9864352537456,6.244343367496645,59.78143815862718,6.886891509311674,1,CRITICAL
254.9926114441986,34.89968210857259,82.1234381917273,59.29220956361845,821.0707025235228,25.531743298379933,82.0856310873542,1.4015642170213027,6,CRITICAL
200.7067011987325,52.66459516048495,45.78714871594777,20.781810186509656,2972.8727321281904,8.381304611742895,97.60770971091426,3.584257423801488,9,CRITICAL
138.68866830018217,35.01734599468331,40.268145475446005,35.96275333566611,1747.1943200022806,23.775775141253163,46.044434781388375,9.05548281603916,7,CRITICAL
123.52966247535255,22.140330556104686,31.103560610485296,56.228698008907315,2887.7492652514775,42.317801412965764,40.055315555048374,5.671731001852015,2,CRITICAL
195.29204014528625,44.65369471123526,53.2583225481168,10.022506880289157,1450.7432498493563,33.79045652077328,93.9017221655888,2.1699774606031683,3,HIGH
163.62956082207165,27.760186832975997,59.66458601807516,43.05873518056456,3447.1651610075746,8.096466969011722,76.82671542201126,1.2278479811915077,9,CRITICAL
18.681931764565686,74.62941521013065,66.859735928748,45.29872398894979,2708.1882868294724,13.968392488353727,60.65902150933762,5.182268934748777,1,HIGH
153.7507946310995,73.81161116828576,33.140665359882505,5.338532152160303,3382.5282076383783,31.946496795737367,70.12816991849982,5.476857230291441,9,CRITICAL
241.92108516985184,40.18974559776764,95.37886728126915,51.6749631109839,1824.4263522390129,40.78807444096735,82.19297336233709,3.3441445135461234,8,CRITICAL
137.77196327908743,26.23071952146068,25.278264838642226,48.78630282665063,1684.2344064029166,6.31674347055815,84.1122329094002,6.304160284191185,2,CRITICAL
15.586973266280523,58.97059311653113,96.90878572897711,2.004180394646067,2656.3156421721396,37.49804526882376,94.39259265732753,0.6868468621938872,8,MODERATE
235.88345981520993,2.937035478645331,11.337051025675342,5.465064892803088,3087.004857396334,27.47255521353235,59.87899522269359,1.4513969326614062,6,HIGH
60.40913464079232,37.9815204834921,53.3013122635161,2.947613633511139,3376.302995736175,26.843653011855704,50.53876370135765,5.462738210112592,5,MODERATE
77.58625046641163,26.90587154162668,40.00310543049065,20.084611907961733,1169.704075812124,43.312527310134314,74.77649867528893,0.6181569384445396,2,MODERATE
49.411906029688765,73.64287080820438,50.421107253722575,30.55733944079557,2805.5307797571045,34.90578450387092,59.10095294956712,8.809087649911007,6,HIGH
99.06451946144927,0.9602421818146034,61.359812108271015,31.94086367727773,776.7273118426016,39.00475472224448,71.62189177642846,1.421463704565168,2,HIGH
227.0254517065905,44.22519005746793,49.203024221143814,16.06000558616656,1932.231496271786,19.15982278178667,59.39900589191652,6.739198740845365,5,CRITICAL
155.8157578511812,59.25308648533008,47.33621652714355,54.69581319361645,670.4761120117371,27.174561633136392,40.709705067472214,3.9120344171442523,7,CRITICAL
61.46438224521377,38.8014390019233,75.9451073871976,22.09576739231479,1248.520898038669,29.61622709711083,62.85987261612709,3.9978774754224844,4,MODERATE
263.34902344561226,6.832242413017733,71.72886475778182,2.73300935792115,3263.1863668622846,17.863357614498604,78.3642475358723,7.648895286111438,2,HIGH
263.87455648545875,77.79691120223218,84.99441538322631,18.013626692483182,554.012914217147,27.80992499789598,85.9498665367355,4.99462134172914,5,CRITICAL
261.17352751380207,41.44083451008783,32.4963083115546,31.86656535264933,2231.783088216428,14.466215179188552,64.53283937575827,7.256554636438663,7,CRITICAL
71.63886341446178,49.13489954552091,64.85756587786572,24.49330935529392,2095.6922415995414,10.735026842729582,41.56665231472806,5.051912287527692,9,HIGH
135.37180325429642,18.928782616600586,62.667530685356844,16.43055114595555,466.54731684600335,19.958810371093307,59.02813967546021,5.929053414052634,2,HIGH
295.4968968422625,38.679846808544305,43.27640297854199,7.8793949858590455,1174.6277010024019,34.57158514985748,85.04057501891887,7.607146278696641,4,CRITICAL
231.6037428929971,34.33195935666575,53.745178771241285,49.149870005773785,1992.2861905776667,41.647485922955504,58.9001489431951,6.0730874292127535,8,CRITICAL
8.150226367667946,5.991667360158699,38.24039289751559,59.768714527451515,695.7662010102914,23.3085620599293,78.75715555229556,6.156151093887886,9,HIGH
19.561377378147615,8.492828283797378,22.765995785528666,19.772528011432925,2812.1516146242134,30.712947531017267,65.50495771746628,7.892195914275945,9,MODERATE
139.17941304369984,66.99780156950196,29.242108959645954,22.897262650596236,3403.939957894887,9.12148523900402,46.88561875765777,9.490868158193733,2,CRITICAL
272.766061758468,19.18559617652722,19.496228176108097,37.08225148061742,790.9199298705287,41.178550342093146,85.7305355616152,3.7671615393533675,1,CRITICAL
161.61053938581426,15.596661719890443,71.47626176711117,43.10648848413248,694.8462785274869,27.744168542797375,35.894941784948095,5.7711715722595125,7,CRITICAL
149.34375241028707,40.39291610001114,69.46546537982363,23.521772088215474,1619.525997701184,36.21352990500628,66.74231979286054,0.862731577335456,6,HIGH
31.642109986989176,61.49977050900104,95.55457344218856,54.295771018908916,2629.790206133111,36.77764803685575,44.62237239703835,3.588038805688669,8,CRITICAL
197.03403141728822,4.9557214863190335,75.67105722825171,33.600239353735105,1021.5221053116173,15.259221054724236,34.6945939978963,4.12049225889386,3,CRITICAL
246.63094818006763,46.14463357106047,14.68412548805183,27.02340458435586,118.58568500561739,26.166978127273982,65.20537559582742,8.35237316824051,2,CRITICAL
114.1260022522687,9.536835427245869,89.58206565360588,38.80036518959431,1917.211166713484,43.4191900624391,64.96935091544465,5.133924021256768,9,CRITICAL
232.68355527759823,2.9168840660494766,87.64076466511531,57.16823089495039,3350.2719587972115,8.585381792833111,79.48306311730046,7.310663732984578,4,CRITICAL
289.3429961702435,4.219516172977391,49.89882886954288,47.67313766530233,1399.9051511539622,32.321995921182534,82.13254851363334,0.19007400025671362,0,CRITICAL
61.12993773830673,66.7331286566753,62.72767454751294,2.4007878321074605,1499.4642119316964,43.49056312140688,80.94540420850277,4.6449266962831555,4,MODERATE
156.9988893584224,9.437798690244925,97.8470499225267,19.93859464439758,3392.710924043431,17.023084322160887,58.66911130417285,9.013176651635842,2,HIGH
86.14138742537266,3.612109152983356,57.90739274633496,28.23268109707336,2446.396260112213,39.457916856173924,74.21828510585938,2.243139093057851,0,MODERATE
237.8563257101518,35.03199097143298,91.47896455384807,18.871054332546315,2531.1431338053317,42.346301816330865,70.38616698507722,0.31522185307112927,2,CRITICAL
173.27800976434725,67.51947775536198,17.47348820291678,42.01125364982739,1991.3219185301832,34.883448375793,59.509322928184375,4.334087337134765,4,CRITICAL
190.37472526509112,20.992670119144154,27.194668183781456,49.57614899175486,3412.4017774781837,14.253132492278331,71.80488859301953,7.044318206475953,4,CRITICAL
239.3742478847682,33.73700940207331,49.66794490971861,43.88070571111629,2426.5893712681686,18.360028753063755,96.30735136943838,4.544635068414696,9,CRITICAL
118.79114179873646,3.193802605100098,62.628112750357424,59.359997209696516,3137.8629930378347,6.432371776709229,43.502562057696416,4.599783135112658,7,CRITICAL
274.527020522113,35.92628113079007,83.46050666765203,16.352858873581745,2462.857086779613,38.258129369814206,93.40404670498684,6.698050412383195,0,CRITICAL
159.90866017384198,46.209046450970696,98.94359036288682,52.49936970146529,2586.149595699366,38.9844474604432,33.74188597882389,2.54388808283049,6,CRITICAL
47.3864468506044,45.67256430017159,44.99663468267048,45.99735991046917,1051.9176813907504,30.308412398647707,51.58724490311624,7.518897916419775,4,HIGH
208.76973545064072,26.594135373949214,14.267407252607644,21.730725453488766,1097.0015081476756,19.101114050554052,50.17016740280698,1.5311353090573343,2,CRITICAL
237.97840513147634,25.24265445305084,82.10543529657923,44.04747261941812,2751.297041037301,8.072441105596821,73.8455575516634,3.957506052859877,3,CRITICAL
95.028503120258,8.52988951492783,64.39426471745273,6.244557385094818,1073.6366976361537,35.12230439659638,39.18574662441032,6.5600810847091795,2,MODERATE
257.15377709962587,29.34386565170147,27.86885729813815,47.36000894043314,1991.5567442652841,34.061047744396916,91.76433282878276,8.283690072301976,7,CRITICAL
271.8429764297299,7.959573509837172,54.53456109592781,31.939836155226157,910.2654726281218,41.50410086955604,87.9985985925529,7.9153107116505526,3,CRITICAL
83.07134621334268,61.327675576964126,76.80792209803519,17.53741036255519,2868.5926637912894,34.22128084021449,75.64460737796944,7.216855993076978,2,HIGH
295.0564418145666,77.30194381985487,79.33706083617794,39.34663810705081,431.2296617355305,38.147797689760075,62.08896822545384,3.590963835363911,1,CRITICAL
42.213458414627524,77.60595653333655,54.96565707988858,38.49719992286454,2911.5909071777423,34.83818471615998,95.30692294994549,1.2230431629372385,2,MODERATE
60.60470052074699,69.2056879500315,37.469307711597324,12.569173363175983,2129.4178117512265,30.227487532492656,88.15225883043891,2.1683421769299063,6,MODERATE
55.267451771407835,48.06337194716953,97.63683238346442,1.8238448886915681,694.8378951534166,22.07865576764037,64.95206036568715,8.64833814576485,5,HIGH
268.1969130023611,56.06925577951039,69.70263498608435,26.017355214100434,1920.0220799961078,41.08469234569111,79.13113481180179,8.573313701326594,9,CRITICAL
196.28776569748857,22.816464214433125,46.74137674116688,34.170712160665275,1024.6209871233245,31.03874287629879,69.68509665257793,9.515608525390158,4,CRITICAL
45.63128496668186,50.46163361380965,35.24169017841872,52.5963167022359,1165.9623048202134,20.934212878636362,71.15595668717852,0.759886518955416,7,HIGH
132.0970255105047,36.451963955190195,75.7992684703206,55.69300773885566,1262.7717435092372,8.338771807278288,53.16832486062299,5.368090852774561,0,CRITICAL
184.5894075209406,38.561387182154604,31.796510103439093,31.728313089405983,268.45140205450724,16.628194236175283,62.34592232374277,6.486830449042335,2,HIGH
25.039225496814986,60.62212483001264,25.453899007631936,45.228209026112694,3451.56781118489,26.74906939320659,35.46850015528209,7.106573770668566,1,MODERATE
264.72491052220164,22.553468447780133,57.68505000658632,26.358196339679814,158.79446705272312,16.02541480064778,55.014408416521476,6.438632350104302,1,CRITICAL
241.08106063246055,25.44316893556159,36.09886533797277,44.76492939437358,2335.6142124857606,13.849413916716085,78.70799607535064,7.700113899022821,0,CRITICAL
151.56203207299146,73.97134329029093,66.60146304312536,12.288091496350015,1330.7353847631355,26.095740563513885,96.72512213543304,3.594715762893416,4,HIGH
290.1379845777511,4.49794358807778,20.614480738681014,22.263884088211885,2278.7355037661114,11.792813835829383,97.41448789341142,1.7943277213548214,4,CRITICAL
125.32829378252991,38.85074387306723,68.94469941105893,38.05367992881689,1279.056473152164,37.01640253300414,68.9006008387424,2.045833721504385,2,CRITICAL
295.2330957109493,73.02406403262894,35.4966875197932,1.0894779364247298,2374.4397295930626,24.37472605370632,72.46355762667073,0.11978689470164339,8,CRITICAL
200.37599964108813,48.82904062545256,10.021864099106146,43.34767862033724,2565.8625076658445,27.954510958506006,43.00048298506773,3.5032187210622237,5,CRITICAL
190.40138197618245,43.71256593697056,21.424245190675876,50.13213007609001,2432.4066093787746,10.895330703893942,78.67156756654715,0.9174405087997728,9,CRITICAL
49.7864685887355,19.979534338348415,94.02538400515847,23.948499665637087,443.16883568562537,17.983053425174695,34.94611548720704,3.214886927901909,5,MODERATE
264.57832749139317,27.46203912515586,88.06191752038221,26.87654503062986,2316.281659558662,21.403587330446115,49.927998005961115,6.282100771662478,9,CRITICAL
128.24690637618454,68.16387326437544,31.024812883261315,51.07693273299186,1015.9570456166357,37.32851322066012,76.78543430998096,8.9447805558682,5,CRITICAL
48.670021734743806,44.73745054147665,80.05347140909421,46.539278119562006,149.36472846420065,35.8063809234461,51.72170920804425,8.396054509905165,1,CRITICAL
3.782255992727712,41.17937550054239,64.77144338565768,17.2889693420025,1481.165818016891,13.919098991507255,33.4892811880118,2.526742119575769,9,MODERATE
167.92670509151478,7.966377083202314,97.38142403048825,19.438566393692337,1545.7237046731136,29.64716326428031,88.23092865456746,1.3408314219804696,9,HIGH
158.2198866368029,1.2822525164098497,43.62450935806532,40.7326939434358,1661.7507600659405,14.738254310879903,51.72310049941942,1.930722737967313,7,CRITICAL
215.80608671074756,77.09481509496393,71.33145512654542,33.791885546889674,2481.643370597971,44.529886227609815,34.41736574010749,9.70986651903607,5,CRITICAL
267.0774159053406,30.158893382947333,15.718215018152673,9.733774265789815,1115.511141541484,43.08495512523483,35.23517151520056,5.494744796854908,2,CRITICAL
23.821975392908858,48.25704496796035,45.66226121347653,18.595794553749986,1137.7177702085328,27.530588820824818,47.62311591521275,1.8250222300057484,9,HIGH
219.44894710210872,6.377205854982799,96.74358950693625,53.998996612719246,258.9052840323491,32.95610287576572,42.461116305506835,8.407461546868152,8,CRITICAL
56.22358322927467,54.64914285784373,58.50827870051085,41.290466203335804,2419.533195173421,37.0572152883458,84.20100824461056,3.9519124431255492,1,HIGH
257.4531159471492,74.60533669647687,35.90915530013601,59.15845906113117,2009.0000153285646,33.839936801796156,52.51788326669241,8.992221519747273,6,CRITICAL
245.71905415849682,46.053220239793575,20.824386681574616,46.02075179884616,1255.5166387935687,32.99314764329684,86.32870495278829,2.606771268344865,2,CRITICAL
162.23812649566332,10.089225790032845,73.31755061633774,56.51846592861541,2482.9019772648735,43.342160317981126,42.169219847620695,3.9322175880423615,5,CRITICAL
213.07283958699347,46.53772219787814,68.03704390867541,12.971314432228525,1903.8842348327262,28.858244252291332,64.50154256808587,5.0494776279008455,4,CRITICAL
94.30503395512451,61.30777704837219,43.65448422433972,46.289092489015545,1668.8950632533617,30.452106872762226,78.16259934871901,8.926153340890316,5,CRITICAL
141.3503696798444,32.51332292592149,95.58472166792508,1.2130512088678458,1814.0696756308862,38.970750017527244,75.63935977060984,8.687574316050558,7,CRITICAL
246.4910693131415,70.38701983531743,11.998253168906528,40.24560130269204,2245.401032171345,31.795634714336273,72.07905869511882,5.743550703038779,2,CRITICAL
137.77955915196418,51.89463626858916,37.335146646864324,28.156936687214483,2327.008985782368,34.3173048807009,94.73751213518189,2.2177550978089067,1,HIGH
107.33947959763253,71.93991346313621,92.89625376696233,20.805604315204118,1046.904476035474,14.366747447865698,45.996760339472104,4.033569717378751,7,CRITICAL
148.26373417508998,49.88042489978697,38.88418944874964,51.74426113758535,535.5646036994787,19.850676964602837,64.56034431234738,9.756330653655054,0,CRITICAL
248.47477573116552,10.503037760385938,32.702755046965336,51.25606155945184,590.3879251072897,10.89205382847572,91.87947850506862,6.07773223877402,1,CRITICAL
100.56241421126182,24.77533688841513,58.07983689381226,1.338102293918615,2255.8985563653555,25.23061769339222,35.45256359166099,7.810977551241967,9,HIGH
52.12847794072314,16.143595860196555,84.14215749284841,36.57030734696586,3061.4128358965845,23.229096027209852,33.91217877771527,4.498646953614197,0,MODERATE
213.60420609923423,72.70611981734899,19.283208479052497,22.069933459257385,1462.7621602921538,44.88651257117827,46.3311601290804,5.320072754668064,4,CRITICAL
247.79346381242453,60.83200538299862,94.87186386811625,24.939660090026948,634.8445531366452,29.4483461126217,74.31148536766129,4.289541122325441,7,CRITICAL
30.191243557059998,54.11186951280048,81.55655930630476,49.92244435312656,2660.2786191137984,36.457792927776936,48.19157385148648,7.0292099806196795,1,CRITICAL
71.96223382678342,24.077305570529735,26.312522999639675,18.590386291660696,2922.0886867470977,18.36058683030617,43.31679186661593,8.514710138868773,3,MODERATE
42.59159692829817,14.723581764017082,74.08071650783464,56.58292863825721,3088.0094287673346,38.261813253711864,62.116162075080446,5.073635432245636,3,HIGH
104.38242347464998,60.516087039112946,44.646285037380146,10.778029582328445,2143.5684297523794,29.603398659507334,72.9518648138588,4.808674586362257,6,HIGH
135.1052936716238,37.93263567032638,46.206521026868685,39.763345402090664,3019.513529888892,32.87969326393754,47.39903949117183,3.4028646709839694,0,MODERATE
224.64790108899194,18.063164172050328,80.49610831949798,40.32630402082588,103.18160664700649,16.777231117978175,51.04838307066194,1.7709669429408381,8,CRITICAL
195.34427546450223,49.32975825322201,96.6506327182659,15.131709685675093,419.9635161048561,26.945535667823087,72.94915133680597,9.392477228751089,2,CRITICAL
186.27857024352934,3.226708171076158,21.39902855624745,19.48503653803212,369.3874313297407,30.361478936544344,96.2016895392617,3.16079718679505,5,HIGH
105.71248398289632,26.09362033026028,47.856721319093744,50.087909554796425,2508.486160678829,28.563787032663242,77.23192092066617,8.006914635742854,9,CRITICAL
252.43426592542798,37.48455956729077,53.28474472758732,45.70831529729715,290.05715322534763,41.60774845698266,84.8032900509192,7.153470212874742,4,CRITICAL
141.38615021944938,11.836666728752467,43.868063525949786,19.745752818885574,1762.4570850087593,40.93090657970214,55.67670663288281,7.90917600278129,3,CRITICAL
293.73148140454634,78.77235820726716,42.68702113446025,32.03739281609603,1680.8388002951974,43.83936231507482,49.05780515691262,9.367681333721023,8,CRITICAL
190.24264148872106,16.727789167169142,14.704180080543688,3.7008177751857274,1121.9271562759313,31.697120240279574,61.79874202418358,6.233707602208972,8,HIGH
37.87942246935082,10.428250403461243,71.6984758506361,12.524752943917754,3052.8978363002443,43.87656520502738,86.49929800981715,8.979503433820446,0,MODERATE
202.8532686226302,16.282789910951713,49.259297540804084,29.149233531623945,637.9945464859862,38.29912000127636,61.94097492533891,1.6769732291229367,6,HIGH
97.53120462950969,61.52489065277794,27.53144223795341,5.158424116752696,1265.9966061773775,15.83328561359837,89.27077861529027,6.267125759567876,9,MODERATE
205.89815900582923,34.04045274174742,83.44301520718615,50.599941293516245,2720.8916750791054,22.097426782051883,99.2140386486589,7.722756129146127,8,CRITICAL
20.892344448721722,45.23327518020304,82.23046733364652,43.08037260645887,154.95698465683063,14.535697687560392,35.041866601123544,2.7164113074417404,4,HIGH
52.46443115278782,1.6807325589088595,53.775246528000444,56.618020238909686,2371.678880849972,5.167886433222608,33.17871092585926,7.40753801291965,0,HIGH
256.7211776717359,2.7545046858651645,36.86055950329845,41.60801435784163,2866.5721559474187,12.521950125876344,40.471279203935325,7.784768291162369,7,CRITICAL
68.15386710705447,35.66604398616129,67.42834532168072,56.424082335731136,3266.3240439916767,5.162423451475027,56.90587730140423,8.311879560164448,4,CRITICAL
251.112337572882,65.33241945612988,35.933692219966275,33.270753341457905,3073.223409695623,33.7935384540196,39.172954640180265,3.128829125959328,5,CRITICAL
83.78282653632313,70.81911029660522,31.240713729134082,36.013116663718165,1151.875203076214,22.021371908847982,90.94651343331292,6.816065901683092,6,CRITICAL
192.8645730176123,6.936525407651217,75.74631886236939,58.61826327757565,2072.9562875641864,17.50298908311433,31.620237571894467,3.0425328340976208,9,CRITICAL
208.2451720529493,43.06904816808182,13.629271574885564,38.52774881185562,316.6625513691072,35.468835643807516,52.10549014350758,7.390403874984553,6,CRITICAL
153.79642594351589,73.05837490234164,18.529162393113456,1.847194131644796,939.6515122406297,38.2994709847858,42.92862406459437,4.629736651457122,6,HIGH
91.59320300901939,31.03782035183091,10.61093566212308,43.4281665978314,375.0672066789005,44.0119815459952,95.20775311102726,5.9754437452722,0,HIGH
63.79331291132884,66.36526651426949,23.764886782788352,54.32812152824494,1137.3961510311753,30.680543387009646,76.86367034230196,4.158399814305689,6,CRITICAL
9.956806368727866,10.695652351954896,16.209100783941352,47.7348149876596,3069.395886432615,23.46115834160207,93.84211795159621,1.619829269298243,2,MODERATE
91.18392037221714,74.8315591734239,99.62221310019267,35.029996357525356,1247.7255968763095,17.210572064297438,98.06300972172754,1.7802952960536367,4,CRITICAL
195.9488371593849,60.11386540250421,35.99289729586806,40.27821078561098,1988.548455354921,13.892728368569053,64.79687705741584,0.775689072621345,9,CRITICAL
281.4914455345448,75.30675142295213,23.434121140232257,59.411507355100305,1545.163925996546,13.51703801930405,46.40233756336184,6.180726797216618,4,CRITICAL
261.3613446789156,54.12937868420052,31.689663219632614,5.439725310560299,1633.262008830637,21.36757498879195,43.56101503376125,8.486383979530594,7,CRITICAL
229.81943296059077,29.072314559954158,94.25130143861212,40.03468971799437,3395.023578836126,44.671454211517194,45.60432031800884,0.20836826262080943,6,CRITICAL
236.53420297598961,75.0544938019778,56.81442007219561,17.00386167423563,1071.7329155103098,5.034147897496131,79.6015315335402,0.662395020883535,6,CRITICAL
199.49547104279858,22.045342104734278,42.83362866770712,38.4054237951702,2214.269419854941,12.888235889240033,32.83120096861005,4.574669923029103,5,CRITICAL
78.0860572698009,26.5738017649386,88.60523121182975,36.45741455303633,1499.2162100490923,12.535719296142954,33.59527511229004,7.377207361681894,6,CRITICAL
272.15850921174894,56.064673440139224,45.54912434941292,9.207409926489724,260.9543246145174,33.684779421291694,72.5700059668205,1.5770764471195131,6,CRITICAL
201.2196935717502,61.2253039620309,40.150771296192616,12.40479874441435,1738.191369103614,19.099389103922473,74.94400027161845,2.7165131954919386,4,HIGH
168.132189294132,74.3522787079323,28.6554270294762,37.29777468259281,2856.0344852056237,23.290432183672824,76.5684047025722,2.3200620128180716,4,CRITICAL
33.29684076404432,16.38419272449676,44.00171415184703,7.693796838226447,390.69774195182487,10.944965218796199,56.031635321201385,3.990512186711541,3,LOW
134.11666314192763,63.839842817537914,38.50159204152334,15.91085250781937,290.091873517266,21.19988155507791,86.41614220999072,2.2499867701757115,3,HIGH
138.10748136057788,59.08368427175708,70.95735633683269,50.11473286428014,580.02874535677,9.127992476233441,67.35372114086323,3.52598678544753,4,CRITICAL
259.369082856801,5.103564500287829,36.06244342036544,19.62549036009832,2687.180384293106,26.321731515543327,37.38259410065936,7.285425986619441,9,CRITICAL
163.99446605633653,30.977851296816556,61.94797717803053,29.283609376179776,2547.784075299346,8.917534615314239,85.79695149471416,6.110092484541891,8,CRITICAL
114.1201646911229,22.621236564807887,15.930294852877545,56.468420108750415,1999.3113027260813,36.620335246926246,96.71474503893208,0.8118170539169289,5,CRITICAL
293.0400985531978,24.359233948322434,27.216024102686294,13.628945330216776,1665.3810941195818,27.66406870161958,34.20254191016511,6.377456662457178,7,CRITICAL
33.216177997894704,78.63575036437607,46.666474445021386,23.377561041480625,3114.724060724046,33.958714950940674,57.39459370904059,4.770771715592135,8,HIGH
126.76452849358338,51.42219307839423,94.3254328517826,36.387466532612734,2695.1074922255148,21.740655466107356,64.12612313843233,9.345655747071387,3,CRITICAL
12.607402551421586,57.41409262347997,43.952678714412585,45.32033577023833,2851.2007669912277,20.259651729689093,40.252953205482186,2.8930431710405324,6,HIGH
221.9712362300791,78.12941098520074,69.76667090798507,54.099203202762304,2855.7549396597574,8.928355561954543,90.7396263448014,7.2616641969916,4,CRITICAL
275.4229656597452,30.176142596611093,32.957850017925836,54.928379254410906,2267.3741838721753,25.954224281712904,49.89047514230308,7.308608230445699,3,CRITICAL
84.01119886514682,64.14721347622448,21.433021837590857,46.59840446235738,1630.1504538900133,25.580086594283678,84.81059779567121,2.2150078100918735,6,HIGH
257.50250303973627,34.76247706435963,15.268294007204512,13.699850195598627,3033.138246420494,23.724081777984214,76.96961374198213,9.032236249709362,2,CRITICAL
87.66546913856934,69.56269374519837,37.48721486884762,1.4885598025539482,3244.7255907312147,34.620734587297974,71.86320757269164,4.911832004296031,0,MODERATE
273.23104849317457,14.452603304904255,24.189492411721716,23.02643582133743,132.13084924128339,38.300176001294176,43.449999408758806,6.788833668893024,6,CRITICAL
226.18857107903517,75.81489416514236,25.66094032145118,8.492931059269399,227.86431276856698,35.03158699794032,45.4492464385634,1.4585555888350454,8,CRITICAL
241.47203305243158,17.501736672870372,78.4683377548255,42.62325884629789,3357.6643743341087,10.754629712273754,33.31438833225985,2.5780391699196925,1,CRITICAL
5.40196668013635,26.097640558474524,11.42542638503868,39.66783520954301,1006.2041177624719,29.882380371284324,46.84987008475865,5.861071179372228,6,MODERATE
288.8431071222078,60.49537872854244,60.2029113161891,2.6382984972872903,3063.1245667904946,8.212924227581336,54.181052662235984,3.190272683733495,9,CRITICAL
218.00129762109697,31.500411325232534,44.15152425341183,50.19562674785707,1391.343160416839,32.78489149761906,88.32017127036977,4.996929185709734,1,CRITICAL
91.42532861584,48.656910141315734,55.58949999176925,14.924595977470936,460.8951987522768,20.273563862445066,55.64748667003637,3.7400519937328927,2,MODERATE
248.8183994576541,35.565880085554284,60.65472134931426,25.933624529462534,327.5290407222032,10.299958250651464,82.82352479359244,6.40553796644048,9,CRITICAL
84.45635952447898,59.389594967182546,38.20309250115504,40.076024127344546,589.9522518275749,39.48203427904511,60.76095969068413,4.871453627808089,9,CRITICAL
261.8261518698384,18.266500189488866,36.559797416585674,25.765127211135198,912.1315222924082,29.560333561557496,84.9407818395722,0.046099359731681666,2,CRITICAL
33.77411712358111,4.676638978950161,76.00616644014151,26.477268167996606,1735.3883210613503,19.1889987179011,98.33901203059278,6.4968083794538405,3,MODERATE
211.10579323823873,23.994351797845297,88.41492893090414,3.9376797201444225,2470.1677569519534,6.2290871860199815,46.788909064030605,4.221215570501817,5,CRITICAL
162.2095429934731,37.94469318947442,27.332346921267508,24.086612955600227,3453.0750888742846,26.49241036014442,90.36391283747133,3.4169834049022283,2,HIGH
28.960341058632245,13.441604175414286,18.785688448163405,45.89087359319901,1573.1982643476401,41.929035139449304,73.52768604140422,0.9414675228322356,8,MODERATE
72.56814847765169,28.383783172511095,90.80162257528234,54.910580231195866,1837.738051083729,28.855193308094627,87.21059831120584,2.2036969056649145,1,HIGH
3.721210883194437,31.998641463485484,41.49059172826588,24.809828223802306,1850.264169772232,43.866024184779725,75.61101315874637,2.2377229158085346,6,MODERATE
140.63038963935176,4.591347495061884,59.61856515965327,25.41514961274473,1911.0485264333795,10.45804473081834,59.67646550919051,9.35369499404729,5,HIGH
90.37957822800011,46.66457985473636,42.35888300680031,42.15762637941913,1836.205267010395,27.732204183793474,45.96524576092533,4.325129747465468,1,HIGH
179.50724528932764,70.747474237703,21.32221027114462,56.56632006631659,80.2729049636165,36.92500192025718,34.902465773181554,0.4206584721517004,2,CRITICAL
89.17134231258515,12.139433036244194,63.03984804529552,16.023656414361614,55.95063627895044,26.02162924502865,67.48628551225019,1.3881668224332089,5,MODERATE
89.97573345209541,47.824641072121125,57.26267665926667,26.40865239227621,386.9487975351241,8.642654239498903,99.32282661688059,0.7903267573291206,9,HIGH
222.95795961948102,53.179136392867704,28.26942032720775,47.758394613138066,400.37028183066695,28.315440061888708,81.66292635099444,5.888693902072113,3,CRITICAL
14.442850793506034,33.546774433543064,50.66821401870501,36.581614162442314,2481.8943358940464,29.46951623369887,52.914187897931164,1.8662149156682672,0,MODERATE
270.8684985575962,56.0878069891416,81.72527536140812,6.6351806378372835,756.9603121801993,34.1483699390141,87.90433600607147,4.98557640281776,0,CRITICAL
255.67916231735444,32.85852347928096,63.13834927971022,37.663964133735945,3136.7636614068642,35.44846060661896,83.82888001234846,3.7006206286997556,2,CRITICAL
200.34140496792196,40.370983038194794,18.722559436029535,11.204777075839614,3253.6918370407175,35.83090752842429,49.714505534741974,8.038763771441994,7,HIGH
177.96647103221528,0.5882435643541584,59.321934750622155,30.612956044704248,3416.8320157408507,31.53777574555864,31.001524285596428,3.204896372653623,3,CRITICAL
267.69074944189566,55.33760913077511,73.24644693606282,31.746196059626307,3289.8305018602196,13.632447456746327,38.271384697376476,4.582654823968083,0,CRITICAL
55.59905385861433,52.90741431557795,81.34330652026762,52.57220173349909,988.0147106189099,21.169430233579174,91.41143332184403,7.212855485978258,7,CRITICAL
23.690748657248584,3.072070186107565,66.62058207708401,27.74965644074629,1808.730114227118,36.04519890457595,88.55941247134102,4.333512069306393,9,HIGH
71.85305097286144,29.460008591610645,23.73923480867054,16.766545334153655,655.3196471794465,43.13707933603253,50.66463006148537,7.93215536013189,5,HIGH
238.3734836100571,78.32254726333339,73.91559399311447,13.857980892961894,2831.423310344894,8.15787859346488,49.96367983990943,6.616843562366649,0,CRITICAL
10.401080017944997,33.658925005489344,70.96076614733647,52.455112601060165,3115.0893827471314,26.421467111887793,85.50054909717298,4.10529113946716,9,HIGH
174.8420505250469,40.15563241054734,12.19841946465699,10.260651265093703,2986.946495576426,17.500890852972258,95.64162289267955,5.039819256863627,9,HIGH
298.631254857393,72.79441265277748,47.057290083121885,25.552113652988623,1545.1159730040804,14.015755772673192,84.539607975832,9.672034558421934,5,CRITICAL
256.7088281512618,57.380950069260514,39.9655222266136,11.23038689561682,2667.4249021693945,25.2324273407886,72.3905073921533,6.6161149650839235,0,CRITICAL
156.43370671307684,46.56561048993788,70.24708578282791,46.39824240686252,386.64813503812957,29.24357362226147,46.986994523226315,9.049952259723248,9,CRITICAL
19.092272785992705,63.8243745072858,29.452223107982864,28.46235839847714,188.84445863641488,5.39088925677925,66.80235398666824,1.7875850347106437,9,HIGH
249.41205431571294,69.14930131647786,63.178473067683264,21.068621433408723,2648.665629365225,36.20826288804764,46.34583010152852,4.832361562451519,2,CRITICAL
179.69355245316316,36.55104573898135,92.1885365632755,21.66597843758801,1517.4756964339588,37.79528525037791,86.56079940677415,9.086616698450506,1,CRITICAL
34.47989911787005,38.00866919454683,81.80221349877469,51.13285240337876,3484.6449633515135,43.62043298271732,57.08727556624161,3.2261206144141763,3,HIGH
28.15718544700686,30.884074852146863,92.93119625948773,33.226437257666284,385.52704470158676,12.2257493289878,88.35880518958183,9.676641981464208,1,HIGH
272.8880458309777,77.33649120147685,98.0655370239421,43.07207106787582,3001.915501296556,28.782102494437922,56.71264525879077,0.9707749047365744,4,CRITICAL
200.76007888142354,55.77330034322803,10.960311430554649,53.82231097504107,1705.9415760750214,22.06501493905578,87.69045836399239,9.026711702750369,3,CRITICAL
248.78603979502665,6.6578452966457835,66.04671487397297,54.104500562438524,2903.668174488376,18.393114062214025,53.33224706156693,4.4521212206585865,5,CRITICAL
263.6936700846802,69.03676986504148,47.15554579830158,19.710543260271788,2869.0891234869996,27.625338057500187,60.80928932323689,0.7374416514116067,6,CRITICAL
171.53170561449667,38.444795266901444,87.38690413016096,57.14707578878312,3210.172404699167,36.29532372894201,73.08418935398603,8.795215925860875,1,CRITICAL
155.2339055265124,5.500312513798997,32.66332318082185,1.4925529208763266,1077.5825389370546,5.9221113378084045,34.92013298209431,2.5194021240911346,1,LOW
129.12822309629706,43.977380413064886,98.29265402035685,22.61013366096994,3326.8077694439107,43.77600450264747,96.37449432708252,0.22250125495225204,7,CRITICAL
95.08397633733578,33.37314231805617,65.23371725893725,53.747931450530494,573.25101323379,37.39526342822843,70.15240502866622,1.3580710556919229,8,CRITICAL
130.37878825761354,70.21995238900999,81.41836620059479,16.478212789018976,332.7922826975423,35.04614814582314,65.54740102835616,6.5911474189976165,4,HIGH
232.1638967190469,16.31956828875099,17.703959754049148,16.384887019279102,1539.0735349346046,35.41549528722014,88.75757797839384,9.778114891381948,6,CRITICAL
180.57702930453948,66.11716875937464,26.511209628297856,18.157337104913324,2907.714241814357,20.562428384746102,90.60339109277793,1.114621395835168,8,CRITICAL
267.75698698645385,44.615095294836216,78.25633057307829,36.73880309081533,1683.3029006853874,35.06482203379255,66.55822831703112,4.61948048124762,0,CRITICAL
133.01400431375632,4.368824257077524,11.978786983539125,26.299966536861227,2911.0390374802737,20.470808344118304,94.90836280555462,1.806365509475325,7,HIGH
182.1268736156262,77.74762410603877,83.51901873044045,43.604090181200554,2567.419479990353,40.94827318299173,34.531643625353645,7.450365341015921,9,CRITICAL
189.3922659275966,41.009219528256,11.255411682272031,53.69463855387995,772.5279321793207,12.088895332258787,37.92580545758523,1.1805889976181416,9,CRITICAL
177.50914869189765,23.2701483385266,69.14069551551461,40.45196249657164,3323.6416059031503,16.693896968606058,71.7751761010108,2.3984174848088955,8,HIGH
210.7901319256549,37.55254735914065,42.85845282086253,12.26800321185453,259.6950317714418,27.053501707963044,54.78461032555086,1.9640596764907137,8,CRITICAL
71.23004051244189,68.62862268139912,65.03453674472792,55.960914141630134,3149.0649910260927,17.7684414354909,62.495761633243916,5.525197803669779,9,CRITICAL
153.7091332637372,24.39224995080508,72.64282662902023,15.86957240084871,1100.3298990167903,21.969489811810938,52.96554525280166,8.731840920006324,6,HIGH
31.2674408425043,15.414111718936025,40.822769726767376,8.993657719689487,1775.5108869171775,24.696907575943786,58.330771801145495,5.110902011564185,9,MODERATE
115.35339829344376,10.325699754470516,19.7166203299752,5.398036731657654,1507.113960817534,39.25413395254034,87.58524430024096,0.5824345277147125,2,MODERATE
146.30012058637934,23.8287518712169,16.268128097343908,33.80302443996994,642.8292213633608,25.927690144347714,71.54333398980133,5.633889305968313,4,HIGH
195.66727786364174,62.40384696320348,63.00424203062931,6.825747748839108,1285.6066890858413,19.498393944582418,99.81411844984488,7.975209993180093,1,CRITICAL
285.15931577586105,37.730109215620935,56.858981836070036,8.326553046757844,715.6238052101437,14.909446561404632,85.0815438474674,1.321561973043227,9,CRITICAL
180.19531996450675,18.1985282954832,76.79809082090193,18.0018288357298,753.4083403388073,21.347039151687888,49.15663778712786,0.7271121434459171,2,HIGH
223.07817485296795,13.294799968779936,55.87619590035434,16.89918058106783,695.3460842910122,25.629444176574797,48.50415824086873,1.8780777755756906,9,CRITICAL
151.87981784856083,26.61835812083033,48.02012110277912,36.25437061992854,1737.10996219575,34.84459428812946,53.5128789081905,7.460863228216274,6,CRITICAL
190.2312094128994,75.19394983085671,45.82784604126078,49.00471676836089,2802.8632179140386,9.841951046893547,89.02816364534199,5.916804195320015,0,CRITICAL
21.27966484013203,27.44213700720195,12.380221233790072,45.680979372173546,2012.9466164762814,13.864367529566035,31.910135545539593,5.405946539617489,2,HIGH
76.31747425255409,79.04992607637082,40.20014815269914,15.749067282988605,3131.5627305004045,20.186160634746926,46.11268952098804,2.494798946317683,4,MODERATE
108.55592796154161,38.818436461228494,97.84181417720448,14.718629879158796,2246.0784855896986,19.415936204780586,93.34428942409869,3.3223659524685942,3,HIGH
141.74800650195408,14.33311346321207,88.620001860438,57.94749180641806,2428.2233989324855,20.66992350420847,74.79275052582764,9.658850129433423,2,CRITICAL
13.694623650715121,71.29120734348075,39.64402603307959,0.4941744955176075,2353.244942558161,36.74085058561298,45.87929668507395,2.4062522672938567,5,MODERATE
42.007229265995306,36.82842985078615,62.901586455973494,52.78323198361295,1600.634216483907,17.966176118486924,45.340147776280624,9.016454232550885,5,CRITICAL
83.04429233739174,56.773707480361956,86.25670709819445,11.983711147344298,2428.2189365902855,25.075927216106585,90.38326712316014,5.805315044577366,3,HIGH
291.4598072703152,78.69692665673215,49.71469030750618,56.83705938538607,290.491725317916,29.95628131431586,92.56302557939325,1.232964663712478,8,CRITICAL
99.40410213091523,4.01402802559792,11.616207737513587,20.538437089651183,3016.4875781090377,14.287142007344205,47.92917636734807,4.67312378155068,5,MODERATE
144.61231743362475,7.735564783005371,16.705941563677605,26.42110643359514,2733.451894881515,33.747815485901555,59.43572506535726,9.485487173608758,8,HIGH
58.82931382151788,57.63653931702049,55.935344921383596,42.42723683666286,896.0433558992919,26.884452789531238,88.4217017039822,4.185655981373586,9,CRITICAL
183.23402132273048,22.546000263637758,97.24954381082905,35.26014308839562,2699.7119671765845,22.871246521255124,83.97052070269197,8.633865647893623,9,CRITICAL
84.20496465479229,14.744111756007925,72.3888587996981,19.07635978240937,93.61697483006381,37.39136106953255,86.97412745962592,2.5642869465170772,1,HIGH
62.097773531528034,3.1489503855783596,16.382457229471257,33.22985495206941,799.5006750590375,14.73981036740728,66.28787335515781,5.70922151800373,5,MODERATE
154.97178853379373,1.7477369588961444,27.04247882126765,43.84241306177317,274.723473414591,40.327038824572924,93.80843338136212,8.438520582019738,3,CRITICAL
1.6517397481262464,61.95884824958327,79.4190828895165,2.5400967541495256,2741.7828623317364,27.44194941466815,52.81660807681047,9.206884411696954,1,MODERATE
2.2992097947675982,10.754674189564,85.72957839606202,0.671958315342247,2657.765821565436,29.36699517518633,40.96704940432626,4.858233671513007,4,LOW
65.72064273055733,37.41764927769207,65.59251275697318,27.48401634437348,2857.0442821163156,40.002358566757714,79.61126327954054,6.39688102145429,2,HIGH
11.016408750246342,48.47174521435864,67.99808526668349,7.910197068210851,65.46184197307448,37.70330751397344,67.75480912048275,0.029801307823309475,5,MODERATE
32.40772623920741,34.2681440455077,12.550370534504617,39.86065748788286,1779.2529070405076,29.062482752876015,89.82100381666368,2.532233075133896,7,HIGH
101.65819480162548,2.1685321868986485,84.56772336233577,12.843147373646051,2481.684881434811,35.12750815392697,35.681147438730044,2.7871210374694577,3,MODERATE
240.77570387394385,62.68012020703271,80.94476873537467,25.971066407740256,586.1338941496033,22.332779609315875,89.05846824066468,0.934930116544308,3,CRITICAL
171.61459301079026,0.841057963332279,33.313162969301246,11.860256212456138,2291.778009918555,26.89511013998985,50.53062572461755,2.7969501335697666,4,HIGH
153.80031778692492,60.95119155019872,73.78090479689563,32.90901514494747,340.1798426184157,7.4828054683404455,75.8398967017728,3.2112203305813916,5,CRITICAL
88.0466469624365,71.46435950304982,29.33691457824983,6.963207563074134,675.5742035598805,8.594316720001874,32.80901523547791,9.687660395681933,6,CRITICAL
279.5261158298449,34.62719368457378,13.629714494636168,1.3864111672488155,1691.4990117313735,38.17701616745328,72.67069074125205,6.686023805608377,5,CRITICAL
119.1045123711575,42.84339784782386,28.102288833133954,3.067898286401831,2304.7997767498023,7.386866227299866,80.20901824311352,4.260050794163442,6,HIGH
26.127830038731446,38.1586714094123,26.076598907886954,57.25550649091859,553.2484879909415,11.775965025304291,55.812515015393416,9.880544606955093,8,CRITICAL
185.1199548353404,31.136689489875103,40.39731970613625,8.537173116656149,689.0204913667358,36.833306358017666,45.07874936834982,1.532323202346112,3,HIGH
34.15151804298042,70.99396282962883,47.66045474579123,42.50869518821011,755.3399663765373,5.0458380251302515,67.63414736224814,4.760511939304846,9,HIGH
103.56694284050762,71.51468085359924,55.76850023479371,4.075572253369575,873.5177762114757,16.296173153834573,88.32335631049526,6.470622070490494,0,MODERATE
152.22358161534265,26.865309171322764,52.90784879574954,6.48962113411093,831.6107774157048,28.36154631306487,52.648315080765556,0.5558063448407702,8,HIGH
262.26675740555277,49.20558032117584,34.360714536876046,30.53257508456008,1413.2644243168468,28.817997258771864,47.672850826489565,7.169988580831188,6,CRITICAL
148.0639741020356,74.15260497166913,12.625360171666703,27.892255809260618,2305.574295386694,36.08611632917894,49.52547160463814,0.9986735292198989,3,HIGH
210.67762980949928,76.96467991530812,64.45914600134356,57.09481856639218,1561.2096518139203,25.23705017968682,96.43925070416651,1.4028230859967694,9,CRITICAL
297.8450516997211,40.7167232337638,45.617034686261896,56.69012718124424,2727.109985187114,25.376074781238813,55.149384103519175,1.5968951246208407,7,CRITICAL
39.44673596939449,36.225984422746144,36.88049416487947,46.776518552547905,2531.476345522721,34.01242302162802,30.252296792180104,9.288898266555178,6,HIGH
82.41945765585585,22.295545274282063,88.0246938547461,36.12610980764099,486.5178534693111,24.94497853065134,84.71768455717338,6.8323554513816775,1,CRITICAL
118.37282267929392,76.7097498552328,77.20689770183438,27.29761904358066,218.50360045656657,29.33964346254467,78.94923567347732,6.5542750110310415,0,CRITICAL
126.54845356164941,11.425144357829389,87.1988993535198,21.370712059705262,3078.898395798641,40.910962730202044,38.99977852220782,5.554934964649921,8,CRITICAL
123.30632257966373,46.386366083818004,54.54845152412149,56.82525281853332,325.4171796419133,21.058040304494877,98.94329743944387,2.928059986951028,6,CRITICAL
272.2833007669665,22.60402140149111,21.78381269140997,36.174528685481135,561.7701734830101,20.405002836768887,72.56435997135779,6.208897045993514,9,CRITICAL
214.20979334005693,22.32066322782373,72.65992925091452,34.74435166115967,126.3598006755073,5.1419596745908525,65.05456436584211,4.101497198886398,0,CRITICAL
182.37156422721114,32.397486990095075,28.54664019434577,13.914067306134893,2217.7604602803553,29.537050460849276,56.755348733602375,1.4541615009261488,3,CRITICAL
92.81181535883462,79.90343486525236,49.71067021825451,2.801869073106784,2059.178442896303,6.190876296285279,92.90709288945465,6.895972903277331,4,HIGH
247.1371152663884,4.397304547185765,15.850071005399965,56.71131478557266,3454.817649201632,25.165939589132652,47.07744369929943,1.2958216792992272,4,CRITICAL
286.5181534454967,46.28334545628252,84.27775621806842,18.824115530679236,3109.9167672942435,37.16935156128906,50.00382301539313,1.9066858102117323,4,CRITICAL
246.35948476506795,6.605772642822174,21.33465769427505,26.555341399467522,1467.4089623091386,26.996842820786526,38.56875646805968,8.176993118476059,2,CRITICAL
0.46953155744187125,12.361666399241518,91.27877563443788,6.87839661514241,1331.9711511482458,15.78544660866704,83.1383366908982,6.60117096125154,4,MODERATE
190.9204110550221,35.165035341831896,87.78075420354014,50.21545979455752,1074.1395182659485,36.446736857974855,71.68844962840973,6.309911542136424,3,CRITICAL
15.340614432630218,40.836810507715306,51.81244879953215,1.6579099713558376,575.8038741306907,15.788680163301553,72.63463184781489,4.182027843427241,4,MODERATE
77.28216610011656,20.70339266916192,76.99313838735915,50.03944572594579,526.3886152769312,34.321271237835944,45.29293017136246,3.9628051823937116,6,HIGH
17.857410104331507,25.316570469953295,65.7500566436338,8.417100767278008,506.37879263313874,29.41033820760925,75.58178723889587,6.902626091854012,4,MODERATE
181.13863588481632,6.957361620474645,82.27680781039703,53.193846757869125,443.695912294386,11.799851869920047,83.58209130728048,7.400055386090457,7,CRITICAL
205.97697404778202,24.257582707540042,48.862459070732086,43.78635824016944,879.7665462991024,41.20535499376743,55.05219715079825,5.102132023643105,7,CRITICAL
34.34629141977153,77.32467515044353,80.7227635819915,9.880215750438307,1108.0067745802517,13.025747318287827,86.09430007731986,9.692692443485262,2,HIGH
115.15166491349385,75.57659053379854,51.621113535863316,33.949079571568085,3367.44745008426,44.58348296562679,54.41534119724147,9.55699558918872,4,CRITICAL
136.8709526866626,26.7902632109588,94.68692090585145,18.759378861313166,2045.732715956506,5.292419546197631,83.06969230565014,4.124294900127587,3,HIGH
110.71590652827497,45.66831490230093,53.77348907426328,10.693985934695007,3457.205422070819,15.539335085716122,32.36110752204033,8.206222542831537,4,HIGH
36.30750014555792,72.76763128887555,51.63573447403566,51.5509319646665,1335.0109699985726,12.994411890967953,68.58152210315569,5.432678415984153,7,CRITICAL
125.68433705624263,0.49470581127173396,80.65646754071615,24.211365990433762,1628.8118824335716,5.559736406818505,97.86685924479207,5.117558875571745,3,HIGH
225.35341434252544,64.85468562700734,83.94199225847541,23.912622861922948,1169.7963741202132,34.294716005892624,98.68712204776735,0.5496406137865184,4,CRITICAL
21.30229935997664,75.86956422311351,59.90402028890537,10.193200488397201,680.9623955931067,32.73703208398385,49.72268048392184,5.739747104683102,6,MODERATE
24.054004224571035,7.306058746684565,26.181803214556787,22.98394056514672,543.9182418326482,36.69403857419722,60.89793637562488,9.005779305631647,2,MODERATE
106.43138755079526,12.915814882633683,52.09824078618215,52.29701077973101,3310.52323243702,15.26794185858261,34.40845355906431,7.801338491950921,5,CRITICAL
282.5177134856775,76.85970422170843,97.12652526187105,21.787722629378155,3454.4968522057075,22.773406683318797,91.13389153232198,7.86317144699262,8,CRITICAL
200.5717940168742,43.0032114912277,77.76875737352667,57.096213749987285,204.93776295512384,31.364540864861898,69.80005071981499,1.5992903857633922,3,CRITICAL
203.60098700176945,1.1357307577378961,83.0046343491219,56.778533952503246,568.6932678245945,22.590740155525744,56.95704752583619,3.5844944713356366,3,CRITICAL
108.5759972513595,20.610559901082333,12.95429489373161,8.693919558440761,1511.158118438528,32.89303081271663,37.893939094240714,2.332049166502358,5,MODERATE
178.09823736256152,35.99549394150877,52.10735163707439,10.638675211358692,692.8504933882053,30.358936337617685,96.27370998478224,3.1591528245563594,5,CRITICAL
3.0393552083230135,55.432712881981416,68.19590202917999,51.760444219913346,1305.3873580127474,9.585912120887059,67.11533334746956,5.795393434937254,2,HIGH
190.82881392286265,58.652830250943964,84.70294152652673,23.56565513548315,495.3824070157351,36.24172484307872,49.804955035803275,3.647838133702479,0,CRITICAL
273.98608427287104,79.63372103403648,14.434628822449433,0.2624389369805602,1624.9655606901763,33.82705436370073,54.515059109205666,5.606978174642661,2,CRITICAL
183.77204050344577,23.000895950700723,86.71949970776858,16.43230918232226,987.3464257839445,31.233375504696212,48.948802664550335,4.38501248274577,7,HIGH
262.1095780399035,43.05760814947802,59.356084306772054,35.8577395917336,1264.0724423673798,11.203744250840092,72.12668661998865,2.8661555844972764,7,CRITICAL
217.19191663982815,42.6658838287684,27.758257351845394,47.95595795759808,375.37864754647916,15.719857951814546,95.0974503046357,0.9540343420515862,5,CRITICAL
36.16752492110707,32.451620755779004,38.552969480472996,8.003317025595573,1527.0417749499888,20.72708126350402,89.9685662328595,8.918384573447826,6,MODERATE
270.73599218575254,13.532951507393616,35.37365965764047,6.63248186500412,3442.2387578174157,16.197184866257736,62.22666127981842,0.11373366004648666,1,HIGH
19.933153306732464,78.19652505470741,57.777313085962824,55.3255592143399,1184.4740117401066,14.112411627045258,87.85495536107055,0.016524881419711646,8,CRITICAL
160.19024176432913,68.26537493332688,14.651711192001864,45.06890206935496,3073.680998206401,37.21430680647103,59.617383689343086,8.267977397635459,2,CRITICAL
42.6411371380373,39.86664226353898,24.268254264993118,35.38677604668471,2959.037038601714,30.529289854408095,47.66149985310466,9.9681094032579,1,HIGH
3.5119832192712197,48.259633814722385,83.14237390382041,46.151207399755684,3334.601543125377,27.618885262010014,98.83905806864995,7.271028277136562,4,CRITICAL
126.6102780382917,18.180884284772986,21.934359167212996,25.731261678398308,2775.877817321476,14.038108434130155,51.27212975795753,0.15273838062884737,0,MODERATE
88.51221229624687,43.50296563133975,31.005664251231426,45.507344838547596,2325.6090533529114,41.723062490745654,52.660696169083586,2.2669022666851335,4,HIGH
145.8001481392809,55.597610649718064,50.803354504374155,22.308179476472144,3005.2163325847287,12.64732156389265,99.27850074505656,9.718227002619614,9,CRITICAL
173.15996602036523,41.21336227092711,56.54087993019974,14.645674349556142,310.97414826785626,36.798037312987084,39.374924521595844,8.086042521738348,3,HIGH
13.121721692684208,79.2228136467953,78.72494316527428,43.74080527757812,1646.765767335887,43.66690666821172,83.23737916067866,5.6679984380471105,5,CRITICAL
36.900988537123695,48.9073324998181,50.2599183999569,25.1803375294361,3462.934023221953,34.08370916896944,95.50689309379085,2.3686070944035897,4,HIGH
167.5927189351276,29.677897007373524,81.0878158931985,58.882626259571694,2705.1205219668263,44.71435100738519,65.8256495992793,0.1437020592674898,8,CRITICAL
102.95020595179747,61.77216220926705,65.65116763409117,20.96911093848606,3369.1600542284195,31.04204467911787,30.176523319197404,0.20861472637409006,4,MODERATE
218.7520462648344,13.637000926531364,20.17897654814402,55.30364523186395,2739.7385286605027,13.6984137441558,56.25412608791744,6.119808635302267,7,CRITICAL
195.6874945775819,30.761265096501322,24.069829455355475,55.97775291402477,3068.3427876753976,13.152779748660453,37.8098294669379,0.21831876352423119,1,CRITICAL
253.68130889697204,27.756716030206867,49.33303529047937,14.511176823884767,2487.527231446009,17.982571370219055,59.1331362653587,9.936301419253727,2,CRITICAL
207.7478480007676,34.54456760862218,45.720045378013566,47.8932708952808,2673.7319152394775,5.2852008088402425,85.30187331495992,1.833838334937381,2,CRITICAL
128.97932321704445,62.54238607429811,76.9189842673565,25.98447030867391,1854.9641339462773,32.267938803313385,60.70980842186603,7.107073618692773,2,CRITICAL
201.8899867183297,38.73384257307259,62.26634258176167,55.05148363382089,3238.6200678087584,15.746711385113104,60.234758494214574,1.5505972141241342,5,CRITICAL
82.61435227662555,63.52115602127702,44.93197729020244,27.00745635811433,2896.3842416505977,37.607329291710116,68.97526338431926,5.400934210977145,6,HIGH
91.89404963346381,46.11911225118927,25.368425510534706,44.658223040241964,2961.4031315464313,19.36690602237201,70.71834093233761,0.8061128846621757,6,CRITICAL
236.695547976238,27.365554772604426,30.41533920929456,28.01804454982787,2371.8813983225305,24.198259738532506,89.94074161592799,7.667784245332432,6,CRITICAL
133.92585492047465,64.79829949467779,61.795091662215306,13.668045342771372,1100.8008174510092,43.62755666241477,51.5848807460266,5.849210947248297,2,CRITICAL
239.51410215550575,19.06317364424733,48.10949244098132,11.961007736681177,172.9227940959807,14.686884921891084,87.51698850576112,0.8616669340141503,0,HIGH
246.72671210048352,17.950638383983637,56.343475797460485,25.525871655380733,3278.0101964629284,33.85016389718958,69.6153624084433,8.485861892000056,5,CRITICAL
257.2687012983851,40.36023392438686,25.360969177201028,45.3296794208529,2072.115203378964,35.20471157221669,51.03706848020029,5.47018614776702,2,CRITICAL
274.9905707523622,20.86793967696711,69.66156271101093,36.30428911084601,1078.593250461084,13.839926300945407,50.6588230804254,9.21592310013318,2,CRITICAL
129.2955661539889,0.7269627960973057,86.72848667703704,41.3177573940326,564.5161220740055,25.039873464487826,55.27962619740072,9.166233736781127,2,CRITICAL
95.66004549634165,51.86380218390412,33.21455561082105,16.939581043916547,2911.854920977604,19.008077012518733,73.58852698339828,9.205077894865823,8,HIGH
174.65962397823415,40.88750571779184,54.236280324864396,28.886120757456332,2935.994670844147,35.876249736003565,46.15682119519644,0.7778520020046797,3,CRITICAL
111.35172703128828,35.64142515945289,97.79745961188117,2.66371589815962,2860.0524900503337,29.899332761161496,94.42334931705872,1.2095776175452344,4,MODERATE
180.3222500400699,77.35748116946523,39.99175664956549,49.05194495748724,2275.535287285413,24.03932219442188,70.24388089245303,9.87705809716198,2,CRITICAL
211.6757587931474,45.6959347170331,63.55417104313851,59.39352973439248,1312.7530871919719,36.17453060190873,94.40110438972047,4.87600821398706,9,CRITICAL
206.52150554764106,69.07452622315076,18.11761301802199,24.412743757480253,1099.0424824918866,14.406222800336682,33.24830510054083,2.3821405282914765,0,HIGH
112.3658661060364,11.156018896412814,64.54135022314989,0.657819187892601,79.51395690768715,35.14487522337436,53.982795932303134,7.69664488498658,3,MODERATE
50.05806050962585,45.53651705035421,18.06685959741561,10.187558373056842,2925.9460774744293,39.614972483712975,31.596536248133617,2.64285221212482,0,LOW
129.15880153866226,69.43837013847224,96.33118917914399,39.151612665025134,351.6428063530665,40.1448638723029,49.05762705685788,7.272156880186423,6,CRITICAL
42.77824322457262,46.64846058239184,74.40963868650803,36.72475909223155,2226.104743240648,36.346943720784154,90.34045305880117,8.372857778497611,6,HIGH
267.0291105551425,57.44113425016012,80.93438093221357,47.271883175132636,1789.0585665983049,21.32056667993075,32.56268010895406,7.842633772952806,3,CRITICAL
103.76323822135723,29.76348542497659,73.36939246944732,15.23304065766409,1867.0782882959115,44.27232090871308,60.530296994102144,2.740478081979354,4,MODERATE
46.337924166997134,7.395961362965329,63.07561324688192,45.817914932828046,3247.1593163118177,20.183745752897593,38.22969493312594,4.016185740792371,9,HIGH
7.634327971725263,36.63202361016572,50.49215029769548,41.279041291420185,159.07178888578528,30.545015964097026,59.178846148225745,4.132510032332764,6,MODERATE
193.74671588594526,31.558351267108602,87.25360417849562,19.368869862830596,2718.2031749692646,11.442967122778747,88.71961089850642,4.9127291810447185,5,CRITICAL
191.07069523642298,69.36481459031579,96.11521007887568,32.72928888341772,229.58077436720959,44.21795594545571,73.61497233817633,1.6737285154013604,3,CRITICAL
102.1812499743875,19.51962418819778,54.913255561367315,8.836428509899603,181.62994047705135,33.15943687458653,81.57294417319963,4.524700504143424,3,MODERATE
21.513566654295303,77.33873820280864,93.83815442397358,27.153870206134957,1532.8710585877677,35.13510180985473,54.43728808147067,5.107829905154797,1,HIGH
122.8886684685696,76.6510495843597,62.499961898966575,52.87184037333846,267.6093514832352,7.631068136445784,96.10783865070991,5.317089965810524,9,CRITICAL
93.36524851901807,19.810531445715096,58.45457682067899,25.271482789523446,2772.5466319605466,35.53671256882687,79.648346564565,8.199004299844582,1,CRITICAL
203.1361919205028,27.84415643818564,50.9034459659821,50.37400238852532,1876.9926730867633,35.98893716882405,59.525917349917165,5.1733449847949515,3,CRITICAL
181.7337748358071,71.6444592699108,28.835898537710786,35.41520191558166,150.18380017622184,31.870909054489193,59.85253601589385,2.307839225136752,4,CRITICAL
109.378118459262,77.3297776716886,10.334769473625327,11.512602786141406,189.72736836262231,16.676384551613744,94.30789245603083,6.631287382441871,3,HIGH
65.36776627649704,35.47512822688353,31.735560417045512,34.866374681873786,2163.706427601204,24.58760168643526,70.34832854047743,7.973141440866252,2,MODERATE
296.4107898466776,25.679763651271827,55.87508544432087,30.35899974942381,2831.085770921497,9.417374852348658,79.44654469321293,3.1937166643826176,1,CRITICAL
136.20048635883447,42.087521060123365,44.19639570337773,23.91848011178304,1560.4083828979687,23.863482658366102,59.192465715921955,6.453059290176052,3,HIGH
206.4822707340711,55.02153650925878,50.363670520237044,7.17782637096422,1963.3033167979042,14.752954104016194,45.65849353352999,1.4693799594601265,4,HIGH
42.16589027350823,21.877961229998384,98.25833976076446,25.00251983083379,2809.4116164721604,18.963879459763284,80.6491504396093,3.4192630457806406,0,MODERATE
145.67690989781934,58.91785396952582,41.52451336023948,4.365742574377627,2156.246300444276,11.504016336147945,72.54766404989715,9.092239295496341,0,HIGH
8.261015960839647,4.132588569171283,50.69646454240971,5.926143083925075,825.4228199229271,14.20217470987588,65.09400162973455,9.113081631625708,5,MODERATE
151.636535373135,3.9435594211533154,22.016399621753763,24.95499197596296,2165.0294892497013,8.062745672804649,73.68146579961247,5.753245787430636,4,HIGH
289.2052221353107,30.90301641164362,14.316195919328887,18.32288891810782,2217.5641337749867,41.79605465747685,44.57999102449635,7.023514608651067,3,CRITICAL
115.26201389574007,28.277855364857647,79.78685631332452,55.53265955173341,2582.669084039887,26.216427519016136,85.57570945723694,8.540154152059413,0,CRITICAL
11.698803772473475,25.25065722937218,61.361485756478075,22.54234832281623,2192.015947070964,20.869678850509587,96.37139635142141,9.585531853126266,6,HIGH
9.286737275803059,39.2815810135128,78.46343254395055,45.471487324326006,3393.885350080231,26.401168510751354,92.37722009173919,4.898864402897694,3,HIGH
116.39602798406085,25.658686584925697,23.487651899789647,31.814851581974565,730.6446650738862,30.131729139262106,52.5005021714912,5.615757366260343,2,HIGH
48.00748093895821,15.380633477447354,61.46458940644219,42.24514011854013,3331.2628445064133,41.875151734773965,58.42040412974531,4.156415666478303,6,HIGH
7.0056288984557735,24.75756392708807,32.8278226907238,15.60695898092395,1907.271241707556,12.147718091452532,86.58816098582929,0.7198193705642875,1,LOW
226.86408418505306,77.9923418248188,30.525563521001793,56.51429837029974,2368.2486847074465,16.822099945408702,71.65819915772227,4.228034724488184,9,CRITICAL
137.55690266456722,32.88907335958789,11.037341264768672,31.80530981486544,393.142511210055,44.03157345376459,68.35401105736545,7.906273393830771,0,HIGH
86.77343159179635,35.57702214866686,21.730665121216468,49.87944427711498,1362.9869977544693,19.847719465940976,94.86493772734116,8.048854979915287,3,HIGH
270.0249549049442,46.1235991960912,37.83413003497258,21.90274160856681,2704.3580552979456,5.902466030293105,67.52174726839355,8.923771145932998,7,CRITICAL
34.84168806015768,78.66726147313813,20.519088453184516,6.012680943031472,2488.8430020915166,10.905739705486353,66.04570757111169,0.5146670517596907,5,LOW
286.7756486865958,19.32810211486104,98.72725963698437,40.42269886325093,188.48088917066514,6.053548069942081,32.94130138864517,5.271545895806339,8,CRITICAL
94.19001521320584,54.502568842594705,37.77693836715556,0.4655789002454691,1935.750209065494,44.59692569682914,34.85918710130964,1.0742448793707626,0,MODERATE
266.52110169260436,57.27877548333793,21.729155203209537,28.517578593930498,354.5597657410126,16.154833959648922,30.51942155164551,2.0074218316574335,0,CRITICAL
180.88286294383846,48.585953343445276,27.917408154516195,11.568114159987555,3485.70468066466,41.94171027744904,93.92709580485436,9.002165023806064,4,CRITICAL
248.01220792244624,7.086267170931526,62.893290550732885,37.64253026612173,3145.6732304398665,44.83545103038863,58.58706620123904,4.9679125842969585,5,CRITICAL
295.2039489631393,54.149782066206114,15.763917147830966,58.76519238827113,122.7282784784525,28.993648845724568,62.79929632933888,7.5854492089661365,7,CRITICAL
86.52163134562372,5.127576882894038,87.61907171270411,27.864174379238758,3012.3410472140763,6.32785260262247,89.17708633147234,0.6438410592868082,2,HIGH
288.3406456222779,47.691411963991754,96.53497113134326,49.04989539154,3222.032121926506,8.26366521547708,72.64724172630446,4.16826503924852,5,CRITICAL
116.8445684707261,59.16649417773941,32.20726786006428,30.46705121706726,1269.74136784392,24.26356220431511,72.66511174734067,6.742402806643377,2,CRITICAL
115.65357142107669,16.877591249596033,50.508574173177344,29.750401866241447,2532.280709914792,21.246880516459438,50.75741005483687,1.334064812782133,7,HIGH
102.11613127635171,67.32976060342193,11.992100592654737,55.82540959072667,1575.2579244168373,29.247092231270706,88.37358617471634,3.2581787910568316,3,CRITICAL
162.42228220427555,2.428304442640341,67.66392022544994,53.39795212480089,2310.552071788387,22.553912388454556,41.60809832276456,0.6454780502388324,1,CRITICAL
46.24351295354613,67.50502909266449,47.253345224732996,47.14802791127846,1224.0950448287606,42.363073970859375,33.72047145210635,6.513399408695104,8,CRITICAL
166.11344560740335,36.82632405142121,34.30526194914002,17.775345199007045,1162.8293663847758,26.389588616540443,43.41223502629726,9.708912590581185,9,CRITICAL
162.5114437230012,17.40703519453156,28.61533995549476,32.700504943436435,1514.2969165586478,32.749042458497684,48.74160531421953,8.270454911428297,7,CRITICAL
228.570543781461,10.70225159951744,68.86207698928844,13.4338339983411,552.2087673511289,40.85941090569986,49.76177404979447,9.746231168075656,5,CRITICAL
250.09498858127566,76.2645734065898,47.4595327929083,26.635001882792388,2917.42942730207,10.874875033328294,76.93595190331374,8.456047950983965,2,CRITICAL
132.13240509372721,5.813247006492537,26.16933601269208,29.052783945587436,1253.0077389976464,14.189386164741142,45.24772111300504,8.551958061969787,1,HIGH
90.69997480544812,15.927473594874053,72.01981733381416,49.898402410159854,1430.5159609751659,9.292746418960602,77.36608131464891,5.771771953713426,3,CRITICAL
77.80046919512834,27.825787794643677,60.85650547330243,53.761701919499586,3134.488413822399,10.585535969196492,36.379252126365984,5.182523114132099,3,HIGH
58.38715101146158,49.61878791688964,87.28048494365466,24.877203743788673,1763.3521585179412,25.503358677369327,40.304172276853635,4.062542664278276,0,MODERATE
17.294274659707465,43.58408682208787,20.572830898884362,1.0622667043942324,1927.675987260477,17.847170358698563,65.61750139436964,8.180948950458799,8,MODERATE
102.734393650414,10.051479392985119,80.70999417500106,51.70643038736128,3349.91853048099,21.926913581070195,94.53270618036498,1.820676122780246,9,CRITICAL
81.07430763923497,23.178238699057168,70.6165108135533,10.456720710081642,3109.206021850213,44.299593271762475,90.16973121677798,0.562249158241932,7,MODERATE
289.9252157599222,19.100141686881926,20.3509843145288,37.31291783342361,634.6601456651163,11.268173911837923,97.81274097099622,9.47893822684675,6,CRITICAL
167.31264787501317,17.083428359227312,72.53386568845487,1.4982540260478716,1682.5918532174624,26.632482831923024,75.53353456947195,0.03778185203477058,5,MODERATE
104.18311170915227,32.891546918398966,49.739255999184735,23.970388515633857,3400.971984628482,8.954846202146038,77.30704064912644,9.768293218758519,2,HIGH
174.1402802981088,56.322516207332555,95.04863070002588,59.15761812692099,1334.6637288886793,17.739852530555144,73.75160992520443,7.288533698737658,3,CRITICAL
41.75901040370865,17.396234577378877,22.74502155561094,6.041616066228186,1331.9272243808903,26.101036946983946,73.59732460007382,3.2849891969782763,1,LOW
133.21312476066086,29.334310376238513,67.85500517341642,25.421589119978538,722.8542996725826,42.86526983861351,40.298424154730924,6.978198430863102,6,CRITICAL
187.87029642631916,31.273394147292983,44.37820409166513,18.42899701139713,444.414743710982,20.64912885133932,68.06172693147501,8.178751571851274,1,CRITICAL
146.66934953773543,78.11652235483281,96.113320353179,54.30528740329586,2604.051528108137,7.596267848586793,57.0247553416208,2.4536205598643592,9,CRITICAL
120.53364019629727,76.3733085503255,39.697740576124886,52.16040647444131,2706.605117020232,20.526457918412678,60.97760510441054,7.708956832795819,0,CRITICAL
298.15451666990947,64.01100662016607,96.59673185426202,14.26192561837373,3393.0947240853498,10.829647034959109,66.65204011414662,8.043696250082402,5,CRITICAL
264.0944286446781,19.33271366553481,91.13372659906742,4.87126722302587,2718.2928276235025,14.199584531657813,38.987732026157616,2.4935463012534544,3,CRITICAL
187.02178744783203,5.442985127333575,34.334491177959066,37.62830364366705,889.5661044159156,29.723624926599616,55.16414136964839,0.4192635437798353,7,CRITICAL
170.81320835468483,25.35233101764998,82.31875991437849,20.182122713022586,188.4021950953783,7.696954648147267,34.44146926136225,2.0412228455809767,0,HIGH
186.19814394737523,21.343563954706468,99.60437816231554,40.325063436363784,3449.7589760753276,23.588950250001496,98.57676912956794,2.0064640888939445,8,CRITICAL
60.39363234672997,40.47406401171151,32.739670195415414,1.9271853640688685,1224.5548996254397,29.378463440430576,38.29696201740883,0.6524045417548319,5,MODERATE
118.54132297929559,62.21823280542345,49.309945239098774,8.003954110649365,1126.3018213918517,21.874335694699877,48.09673169814681,7.2600738465519585,1,HIGH
11.837859867269795,68.66583511030865,56.81626629100837,41.1823339663586,3175.5454736353695,5.765054024949214,92.3905048692378,3.799749244584082,7,HIGH
142.663811246048,67.58912683284068,36.54380222234779,12.742239318149867,2068.594649980202,44.420774276114614,63.789703236739925,8.843861674538584,4,HIGH
162.90737518729895,28.77404489784542,11.373835568142677,51.455260545744096,791.3055497795143,19.68463069362141,39.49460410644412,2.52171105665186,4,HIGH
68.32492083096288,54.978747476854636,29.8116319777774,3.515453262608126,3117.3820373710264,36.14308747733068,56.89613766275443,4.532321650999274,4,MODERATE
289.20865414965414,25.026735801937605,35.37431959075826,12.928918967134477,3477.094949938865,18.02585968749813,38.110759593397006,6.3901742892676285,6,CRITICAL
272.8363832811726,4.872443458814617,49.923973118636845,59.91361490910412,349.041035970366,24.000670279736752,44.015119795915126,8.77464949671778,6,CRITICAL
216.64297063677176,56.125221248235384,25.399223057206168,25.98456615520756,3024.768117643581,20.538545704439862,33.64208928648915,5.246211016193748,9,CRITICAL
160.01598862960878,0.7862042055830276,88.59289210225053,42.17793981267861,1397.2791570111592,18.701569180384308,60.675924618436994,3.735246278123828,6,CRITICAL
260.9907478943055,32.734606996679084,73.44200194582025,10.95978293142082,1858.04994044813,5.87405508831115,86.46452852076818,8.67015078472009,9,CRITICAL
39.19570314703888,26.350341544166056,17.668042980369577,36.59212409913226,3206.1151163891836,19.40083751418014,71.01784250899269,3.1024642468761057,1,MODERATE
237.1529382824655,55.470203081508195,68.50832060259383,43.56636410216511,3408.1582254241544,40.5795996159812,72.44417138392282,0.7942369963257645,7,CRITICAL
37.446244190054486,61.29963782083031,68.82908287650584,18.868598151990632,954.4654909103579,32.615733543747346,44.040882105826824,4.450421075102399,0,HIGH
238.26319876482162,24.327570877702705,96.0599056279265,49.73382671855267,784.3351598117025,10.816914363817594,54.07256902766565,7.85093306497992,1,CRITICAL
82.73027047540708,64.93016115558828,10.271878422054513,36.205054708336995,327.7821271407159,28.646200184909567,89.16694726885824,0.30780831753523086,6,HIGH
263.12717430545666,23.5133408403947,32.31392048252265,23.347380576901813,1988.202591684376,40.68923439795486,36.149932902856015,5.8588224498959205,3,CRITICAL
283.21262814761934,35.7061087989249,93.50123314377839,33.458543600589515,96.93516430480554,33.00136163859422,90.05514575679736,5.944640485272361,9,CRITICAL
44.63879082153469,58.161482161130714,93.89205238584547,34.605650846155456,1471.0491267542811,10.947375694267869,63.85830183853499,9.285417634273816,9,CRITICAL
138.80268151961806,55.433618337983084,74.85277774335736,9.932117561631962,303.1748574494295,39.71329986937987,88.6003201927582,2.8646481714502183,8,CRITICAL
294.29621344880553,78.989477784976,78.91869889427859,24.16394219201797,1448.0289511062022,17.061760531554615,52.260449357608024,2.7883661321069617,8,CRITICAL
145.022230791944,18.01288193727455,18.23346621366824,20.605835281169586,187.76605296635196,23.16304577249367,53.719006610811455,4.4048365133967815,2,HIGH
259.06425675436356,52.98543308316659,56.24882513004103,24.054163354747566,2931.499549100253,26.045710387565855,82.61234078262,3.5691490147151517,2,CRITICAL
176.61945663939596,48.77455266206219,30.842469216009945,45.66663530911548,773.5995290880522,39.02026417512781,84.94973213745541,7.363458626893268,8,CRITICAL
112.59897237588056,73.20787635920239,26.309623925225555,28.95230444800036,1182.6650507347963,42.26429980590644,46.07512745931027,6.417520771315496,9,CRITICAL
85.73506665776107,12.508971331590004,82.92729692109992,56.41896919435586,3051.665588292052,42.18611511162224,98.10099273753339,7.5892103790626635,7,CRITICAL
60.966927325826184,60.143853086954636,22.153432301249268,17.620584801506173,2624.6179115961077,5.318167251141626,35.91430729713802,8.200417911986891,0,MODERATE
228.53945741330918,45.461489301501466,52.17864732967467,24.94221469709574,805.6823476651017,41.87553942341829,34.795207417149165,9.229811327341476,5,CRITICAL
115.96215204690836,21.973269583032433,94.47204156274297,47.21740862874248,298.0529943683614,7.175478640062893,71.6852950700272,4.309367317846476,6,CRITICAL
153.38263866022535,37.954793131773926,26.72488500088083,32.76147559924502,2519.0745301509214,15.630946272697415,80.59185374401349,9.846973894715495,7,CRITICAL
147.6976440003546,26.702127765583825,98.01940813644111,32.82168878546686,1397.9237998739773,25.599514189113318,97.26202904574816,2.156608134036527,1,CRITICAL
173.18370876993936,46.34507222307687,99.48591871849531,3.200409780311011,2692.975996957863,24.197027560175762,58.34620465592031,7.143651619473285,0,HIGH
259.67314368736567,71.12004886517327,60.00554392141626,23.915979763107348,1586.266964694476,29.18839175549568,31.770398629274318,5.340093173071892,3,CRITICAL
294.22180307502884,45.544398752976164,25.31284661594421,16.24402394530395,1243.7083247543535,24.17784914948023,72.20274376124848,8.169005946848834,0,CRITICAL
122.27526257214508,50.53779346612672,38.44943991468061,59.96010736986692,1606.658658332768,42.37502718561683,50.27872144191403,4.76770520606426,1,CRITICAL
248.2556766318909,41.499827769176754,48.204354940888166,18.501304237938616,2632.5285005638348,14.62195392858348,60.306298483678155,7.839386353624312,2,CRITICAL
229.3583383964153,4.0932405156380725,37.839180192240065,53.06979208763181,3162.659988564291,15.960987761539434,64.19286375749547,9.30168714647678,3,CRITICAL
172.05868543667196,18.62868455008754,35.257202188886424,40.574024102428645,221.6968282305856,41.829517427722244,34.51588275166237,7.322942661400873,5,CRITICAL
286.81414308357995,39.36013835456662,97.50067382947218,20.454984551525428,1858.1848172329953,8.069580549810249,64.0187249194872,7.760942862183243,7,CRITICAL
60.14235465852084,24.81882269957638,23.802834467417107,32.61206270244742,163.28223033937772,29.382432876192397,59.84237667630204,0.6717543126585612,8,MODERATE
32.779263092886424,14.541087820895537,75.99951178451761,50.43215279695163,1666.0129303340375,32.26943808262443,79.87809857006152,2.0495766223228062,3,MODERATE
256.1885900866266,40.330627353475066,10.03692604952574,53.00209788185471,3104.2257603843063,25.221668937189577,75.19661378486413,9.743037405035937,0,CRITICAL
131.74494499012448,25.824783475828028,63.65644024621392,9.623632500368712,1297.4864191500683,32.76927515292549,42.965100270539274,6.931870037873944,4,CRITICAL
254.09065626211813,20.64861145387318,92.43487035586472,20.37438847249018,3266.953952728219,11.910185840478679,44.42972427472779,5.614490173110046,4,CRITICAL
267.9270615586245,37.11883339523047,35.914068468389715,20.113390812814302,2225.5992271946025,39.10528931086159,47.57043251420613,3.6697637339645004,8,CRITICAL
18.73727808572143,10.662740646573852,26.697337773194725,2.5226877645566814,3272.8359360858717,10.601027578795424,42.526530820802414,0.4438900120691791,5,LOW
265.0394288958182,74.21965864603258,68.65118153905843,35.89426559111379,2662.2248576731927,21.032497772629988,76.0049239767927,3.69135907964135,4,CRITICAL
134.49571661082666,69.41616783353912,74.13412665685539,51.28920317953128,406.8513249382299,8.010304052328232,99.61011254401893,4.989128732895759,9,CRITICAL
153.12974670126965,56.60964685924283,71.92274670567832,22.894463269531066,847.4722180912358,26.808443152696007,75.64758383611556,2.1145950938688673,9,CRITICAL
187.97775332796306,8.497106207076497,38.738519201923665,44.40215669905062,1409.8880683130963,31.789832297025566,72.46770823339038,1.7313679127383252,4,CRITICAL
277.914782019026,62.07018035757544,32.69821619433978,37.662024816044394,636.8687429416623,42.64886540381162,58.69495533457507,5.084165513575169,7,CRITICAL
5.7348283289292095,64.63658624872151,96.03269199658398,22.53892412958005,1757.4450364794789,34.573447835840035,51.88061812018325,5.859042356275439,0,MODERATE
143.05304049534513,61.42116941714701,93.09695574429365,8.463587969537825,1676.2201371701426,26.644116658166045,93.77516298345354,2.3991791885452485,4,CRITICAL
206.3166127291682,9.117270969539293,51.15849489035383,42.55943116655804,3349.0942331944652,42.30468068681335,97.8301311899507,5.87389474456213,0,CRITICAL
216.81208730946852,51.512636565421175,86.15744795389361,51.27391013647443,1546.3611959911232,24.137473521635062,64.77433229114095,9.00339963874295,6,CRITICAL
207.7597294611324,66.74598365995189,50.70911298708664,41.151269544089516,2760.4124747935925,27.448226123954775,50.31403468545902,4.731732580213538,6,CRITICAL
40.33053882243656,46.18827209757342,48.19501162652593,1.072709042089084,3299.5913797376056,28.84394110680383,83.90855453688374,8.573901695871815,9,HIGH
89.81867651150436,51.71259001824712,24.108665283936517,12.973973663459475,3075.61146686025,21.399189035462673,39.271975360681495,9.272714445333184,7,HIGH
107.61465762510404,36.66907835410449,48.37654508427755,4.1687990930119145,769.9033045649918,38.53930762263297,83.5911766350577,0.923940289370857,6,HIGH
241.3311623038515,42.296585590724206,58.36752447398263,34.223165974573604,1761.3031351747277,12.407037553802365,87.32638620179371,0.9581157965679699,8,CRITICAL
83.6279617243659,2.750148668138017,12.025389468581782,45.388660730424746,1249.7022489209437,27.19368761486432,38.743276123901715,4.760441828876014,7,HIGH
63.21148916016095,51.117041757862765,49.97017046578658,6.634751224119566,1429.5124982233935,33.88933024748776,98.38030281575946,5.881024443177027,7,CRITICAL
287.23440571142885,6.515777031292735,80.32205965556803,50.30026923560312,1294.7835505478417,41.15904687506309,98.98586032719349,4.2588346446502925,2,CRITICAL
2.65898553404067,34.80116754721787,71.20414507368429,33.33053870372899,2900.9392751037644,40.356735857371135,95.57036355291459,3.2645077041750303,9,HIGH
299.3462567045935,23.412407813392626,67.16412899775415,41.39814072850349,1609.8797401724437,25.34961157720568,64.72243665843851,6.409941161261559,3,CRITICAL
203.0463896572187,43.634236016937045,91.85998855934822,58.28411091651877,1856.7454462441742,30.726458046533665,47.22518995937799,0.02081512349920267,3,CRITICAL
248.5407898347351,10.673306841856567,11.622880884270701,5.02085929486184,3439.4433818124076,20.76950944517204,70.7406496617339,9.680732808637424,0,CRITICAL
88.38581890385795,55.331472157865456,60.13428275730107,54.073441378667354,256.92848906073175,23.72711051520801,59.3953686930005,2.3207908818802214,5,CRITICAL
4.294583300117994,63.60092295427763,80.86139635687364,7.566161759244558,1733.4538572780834,41.25063170292198,44.4164051302038,9.17098768583007,1,MODERATE
221.36085556845902,13.06835597945252,58.72018444311405,23.577528398200936,2720.5128889641005,42.22815972769896,59.65734867324933,1.09014744534506,8,CRITICAL
250.24337910020273,8.345046988150573,39.15059973223413,51.086321779866864,571.5087557493815,40.81656232268079,76.47228849743134,2.3808718204457255,0,CRITICAL
222.14283958605574,11.641238622988732,22.262550858278008,54.37525420427209,2159.78400142097,10.53483447254553,34.963931755019374,2.348737010875004,0,CRITICAL
42.855086190251576,70.17020495188014,89.88067646345722,30.38230041270872,876.1534893939104,39.003360853225445,53.33926010122116,9.961529042006461,9,CRITICAL
226.02837667709073,42.2551409405085,52.368615314884266,35.64627829652551,3042.544190624758,42.93454924085921,31.245642300897764,0.046005457258844196,5,CRITICAL
230.6768346322923,37.38087968060021,89.03036772871313,42.48884007591343,1178.4938456302734,19.449987782944188,82.4646853823173,6.396382093034958,0,CRITICAL
197.56215470101648,8.536945528188342,62.72669101898515,49.96552010716285,1185.266718308138,25.74585157686677,74.84838873316906,8.696865810608529,2,CRITICAL
229.83477983867587,51.96448054055694,70.67729049535006,7.29067017225997,2113.768880886733,36.163810232519836,34.38704942913761,6.722736540247367,9,CRITICAL
253.77643190331963,69.4399673516072,82.3835038940605,48.60415849375366,683.2920330136851,27.48312550262595,97.53162917213774,3.6273381821694417,1,CRITICAL
184.08123427123752,66.25486954587623,69.32399901401209,28.876569030697006,1032.8658042155607,44.739340868249975,31.58350899889705,9.58309362702935,8,CRITICAL
26.58141419090372,50.0843767184641,45.82493566110439,27.03740550649014,1487.3798829119696,23.228534606273136,71.2972452533262,8.93520754589041,4,MODERATE
146.28834290016326,6.02229733213389,56.22700455357859,25.433985119819894,1270.0506278333808,33.5577084482951,84.3457223259339,4.339549202495178,5,CRITICAL
23.29480040148152,8.991762174081037,82.27409722082919,30.552695114762557,1860.8264021192592,36.703645607861766,85.1527419131306,5.733284926111635,1,MODERATE
122.26290930972925,3.944718968785974,43.62852667356858,56.70303320367621,2118.7584970379335,24.76401663033758,32.399959491524264,9.675191878052408,7,CRITICAL
122.1319467376883,20.598337319397544,44.93093110916474,32.8922263675291,2005.0027154380678,39.27935222845503,93.44905928483075,9.825603619264701,5,CRITICAL
19.802953242072473,10.85291737283022,18.612110445220104,57.190652295788354,2306.8806763721664,26.84618364828786,94.29161703489855,4.498232757179522,7,MODERATE
104.6461601908438,20.80384322019471,92.3125991699573,10.817407836938436,1111.7358322969799,21.46603187206526,69.29732612080609,8.473500281430885,7,HIGH
33.299429637394454,30.804644457516936,18.193268345089756,43.44815872995799,486.1704836848468,9.31294695407788,63.74582392210023,3.0198022695393636,0,MODERATE
242.47056300276665,75.43862272569085,68.33882597037004,48.73437231652483,2674.786017937216,20.736543054016966,33.14072241438198,3.7181287293066467,6,CRITICAL
284.3064077893412,48.830084782535366,47.187503092251795,40.74772988009171,2985.192320075853,34.35745818933137,69.3367899756908,1.6482188299022626,1,CRITICAL
21.694942577381582,66.79790285463699,46.505745122989815,36.415336813592425,936.6715011673913,41.851456467204294,58.65653572391615,2.091845927767303,7,HIGH
286.5345621875104,56.82812005698658,71.15966529154156,33.888766865170936,1454.467248745168,15.067176154412412,84.09644851860594,6.568733022593589,1,CRITICAL
156.77297980102355,9.00025044213054,16.038435936689083,51.655828954721756,1770.0637985242656,19.209420693220103,58.27184968202615,5.107816180070809,3,CRITICAL
89.86970338616217,58.87363250991591,63.433520465629115,49.29879582987,1889.9776074976305,11.158439764177048,77.85065833272968,2.3113186062560285,1,HIGH
23.058622582849054,22.007910524729954,79.48286073751193,7.337323270835972,2325.241090252399,32.62891576915875,37.098570236627154,4.029096163616526,6,MODERATE
150.18728042112534,51.12862775957651,84.53914820979348,50.91525942185269,193.53115507585863,43.40753720039701,39.306658953617685,3.7318345986368175,4,CRITICAL
238.3546633472246,27.276957891439082,25.347735045439777,24.84411716642655,2539.0959354323586,30.63808879392702,39.77971334544108,9.873602045353342,8,CRITICAL
212.12594318000944,79.81378106117273,90.76771450703563,15.221809799748646,263.7999740789654,29.683061200249053,33.186784985982044,8.535658372113794,4,CRITICAL
15.06780343919213,21.084118359742227,69.0531482662698,52.18611408083555,1665.595558471394,27.139597220017357,67.89302014888627,3.8796633338382422,7,HIGH
21.870550610371055,22.330437661941573,89.36693207386145,25.921487978024498,2905.46541771372,8.538229627421462,85.57774082305451,9.13916578896033,1,MODERATE
120.86198478979114,74.45378044499186,53.67526453991785,48.501881410609,1606.692830810467,34.180153057175346,72.72878425855663,3.4263539162817116,2,CRITICAL
88.58714821438298,1.9715523709058136,58.783001058748184,15.80421671735067,564.3596332504547,29.081981741974033,70.24684198869994,6.6790151273485945,5,HIGH
69.71529691681435,55.73511902985575,92.7134449325804,0.2357592853330681,3448.366765270561,31.45907075425148,77.64367498819155,9.666499966821124,6,HIGH
84.30134967261408,58.02611125887025,90.99185890192047,29.727551574176662,3118.0348441562082,40.95244372109686,53.775172615041036,3.9027886398855225,9,HIGH
241.04482298906538,66.91028619283195,50.33447860321018,6.013695398573056,2711.0320346262984,36.358431482440714,55.33678501537602,6.798849651049338,7,CRITICAL
278.7684160895562,77.95514485107803,34.697136847211354,45.26255733149458,1469.7150300022759,36.236610086181045,51.99890687546458,2.959238110626332,2,CRITICAL
121.53080835826992,78.0481535325322,45.385339110783775,16.56450816416462,684.2677577680773,42.0873507551739,79.84762529975029,2.663123155979746,6,HIGH
271.8333006397491,5.2221406053171116,44.898789567677476,26.618738796208724,3297.868575893829,44.597398058519985,41.314823496954205,5.74156666431552,7,CRITICAL
96.4487103743646,65.7471458202322,35.81801874845145,5.222013905493254,1886.6113864841295,28.251309278442385,30.911769621904707,9.792645980332182,9,HIGH
142.93109590313748,51.704794692590504,34.172164389966994,17.19955490683516,2990.6263383368237,9.355264641246631,71.73375127057446,4.531338487201699,5,HIGH
67.80869934479992,51.7873707498473,87.49566428317475,46.88941459551432,1230.2277698700188,23.365196311017456,95.96669553139438,9.376369703165807,3,CRITICAL
192.14281265275318,10.267994129175584,16.28757286161955,9.095274714139167,1206.7446939241736,36.50404585846577,72.65855418974132,9.143635202447616,5,HIGH
293.6943345524427,52.01497331565227,70.98500638896347,38.829573667617446,3450.114658325435,6.109012990473968,84.80451570586266,2.5376261234499475,8,CRITICAL
181.04792881301358,78.59860644809983,25.55380463108071,55.04555116827007,1850.3240173072318,7.275497534245963,77.09534966262211,4.018194070843274,2,CRITICAL
107.34422523406467,72.94548556315576,41.00553040546569,40.79020558546322,535.3992123195746,7.686311295312853,64.82056574661114,6.433024784941831,1,CRITICAL
194.3452337971585,35.13045286438804,15.538873072135317,48.66130135753361,807.8776390817405,34.24143033313243,80.28746812486922,5.180458844113916,4,CRITICAL
36.87620353961627,3.1958378628875472,34.29762731699158,6.538297758234948,1712.7077639048866,25.046665142526884,87.68728866986552,0.9595852986317432,6,MODERATE
266.5977240796196,28.983479200016387,79.15789640055179,15.043909560123268,196.52464118501914,19.755917740823744,45.73121509201886,9.936980301271582,2,CRITICAL
150.9251852339509,66.11122492804442,89.65137920925328,53.67233113443546,1645.7422495551366,9.22468181046944,53.52913363382019,7.5265400121128,4,CRITICAL
134.8049226118926,56.119928117213284,29.937443671213035,42.906336817085354,1495.3459051764403,34.28961000823556,45.66080127522987,4.376940382247118,3,CRITICAL
175.75943653605574,36.747492447516514,51.719305533302965,38.37322958263867,2738.71011535223,17.84079242203599,61.652106891330874,6.181685496662913,6,CRITICAL
187.43515883682073,4.4081228127064875,52.329164314348574,39.826004167302,1274.549777487884,15.612962802586686,91.95451856416673,0.8757281726623012,1,HIGH
21.53274186795391,34.15157822586421,88.62177751837608,24.852033258278606,3439.793227311618,31.09276806214204,54.164497058473266,4.9530165368961,6,HIGH
204.7851663670207,37.52199517743068,78.65191475882249,2.673397897059193,673.6562215881158,27.36043570387367,56.212682239138736,9.308324158174878,1,CRITICAL
72.57950409465887,74.28444263153088,56.17694965312449,47.06649252424374,2088.9040631400653,19.496425672532066,90.22570642703522,8.966009580549784,2,CRITICAL
214.18578975197693,51.286888286572754,70.36724804245961,40.72279417292123,359.46257467847846,30.659498832223523,66.07620315212726,3.3738084548314564,4,CRITICAL
246.76043831525902,24.93223333237191,86.26195485184302,28.36826784676348,2581.830744779238,15.848860815364727,67.48142997532041,5.313678638213388,6,CRITICAL
241.1875522657561,42.02546115605771,10.858505862299046,53.98557692209545,3481.900223813802,36.79321046417307,90.25608423325491,6.973835240876468,5,CRITICAL
165.75029022236674,5.284424625772806,46.26010279450438,20.169579899105933,2876.028300243131,14.172758012306158,64.33687159178312,3.4000926690790534,6,CRITICAL
156.05096769322535,77.80545885197894,91.65188505493708,17.659304653874155,1967.1772154850394,11.353507815280626,77.70902742405767,0.6487921809393848,5,CRITICAL
42.862788401823515,28.80479215445808,76.62817277595562,52.36777950476657,1722.3576830289376,36.297576379955,35.99512661118425,5.054416567178047,0,HIGH
232.6038451209407,38.22938839305087,58.85572369006672,47.819259285539125,2930.853366370622,33.315681227917324,42.50421991888197,6.016357358233364,4,CRITICAL
81.42281413401432,28.42271793895381,57.66800743316201,30.898788638900683,3279.1105922519987,12.305559028071936,58.306334050137195,0.05841600121510249,0,MODERATE
149.00862684538396,54.60093840929601,41.2993087843994,7.844084367470998,3462.7625140034206,9.64983010759752,64.63873474739124,0.9557537353853063,6,CRITICAL
85.28222787825501,52.97857266636744,56.84684802773631,12.904288287903148,1418.0603350974702,38.53596353946769,97.60135908653606,2.0729064359415226,3,MODERATE
40.148508899907945,57.22578484233085,68.98448795171079,39.3736794245284,3468.6652880410675,36.06393928786752,97.9456143133453,3.4805228699093416,4,HIGH
188.86730906752098,21.451458368953666,47.65267345859138,23.1024742704247,587.9455699997186,18.09029494798657,89.58379612351331,5.410512228305803,0,CRITICAL
16.29961044687115,25.25347849312528,74.27378317529566,50.18839149995827,924.7467269650867,31.327896328534667,52.09191846999022,2.938429187596653,7,HIGH
224.59357023786,10.020098487696636,87.51090045343473,56.99730055993225,357.1056303319419,9.966407461912432,97.48198035827077,2.7618381440650372,3,CRITICAL
95.276038578335,52.440797747689004,23.921636336637505,48.3382155164951,987.4978818714617,25.281906361907126,78.25386052733488,8.693493438130819,2,CRITICAL
0.04040790134559602,3.183770186852204,50.6392320535682,22.65272537973343,2699.3845530821386,5.749211682416795,57.50580894721803,1.4505064080142627,0,LOW
153.33874177116894,47.814586841876725,46.7218082156573,47.321185753885445,2992.5890357156513,20.664075236862217,79.11724418893365,4.954601331723603,3,CRITICAL
14.055572558280938,69.57567078813071,71.87183236447552,21.086500408241008,2737.1796256038724,7.993712858856203,31.15659108505686,9.52824716936136,2,MODERATE
82.85086734626984,71.26657186317068,32.48807187321364,10.026005265938034,2227.1769346785522,24.0058872062753,40.23082775919495,6.250132491160459,7,HIGH
212.09294623671485,35.923020829596936,67.62258234570487,2.0035922919514437,1823.1844682031272,21.867265874115773,88.07799980894575,7.1720547989443855,8,CRITICAL
18.80688648655976,36.7442950570459,88.97403175583392,23.1430027656612,2495.0297977870805,22.77540106552224,75.19015458112199,4.312369913906071,4,MODERATE
251.8015477068007,6.157534640641389,47.631843981426044,54.21355822183691,1398.3757449719153,6.813252081919763,55.49362909043188,0.19932167119719568,8,CRITICAL
1.1459767975749324,53.661202035442855,91.9914129981298,14.339195265340589,2952.513812673971,19.464653651273295,65.0466648155903,6.461303683672054,0,MODERATE
74.04716076057068,65.70075362982764,99.38473650401306,12.39078989578704,2386.30582421991,35.25935396399666,93.35995047520369,6.319242814281241,6,CRITICAL
222.27121684562144,19.572404368377043,19.548284495315684,58.18924711446242,2457.4262098057093,19.756574934144805,74.21046766353606,1.104276364633331,6,CRITICAL
94.88104491879203,33.70407053066917,30.974786918637278,1.5002467710355272,1898.979176295296,33.60687810438323,57.87044987540312,4.621597136246315,5,MODERATE
30.567716419804057,67.10714694122163,95.53417763338838,47.14692902362526,3104.039995528545,19.77914894534933,38.42286601782745,9.153289446656505,3,CRITICAL
108.07017564012837,70.16963741298304,96.24949178332481,19.28219734445222,919.450831192731,21.929577659607457,50.56227611378927,2.0508483197197513,8,CRITICAL
81.11798591535766,19.454398421138073,18.793654784808265,2.24927741217956,1364.959404095625,27.555684513170643,98.48381629576083,4.610987546341104,2,MODERATE
252.81357064816646,44.04565076330914,11.3498650339423,55.06815241257502,2732.8668653880272,43.0272774722833,60.61541439962443,4.611031852005204,0,CRITICAL
94.00437527554294,15.399452050866165,24.499002093078005,8.378539812575017,1749.983691646215,9.354417865866207,63.02876246914026,8.107614681476385,1,MODERATE
236.67974153280215,8.150301131164523,99.64115050440235,33.106757023541725,3117.7883463134585,6.316550746446947,64.90186226779107,8.245758703294445,2,CRITICAL
267.5616434432204,72.8896401113566,26.199965494961816,16.443252445772867,1245.0776531818406,29.318287352401807,91.88728160637478,7.592694196633919,1,CRITICAL
130.14522587295886,65.64060033856873,55.229284604982084,3.911568131081462,1324.1890824277743,42.96388355713705,72.2749799069717,3.6545415918827375,5,MODERATE
272.9829431563176,60.802792144253914,86.357595378746,2.9953491398027454,3116.138473383857,44.5889253021886,78.55739255163455,0.720369250185201,6,CRITICAL
113.19541618895785,3.9013055050512335,11.83614496193857,6.933401930180327,1652.0776046280416,24.366569895680072,57.25894797843728,3.4948297722401414,4,MODERATE
289.22352494703244,67.49830341682059,64.40400840326134,4.282020833362803,1830.6298154985793,23.72326484340394,32.036133301228205,6.797912012713397,4,CRITICAL
26.786857357671877,35.0435260724307,34.93229039826619,45.63348693119538,1198.0348179080938,30.798550829807848,95.16810399699911,7.027465744890764,6,HIGH
206.10577995097282,27.39160986366877,87.61014247957584,29.13397213700575,1004.5113005178326,27.225390288198792,96.43893766414845,9.65000209476719,5,CRITICAL
148.1442121370786,43.718108882030116,35.511503433767125,20.57352548093878,2313.0230523924524,30.363522304564725,96.44071373436358,4.536412314437085,7,CRITICAL
116.29464163669412,7.308259417884466,71.8080148253718,25.10213460792043,463.4502823171534,39.95997702151577,96.05809606527016,6.324355829402903,8,CRITICAL
189.81356362458027,60.53172394819191,70.67976692026572,55.7368041343574,3083.490612081037,34.85224677950437,87.06693587486927,5.391908707225317,1,CRITICAL
211.15712749029936,46.59480615106367,29.934419397367602,54.645108764288835,2738.2508218396224,24.87509566747182,77.92172350814289,1.5061856011323738,1,CRITICAL
1.3089808950927262,14.927207749853402,13.13192798815151,42.940588807354615,708.0815097850195,23.474578360006785,89.11569427871,4.612024721321361,0,LOW
50.08592662415962,15.058575981523648,46.83246164068576,53.08094264530126,2444.3688130947507,30.584069940524643,72.03823673007253,5.448351546889942,6,CRITICAL
213.91381519029562,14.739892125813938,36.027383676928274,19.178881655257488,2129.0835784354404,23.228251376811897,39.40587297244166,9.507496060422586,3,CRITICAL
199.91562407346194,4.560191004154719,82.80799746523377,22.86655956049697,686.6459250414222,23.311174050625596,57.38527155289947,3.6653905440895604,8,CRITICAL
289.8142515386032,47.02387594973479,82.03277696098108,36.822730911253686,992.552095873302,5.652236071460193,97.99064383810563,9.800991031079779,5,CRITICAL
228.3113370752349,67.22785420708065,51.132155697336295,37.41755683783585,1461.0034378817286,11.962565496292337,54.57964695169594,5.423000740240845,6,CRITICAL
285.2318123194014,1.399857118991088,64.58610027908969,28.901990280740456,2462.387436596885,24.54054559983012,90.74795396119586,2.4246924330305752,6,CRITICAL
210.7621504604421,3.920371597701884,64.38335643882326,24.039470906277195,2253.5957604186706,37.906138362014765,36.52480295424087,1.916643870158078,7,CRITICAL
89.41566259183294,45.82162213495566,84.4442333584861,59.17081869652171,1886.2102244846078,16.149080269084966,53.392868966282876,1.4169491726023176,3,CRITICAL
31.609476675256943,65.55965483088418,48.25021727108778,49.26741756706346,2701.016373743418,25.905737325245962,54.56673273091657,4.52932870573453,2,HIGH
234.5471590034807,26.13911124549069,34.79020118114582,26.098811873282713,2664.8852016412725,18.798483390369288,33.61217801762861,0.2192642978892323,2,HIGH
193.24476644277476,27.969151904617775,33.85314263264927,43.637548634374106,2181.614081514783,9.19215958158356,38.33660311307285,4.4504528331486535,9,CRITICAL
14.455803717988868,47.70771979974207,58.257305135398376,16.17370159514757,2765.115787677647,43.33193932285202,43.52156477852397,9.884046921559463,7,HIGH
108.0151397702935,21.93703112993176,50.42333824589913,6.010159574239793,1203.2086429882718,39.18695481001207,88.6470913567079,6.701067957222666,2,MODERATE
287.03994464528586,2.1286692862147305,49.610869388644254,21.14586153316444,3090.3108727129893,8.139696978676255,34.43813929578645,7.597861212004046,7,CRITICAL
150.12034371306038,58.818281448127685,18.20236051807365,24.17836800740365,2171.4397960166957,33.791490498731385,50.909063094107104,1.1900539071826255,1,HIGH
129.8187408059114,50.05199303531625,74.67433666211761,0.9922274736402481,2887.1541226528852,18.903196174300007,30.712250181248727,4.731008614900908,4,HIGH
137.3098815477882,46.46047992445273,29.236301918371964,48.887520098153765,1934.6629115264798,44.793992282471706,78.69394217821173,2.862231010257139,4,CRITICAL
62.66481720154912,59.33473031934585,27.725826718784923,21.55160414335089,803.6119452109473,17.09594079315911,73.42121630303659,8.940975279890292,6,CRITICAL
110.61215125943856,54.018467004963,47.148248824965414,34.82508994680882,1921.3149439401648,14.549537814503996,75.14875834371992,1.8129247201391252,4,HIGH
110.94397679615298,16.470559054265692,30.500050745602127,4.4377912362573575,1330.335240029229,27.71562193221621,56.20679493002331,4.58733327136742,8,HIGH
15.70650605624172,28.19848375546809,62.547244057721386,10.499809725035039,2456.371674327976,38.40504653372817,44.57874748872983,5.880477183456377,2,MODERATE
230.2702885553755,10.08881133429,43.43170054010243,53.3816235196536,1691.4885814848385,12.700754872791919,80.42241493002234,5.140410915785326,8,CRITICAL
124.9513295711637,10.388561073430482,50.40205503335111,36.52125167296805,2934.5891770005223,33.376110788773246,86.77825109184866,8.302435279704074,0,MODERATE
246.653966044927,54.09565970852314,58.3452389443626,57.01704301022913,2389.3501675106127,7.456263325644867,39.70210486687412,2.314531713196404,2,CRITICAL
255.10440033596862,68.68800855859986,28.318197023362437,59.92500206347901,2411.6782939580676,41.757389724419895,64.0780599556195,3.7739111042369125,3,CRITICAL
63.59821640959742,77.01860670889113,24.017646057897682,22.311606919985664,799.1859005441742,8.242996645891951,47.41009773852038,7.920842965739525,5,HIGH
197.20604465103858,50.267769403955555,89.23797125862443,17.928183844996475,3445.6616943949516,41.5692550537665,41.76748028442936,5.280714117368048,9,CRITICAL
141.6845412488945,14.728105868876558,49.03513325482789,51.5013633095458,2953.779471986636,24.632289978108112,81.40277194464994,4.021173856479573,7,CRITICAL
264.0470213764455,8.452027635914456,47.08842486692853,59.91668562224725,2772.0668517343966,22.923644511836795,67.66678548309858,0.29442514744831505,6,CRITICAL
64.72220375293624,65.02807772294062,13.205093524555734,37.77847405394744,1189.2425268020947,43.93228318001506,45.132973266506745,7.533854240156094,7,CRITICAL
203.34396009301327,46.30051810879994,54.81786723286539,47.70844335069134,1897.92920232295,44.61536710792876,51.700000784808154,9.721820779667603,5,CRITICAL
182.32563667581678,49.46280168109759,59.87527494499001,46.90475152891647,523.0059988564337,31.007125038440478,97.66575699294197,6.2028700948851,5,CRITICAL
88.59044327154983,62.51696710037674,60.295678385919985,21.32038249317282,1907.7421194863357,10.08477167428194,89.40756952959896,8.565412206887945,5,HIGH
40.98027109535178,56.26217821859613,73.63280523905959,34.456222815425235,553.317900367341,25.2468034262081,91.59627200111899,5.1687574319492615,2,HIGH
195.49192814318297,66.75666022848773,25.97336514919106,49.98341647585281,1957.980561764124,26.1665240382265,62.20084679564956,2.316809654233646,9,CRITICAL
221.5792374396992,4.497112436790278,32.70008208075569,41.286832575663325,2288.0904865344246,25.57785712541239,73.66650847446125,0.1444210423514547,3,HIGH
94.688203129005,59.80165093972039,82.96574187073715,1.2698288389222956,1396.1760870121632,27.77967354080039,56.373741814308815,6.5339826758998925,5,HIGH
193.44978120669413,68.06822058576763,95.24535551590546,20.20234013385201,1769.9798302429617,5.748988551775627,35.43983829822234,4.931088482482446,6,CRITICAL
118.53927228345098,22.89080339666515,22.23394726305886,8.66854179567632,3071.0041874773215,33.4490912588201,58.074851745974776,7.820981470876015,2,MODERATE
213.96206498478531,51.23578191946023,54.78845990546964,13.978332724682346,424.5428492246923,33.49577207811952,71.57865272450013,6.946824174353045,3,CRITICAL
59.764582468215934,25.13296510695777,29.275862746562815,54.32936864947954,2781.4784808488025,9.618791007115517,50.100098953769205,9.879523682065647,5,CRITICAL
267.0645007908523,76.63768531859633,15.40658515194842,2.213597334646089,639.1032009368776,27.80957769783203,89.35654023091911,5.103125834120398,0,CRITICAL
86.22287893967392,2.6738857948403005,39.29530043135219,13.188042717715424,176.64254067596795,27.734447297430982,40.577011142221906,4.271747896730094,6,HIGH
110.33579632684587,46.3834275066364,22.93188626657915,18.574161134293888,690.2323794704148,32.29801680761601,55.69903626058439,2.8673968943929493,0,MODERATE
17.427585624104935,13.320283763961207,73.89397660908216,37.01304431798369,2689.3990053981893,8.415907685403244,38.743273372694205,4.768612917912744,9,MODERATE
33.45366369638292,56.977616414172694,58.03528723043,32.04610140515193,1447.684953012167,30.060132290643857,58.33824937896577,8.728714781229222,8,CRITICAL
154.75857081369844,14.071222673492967,22.94510238912798,13.096168971203166,3060.1957831193276,16.230078029853647,32.77629134819893,0.4243972579174127,9,MODERATE
80.27780301839145,18.830660951868605,10.831742956496292,9.854464033389267,1860.241017078817,25.28011961984688,49.07845765431518,9.779000472861888,8,HIGH
250.64406772265832,39.54966488366065,82.73413441217915,14.20788207576713,126.7637141458418,35.93294210816307,58.05146785795786,9.93307194307798,8,CRITICAL
4.408016596486153,73.18679599975025,25.85749655478228,30.151777602099333,2522.6619531266474,33.22583745452053,63.47157542936841,5.978213785879017,3,MODERATE
113.72821460158086,16.937149771837667,64.55949779986894,16.270667142672206,430.30353508825283,9.756120707119734,68.05874509325993,3.315442036954014,1,MODERATE
101.20366403072781,11.539201689448282,40.3229721769071,56.85615009646333,2773.3597354436392,28.64739148464293,49.24937908529432,2.230489683220238,6,HIGH
5.798289275280311,60.71814654832245,62.693734448353204,27.831913285730852,629.9537968278711,43.76466123762954,66.61289342304107,2.7649039568487876,3,MODERATE
37.310519700153066,40.04956258671448,38.408826428409164,3.527760992678224,1241.7900310290215,11.27077749340009,65.63032350934418,0.5010542650497185,4,MODERATE
124.09280247559057,72.9428089905417,17.824560462302877,43.755984350198005,2676.3864322074933,39.1162835090166,52.13246356133459,4.751109584833588,0,HIGH
147.859375334234,11.729164572787383,30.065500770197822,19.730717292539378,3342.0981832936545,33.10192322215108,88.11402314595347,0.5732427086440584,9,HIGH
121.28692417646073,51.67423144184315,26.925270983116803,39.209335923494855,1331.4471297312266,35.96013251639039,68.19487886154957,7.184742147759252,5,CRITICAL
159.28130352362814,18.630331692145205,48.52174171956795,16.77566223139392,2911.4307596863287,16.278333085705817,53.25888031225815,3.7192945553285406,6,HIGH
178.53950247170445,12.540834292131144,69.24554050835417,34.24462450399919,708.2333158916435,16.5155571751937,96.31369584565435,1.9936473174716318,2,HIGH
2.977146338350689,54.67435321258164,33.74254674517218,46.32915028844788,2834.770207198594,41.24077823105952,89.15786891498126,5.448535578360384,9,HIGH
139.22854783605118,47.49476959269866,11.086294177055615,55.68052450647323,2318.3545044340663,19.393281283702347,98.78114680862606,9.737593072430137,1,CRITICAL
289.0497722662765,60.3861966689865,56.704362783828124,15.667628665984623,714.9650998826711,7.520615627712419,78.45637122517945,6.9513104901841825,9,CRITICAL
155.70968403886462,24.757006115694587,64.5183540423075,20.09141705993887,1093.63866321237,29.023868143178003,56.475603385423284,4.917468501041602,6,CRITICAL
203.26268023768594,35.837732510575194,96.65834446016287,27.85598521715638,504.6095656597742,9.992706761673706,49.66024666753086,7.769142992545063,0,CRITICAL
93.55915737506496,32.43773410643348,63.05237227839221,55.630490264159334,1371.236188171881,36.863849656316326,76.43224905721367,7.374764718989887,1,HIGH
232.19741344582877,78.72715711732114,52.40553034403277,54.08321140863943,752.587811875307,30.669857700042296,98.65716077467125,8.917354610577936,2,CRITICAL
231.87644456283454,23.379916539151033,61.606146330793344,5.392696806038282,2271.7929400251337,39.98906020884833,73.87005560726942,2.046689475939475,3,HIGH
156.3888142962417,23.58537906774135,93.51105668758244,7.915789545228651,3481.0426095609278,36.39348999130541,91.71304586928866,8.58877576258732,4,HIGH
292.8041469837641,28.36385670628859,84.55403310414816,29.730550639838295,91.43161264071128,9.484545933527846,53.037240173343804,3.010260870416989,3,CRITICAL
37.665064428796015,45.16752650322572,39.06808600274272,6.39715636832541,1916.1733558411804,20.242827057376893,58.48676477319789,9.40998927825097,9,MODERATE
5.084299466874298,20.18581954109962,31.352892729142354,20.73485240092185,2029.1497615440835,35.98240999658349,93.43926677125472,2.810651489467352,2,LOW
231.0474635271288,73.22319523034191,33.63702511294663,8.90312269304866,3204.0203243988008,21.69365893065303,82.98066913704731,9.268485431626761,0,CRITICAL
242.14666120946475,21.25484518930108,55.39789357436917,38.16242130791315,1795.7184049459345,43.89461939119913,98.6987224257534,9.637907144640801,6,CRITICAL
36.06216873617287,71.66525852481557,76.964450610572,56.9697259043497,1925.7698977749653,34.42961799573797,84.23349468125693,1.4549135745701425,9,CRITICAL
79.67484988758183,8.278005091726772,55.289728646466585,59.80402621766289,1677.2021645829407,5.619996667612841,61.396099505276226,9.74499883262783,5,CRITICAL
5.265709009988672,52.525016191972185,16.10167562453013,22.51446794981489,977.7198507371108,40.19942766243346,67.17476138756541,0.8572296842928229,1,LOW
87.9925832341694,72.5588414750595,75.12226303959828,35.94075822687674,243.30050970875217,9.032191394742304,93.03608447241956,2.1856778661252196,1,HIGH
231.94256217560144,13.499955071858363,82.53731158038585,51.376059211444876,1459.8690036239345,10.620948967203434,68.61527152686335,4.441687808728045,2,CRITICAL
155.3881583137737,77.4661568079404,36.05480786077477,7.047724367783039,231.44057578034094,34.37969602444204,47.87781619151116,9.935973657117101,7,CRITICAL
104.42867795048643,36.230668833240934,69.77131653550154,41.3738646631179,1949.1990196574163,39.59874237721921,60.49338689389646,4.885630511653794,7,CRITICAL
111.52178847189909,75.65720867528196,48.393271094895404,24.530619703504094,1110.1630691859114,26.45398511598224,66.14211921943826,5.504094431784859,9,CRITICAL
0.40608771464044624,54.14560349040376,90.02074201546985,12.368769616809844,1890.928285262726,16.561989317831166,36.77038834857907,6.944249495236486,9,MODERATE
89.94015826957077,24.126949589884124,86.07030023446659,24.165217124846517,513.3245271633941,19.05262181012702,82.06338719770231,9.682935582729513,9,CRITICAL
193.93762249137916,15.064201993368513,57.288879847867804,4.557617217895011,3267.5733818007907,18.71557318384224,37.65477533484811,7.8335140012424445,9,CRITICAL
292.2583331449071,24.29880369800795,72.2354991232235,41.724428915358345,3136.0982902472756,18.06712415238049,58.3442399358164,2.241540044236986,7,CRITICAL
254.11824809516986,7.441392741013999,89.50147309198935,15.164560124907185,705.4879567478815,14.716386872865993,86.32357090782833,3.029909306643547,6,CRITICAL
7.078489393658738,11.509437307466381,54.614530907044795,18.68433870269268,1234.882777364334,29.35468378516932,62.72992531293078,0.976282396085244,1,LOW
269.5681814024518,8.372835227718491,38.19256664399398,7.264877894487764,2166.5500628893296,41.01621274260269,88.94108638029556,6.4445236416473985,0,CRITICAL
234.95952398958778,33.83548349932462,77.82995241186231,51.879546833393505,380.11741520537663,17.283296523333647,53.93169254392805,1.8074030653922157,5,CRITICAL
234.1128370712941,63.64627010060691,29.80596293062226,29.606656756964316,1273.2589828507203,12.467771898456483,97.03454057989047,2.5740488847936573,7,CRITICAL
137.39872770107144,11.310684337307215,44.96780332054379,34.32881266718402,916.3373895255711,38.54310665485699,44.66279022636649,8.88113655180377,0,HIGH
119.40158788635085,10.42563465378687,87.91545133961144,34.16596098569128,3208.5327140726035,34.67133323558813,32.67849014925109,3.267556753320152,2,HIGH
90.87471864995779,51.47431596138646,75.19801062423835,24.629586872480505,2991.161695197758,42.23348126239642,91.0698580093293,5.66646718354167,0,MODERATE
19.708457686309732,15.774638557445302,46.342990472274934,11.551794926288368,2050.42295737068,11.620789424196385,82.65419011652858,3.9756600878917703,9,HIGH
68.47060904810974,7.808803048719328,29.327005216752166,44.707964909904,1845.1948622069308,10.770052564663661,46.238868594716095,0.7403128740591358,8,HIGH
73.9810904934074,13.34788625644621,42.03715517490129,7.62337592146046,3261.00399118162,26.657175772199867,98.93191249956718,3.6286382989670507,6,MODERATE
145.22312091306048,73.89851167014208,35.56937343046897,6.23242741672863,3266.8758512769127,29.577346193403812,65.15960904879694,4.080682030359308,7,CRITICAL
224.2333219790082,65.71770022209526,25.848035914946855,42.608702255790206,3394.1889324632284,24.206937674383582,96.57458081009145,8.957011019115182,8,CRITICAL
142.142948519384,28.32516498840753,76.8999622209091,12.530221227119029,482.5571501732474,28.958665452955017,65.35201399708995,3.244506536463395,2,HIGH
17.353334834148182,52.46566138619143,32.68628981651544,18.40636508116994,603.9244471329373,12.215190755002855,63.03122107399037,3.7924111976206785,9,HIGH
287.33694029646114,42.982053893443045,50.87507231509874,28.513648020104412,2384.741610445609,24.184550166563334,61.43969760011255,7.828967686723345,1,CRITICAL
282.81729572823366,54.16994107860511,44.727350215249814,26.961079003772774,1917.948944303965,31.323702437586714,53.441269329306515,7.589566512115979,5,CRITICAL
235.55686294452252,54.61369219702075,98.38696407720677,42.514747503899954,113.70737188166407,22.308257969948148,67.35910480235862,7.982852766484908,4,CRITICAL
297.3983704692662,50.298721204799435,45.198301973339845,37.40590760660166,263.8138741638418,32.177893432663915,61.67882633639975,9.537707400760041,3,CRITICAL
163.34469984007887,21.288109482984687,17.19842345170793,38.663769736911945,3113.8773187928778,23.047651222153583,32.57228136364879,7.955574983947842,5,CRITICAL
288.8305050759618,3.1205136610254502,18.084317731487562,42.84325983932744,3047.6042446108827,18.34398323369109,48.230466339645176,4.07608203217891,5,CRITICAL
22.681512185025234,36.445342559208704,63.167834921775835,17.55676364540792,1282.5846808863557,17.144201883483696,44.918596007389084,8.215085168980918,2,MODERATE
109.70422447841139,71.2779107752563,63.942719656443906,19.339998708028418,3124.1246284103445,21.43608235954352,90.72049216247466,5.086746320899383,1,CRITICAL
67.61438040202975,45.559780681486075,47.68830914343895,26.279864873733246,2098.1790066727613,5.923584907288033,71.9208984058789,2.777140325185653,8,MODERATE
58.74992524028101,66.59128333615263,48.86593230808267,18.447730382011564,2830.3744822152116,31.74100553784455,83.45781703148091,3.0291706813101236,7,HIGH
42.240884667802824,79.32994743689825,14.85393245567841,59.096272138251805,1524.6371955027394,38.80422563921047,96.97782264244964,2.238423885633983,3,HIGH
186.724092469799,13.089296331062101,56.4891859350336,48.84311558528578,441.2242293399351,19.185083777724742,75.0827490768487,1.449929578197534,5,CRITICAL
234.39655672419153,55.34221113135858,55.42655278423165,9.879281295361775,1546.358366128756,6.841325445668742,98.7826993983321,1.8449041185365034,2,CRITICAL
173.4895198261082,53.943485896001974,23.45943867012501,0.3356493529121707,1627.6843030892978,44.471023895422306,51.823483615649074,0.6317804995381937,7,MODERATE
44.0888128764629,78.39643578866227,19.345544749983482,2.5669960948360715,1950.7574687500803,15.547930218042678,43.03870276190257,8.884508649323863,2,MODERATE
243.33713098004128,78.84805871622403,21.121524153954145,14.643807062575515,414.2603595202766,10.06484486763092,58.2316921595038,9.310078096491232,1,CRITICAL
190.78641214911855,54.93428893793036,19.092542184213265,6.857477150211393,3470.3364275211593,19.79010031892112,62.95595904550656,5.867703924938955,6,CRITICAL
116.44971183809865,19.48918335857554,64.87373759830838,32.000286893554325,892.272031783827,34.54228162534227,92.67530799968095,8.40489556608685,2,HIGH
202.23908866081888,63.884467050447924,27.683438716262675,51.479713363641515,735.0057922029705,16.75666387562263,69.19583073256734,1.8357110265314713,8,CRITICAL
77.97149377284985,8.562330736883048,32.62871369687171,44.20501325479364,1867.470070052981,27.988128156779513,50.452669959261186,9.016738252269851,2,HIGH
103.55766254826315,62.455944333730294,25.621492973629575,12.936543784931425,1903.3682189123658,21.62239977748569,81.98439980072646,5.063615596305083,7,HIGH
275.2457529395971,72.81568993157572,96.20517740036527,23.957955361547153,1567.3815455246927,9.71055969106474,65.40823559973497,0.6716499260555508,1,CRITICAL
87.15135170142612,30.62667158147482,86.91557168366519,30.473652571876656,2713.027904822128,18.21148049968441,41.349236169261914,1.413127444941602,8,HIGH
140.99648044738097,50.45082359864644,30.744535361636878,48.61235097020013,1832.4576825136792,33.994820228562666,70.37738513138765,3.0897646078681715,0,HIGH
267.0423412188044,34.411418567746104,39.48096645299134,50.34729618636989,2153.4493202501953,29.480155893257827,93.79761757650988,0.43557580354751435,2,CRITICAL
212.31640508025825,35.021204399050276,28.890355807449744,54.58309871446656,2546.9250296568603,9.79113519534244,88.9835832233074,3.092933780174436,1,CRITICAL
18.660967849410824,24.829671128649604,54.268836351474135,30.55471503017251,136.33660039533981,11.532896388572343,71.07669808447318,0.5993043311889179,6,MODERATE
44.1909132836911,60.97036963602597,11.764947922682824,41.65648478615178,2018.7224297804046,30.62933437229782,56.39582217194917,2.3602760519282517,4,MODERATE
2.3524772315750453,74.89412513332041,70.42312080071162,6.70802227403623,3100.470925737874,37.53661657283475,36.08851257449478,2.656697558564416,7,MODERATE
189.276537068749,75.26006873875689,57.084233483587745,33.91733759723893,109.99116309274699,18.978979838326772,62.87542463321366,9.943689763667939,1,CRITICAL
134.3020276231255,13.982502789994706,90.8775035470993,14.921508568268107,1447.8782581133157,28.812430073738007,82.64556062707055,2.3554667376366445,7,HIGH
40.28245527068266,69.97949197252528,24.795341589557275,25.903013101596667,3245.4847032101134,11.825743550084212,55.21916038131074,2.391864489385803,6,MODERATE
287.3802363170311,58.994515314169774,82.36983214550185,38.04303049840316,1268.3826878747554,17.455053476212953,46.48127778861651,6.86788968358385,4,CRITICAL
158.89791718368596,20.226992055223143,81.27649130200442,15.419156271226866,1632.614443490831,5.810808226922104,95.19658034896673,8.59357478516452,1,HIGH
72.56798823386676,5.382769033721164,21.446307029519822,3.131103467805665,3436.317806002879,35.731037911980906,87.50889903205947,3.870554126020865,9,MODERATE
150.18107134641227,21.439781350750238,45.870330172971485,0.6140313845254508,737.6673133794797,21.040392790918673,74.67929335941012,8.756180199406923,6,HIGH
203.88609982053234,72.97665894252205,25.31373770300652,1.3295721326712928,275.1304024812705,37.64502294615816,39.57483407443635,3.401420207477571,9,CRITICAL
22.871765392069342,50.65429399166178,32.9248450411794,0.5009842508261797,3015.0079384715,33.33491984090905,40.14361882843211,1.9701587961501932,3,LOW
82.41114451436759,57.68437287182975,33.692155734748994,6.6213033934725285,3046.2054271826714,38.14977062913908,37.225371401904525,3.296388243277235,3,MODERATE
242.0896472651981,20.572188088727668,60.06127546231955,14.369322874207793,1678.6685296460455,16.42634678331531,73.14076668249203,6.093563739279924,7,CRITICAL
137.89946112079838,57.55105244598562,47.026983858441895,13.27329085093795,1824.0147519466375,12.404349217113811,38.089395753133516,3.6714315931207375,5,HIGH
163.97314260968847,2.2497205022339006,95.29595236056748,59.207795650793805,2933.5319751815346,43.87622730606682,88.98390392038431,6.7289380398928875,8,CRITICAL
129.84480066284078,30.025707661841103,21.37331277523046,18.360366312536595,2598.030268499493,33.69311148163478,99.50755012735254,2.3693587942248238,1,HIGH
13.169982792901536,50.1402678833865,97.63229213651789,7.645247001563947,964.7640576486867,38.361690717066814,55.64437292960657,7.009928939891488,4,MODERATE
49.724933946046775,11.687725243305618,30.757477619283755,32.733752650065476,108.28207499673867,5.525334948397349,61.75688928769682,3.474383632484667,5,MODERATE
133.66249162256727,65.84028595575478,79.55865427436677,51.4774473238505,1704.9655607407328,19.17846481183546,79.81670238899751,4.558683716019345,7,CRITICAL
62.75563962237835,18.80250390495349,40.50729335555393,40.68362260726051,3013.2475250299626,34.71266762309327,95.6007104428036,5.57745140442896,3,HIGH
14.993708597903622,52.182489025475704,22.877325587558254,17.76492534812702,3140.6296345810592,8.119313319599332,92.58656414894696,6.862250031859936,6,MODERATE
253.09489921554712,32.41577140602637,87.21002667216159,33.696969587487295,3348.9803799127308,27.693597182757426,34.0314280124894,2.387136918487337,6,CRITICAL
294.35775874923473,47.68348763821177,37.79748093128169,42.89135845202455,3084.493169764095,22.16291069820013,41.83502617897355,8.359455374108105,3,CRITICAL
237.94286219902182,8.59604421031265,69.2969863804158,43.68626954206454,2051.1502657784395,5.704660285644292,82.82180389904546,7.218427497552398,0,CRITICAL
256.1354765114001,1.353023993728586,60.97993165779639,39.99230731786133,1583.889317364548,14.439023084778055,78.22251756227132,2.3409791902399943,2,CRITICAL
72.59313909511361,72.7651541904241,52.45806784517869,52.24862548653708,2723.2319705426416,16.391679562668568,39.32530158280863,9.749745626029103,1,CRITICAL
288.1880926539599,21.570400701374624,54.62375253836852,52.20632750064626,2602.384638561308,9.4743978538529,65.14452074010974,6.647969910304584,2,CRITICAL
59.077711336028514,65.57416022243673,75.90141226830588,34.7361935644202,1906.5948337810175,30.261476389706417,84.65702417597069,4.5242688646670555,4,CRITICAL
285.4289431085497,79.94802403777601,17.89956227110965,25.79138214667274,351.27943532671844,14.69591505007556,45.31464775838856,1.5752732555351634,0,CRITICAL
298.44578818978533,16.914500639912895,70.13625957621147,38.49421773390599,3244.9806464148696,16.104779984775533,90.99013450142664,5.3322100230813145,4,CRITICAL
213.51684172381462,21.213659294668446,90.62308912587208,49.092720082227785,1621.8287543807344,40.9295439280059,33.70802423742576,1.647758868271182,1,CRITICAL
294.34311953754656,53.02878301077325,15.200937731787773,0.33912629047108345,1303.5015476111118,23.684923707725577,84.75365595476518,4.294916786978438,3,CRITICAL
170.8619338701311,77.2358907680497,22.658800531030007,59.51982054089107,2222.0075133322625,20.685125878770894,73.10732298529092,4.087125227395188,5,CRITICAL
77.8625349528271,73.26514785525951,74.49687430318282,10.973626339751954,2374.7409660260705,33.95484153258869,52.06395426580444,7.199396443474601,8,CRITICAL
131.09876569968625,40.23004160524679,49.35534834201558,28.21493913959857,776.8733137545399,41.38455187531648,80.46527838393379,1.923831812242498,9,CRITICAL
178.06828061363578,63.60882260213798,46.319375873231955,52.321784090572,2937.439014594349,6.001453449497753,84.76560566058117,8.218713548708457,5,CRITICAL
21.924468608104497,10.859668247992085,22.326997108981224,13.502423942651962,1050.2829731352035,22.929553862215858,95.37292799127785,3.261323270161658,9,MODERATE
186.70297938517382,78.19505473632098,55.60930366460093,28.60771343402299,694.0595444043927,29.43125424311789,55.74422705079846,4.439886269687751,1,CRITICAL
294.35335102868834,77.14825872287892,21.38907800767395,7.954930810870751,1452.0794923480162,17.742523925039585,78.02117151859684,7.723409755538425,7,CRITICAL
57.03229493511829,13.098316630333677,52.89584106794864,23.704579523291557,2570.432279096255,35.89630888492967,72.18313938542836,6.253923997135148,4,HIGH
237.778534886515,23.953849984248528,78.7253769065491,10.628127287580151,3380.830715617322,43.85908281081095,66.76442486199619,3.0802535180193735,8,CRITICAL
272.3696381338858,8.012399800541354,33.24379220984471,21.81766492626942,2842.0203620814445,42.73709465001133,92.32915319085265,3.8620292454588103,9,CRITICAL
283.11047784606626,21.737407911854376,53.27075513617546,22.40785300756332,3294.2019029621615,15.639301575197674,30.22171198968802,3.057868139896102,8,CRITICAL
288.04068132163417,65.27646315321653,99.28143724571521,59.59024737589996,535.0900240640174,14.05353113749944,49.74781242725183,5.947701672771571,3,CRITICAL
156.4378916164416,30.26524857322076,71.79853810186336,59.688781758226334,295.55995607968487,43.29962124084884,67.67940676813811,3.326245332068397,0,CRITICAL
293.1923723974511,7.07175737174067,85.72210941746788,6.887176719636745,1974.0814285780154,23.345139497258636,42.48052831455867,7.256976947831408,8,CRITICAL
227.19306214033165,27.378041982312364,47.33628459044912,43.55812675970083,1051.5263165019185,13.331908923387669,93.55065736129308,5.797871585837261,8,CRITICAL
48.501430871088566,78.51066673930241,79.10748308132698,3.104728780146069,2906.7896567439916,33.27987854521673,75.33165823291108,1.4570661174750899,7,HIGH
143.070031940391,50.37468762073623,13.645825564718965,1.8115209202313176,2368.358156338025,16.376812956151664,63.451809624239296,3.1026861867988242,4,MODERATE
215.49935261160118,33.29287571249262,21.06200642880205,6.320033654697859,3399.012165750991,15.689879002842094,87.02912313466581,2.2144744191015575,4,CRITICAL
74.202094745725,13.3230810797816,28.27635336280559,57.92913942047604,929.0336272729995,40.16996172311139,61.56203340255726,3.903132125514853,9,CRITICAL
192.1845550646662,78.89414378269558,46.17567321536976,56.451812873681845,1725.9551945255516,11.499166135076138,69.10571083510067,5.159840862093631,5,CRITICAL
199.98014371398577,65.6679207410503,86.11703904931869,11.635669216840828,1779.2796471174688,7.575717858649456,30.19256968877447,5.067628572841098,0,CRITICAL
48.809923142569765,22.518184196073552,41.16394457091374,9.700340133222692,875.1599422579479,15.76745760686749,55.59903711365514,7.54523676563289,8,MODERATE
169.52559373582687,5.6054956576951565,68.91590741639166,14.432105190956822,2085.8222282336264,29.27781651352815,39.715333064567886,1.8917186360170934,4,HIGH
231.48807329358232,4.530044590204643,73.8382865323135,30.93281964450853,1579.3366519733763,9.923514136130823,78.27820764636037,9.464728292974469,6,CRITICAL
149.66869936078257,9.630251960442706,62.756411867950725,34.18227792212459,1591.189368165064,23.86378689107175,63.53188712830136,3.428451068821686,7,CRITICAL
3.6309350328322276,46.46148668915373,42.15177713531226,13.295605826366842,1301.4414355050685,30.093484417012792,51.12302900751615,3.002488469161385,4,MODERATE
2.711540723787653,74.30107369643939,61.93480075421898,45.39736728539671,108.40626586809596,38.94947970372696,62.74826375602197,6.851785781802198,2,CRITICAL
107.10880319100366,39.739474240478756,40.80390335107716,18.573190164159044,1851.228567356022,14.194783648090175,44.674092156594234,8.055166286830625,5,CRITICAL
277.8582205295346,67.43563859649578,17.548636469681085,55.32787953176462,1206.6050331661424,37.693852935311575,94.75606427402984,3.7847176481365343,6,CRITICAL
68.60303388108264,35.670929588784624,99.3523580367413,39.40336238740384,54.55354799593738,14.396250445249542,33.77808427856391,7.468469748939771,3,HIGH
190.30910666150615,56.68668366142602,21.44642082692598,26.181071658216702,1112.4057914336654,32.07066164958562,90.57919247072843,8.837359561360547,8,CRITICAL
66.62276120799618,58.549818982920065,16.51135454524516,47.39472010217072,1011.2677491596615,22.226942859298205,65.79511521133458,7.668036652069574,3,HIGH
96.50099689786458,13.917096472267092,89.06776742864403,49.074877562799884,1407.3961286215435,9.587249695146806,73.3262547297172,0.3419648557083299,9,CRITICAL
254.4126268804452,28.89728471806494,37.16511948036056,17.428896336536617,504.88936426971947,33.57053851287395,51.182393463609266,8.27368911366188,1,CRITICAL
218.65843268098405,50.98417252304191,68.52672766661568,20.38287263016506,1801.5091949910413,13.710504741960712,97.66883317560249,7.744809584543674,8,CRITICAL
28.619783193963187,5.655728654749295,39.61051566960096,56.157309223716204,2438.9192161875485,12.064937040983658,49.72956709636429,6.6929023815318605,3,HIGH
128.6106062959301,28.923215021036526,45.230884371502405,9.884462301796315,2224.140213238275,19.33291714357533,71.2214597998213,7.600224190879034,3,HIGH
8.750929093579341,42.783957302495395,33.590167481511685,2.529025017776052,2822.9545691137077,31.13160979037934,99.53916935749902,9.79425395831939,9,MODERATE
144.26704398090268,79.6979594435711,40.87396052137092,27.24331935657295,1609.4285935554299,14.359859151625113,91.6766077468412,4.311128878183497,0,CRITICAL
198.73020351032042,37.96268500979526,46.96303605278888,48.072594014617735,1840.8664696720623,12.346461551275429,67.54308777002743,0.6722323495459781,1,CRITICAL
35.55078707944547,65.28454056914589,74.83744621831086,46.30008637864475,2845.8866959634925,5.398145028534573,99.32621660770485,4.608899696277167,2,HIGH
86.6654816727497,34.56538280532942,56.03825748113126,55.17183773476995,1525.5690393263728,23.86572388406894,79.09589032128302,0.46433655391047934,6,CRITICAL
119.35098765064708,63.71125780957671,94.92086954412792,31.992039862142413,2470.5177571536096,22.14582277260731,44.609029129926654,2.9425040808846115,8,CRITICAL
275.8593073968149,47.63318412960867,13.769235445489796,6.003880293991999,1549.378172077072,14.35470974549505,58.39173473050645,5.86879791796759,4,CRITICAL
297.9765046268892,70.92763532019187,55.276149036882536,35.321338460160966,1491.1898710648911,7.14608656038763,53.41453338080857,3.096228929261563,3,CRITICAL
13.473389698684757,32.875404188008794,62.58023099485463,46.703736861192695,2672.709404625603,22.170234983833478,54.08095957898324,6.853952459095386,1,HIGH
228.30237704861761,48.34435358571831,92.81772874668465,5.599687216189584,653.1873583584285,36.52820444286525,83.23195075519064,8.219863276857211,6,CRITICAL
111.51721992070297,50.40149444950619,14.424267125928482,10.359444065855385,1218.1216031984288,33.611285253087075,70.89840490909555,4.204391792795369,5,MODERATE
117.73745586884401,33.39063534403786,61.614962644169445,0.7374396693402541,823.394354776811,39.43179559440681,32.666489811267,9.001379512930036,6,CRITICAL
226.2794920041068,11.544963494998521,86.82669356751613,35.61915476680862,1288.9293032382102,5.383307508526225,91.42139385556833,0.7983893135040021,7,CRITICAL
275.5279296436226,7.484752552986844,31.773495530731292,53.20406351675427,844.7931371627828,43.65677267218394,50.77572983361152,8.401131642004497,8,CRITICAL
285.2785783507645,1.333724047970648,88.86631136715437,40.23979896012597,2048.9494272489583,18.656490105097934,99.79524138392006,8.28573145439299,9,CRITICAL
173.13677581149622,69.88274113961717,11.713906834686265,58.922405255458926,2803.6892690315663,44.61591184367859,96.793351123435,3.2199389632676487,4,CRITICAL
107.13634779015084,18.917992979095565,75.92091662203568,3.7820191499856937,2763.8150612017616,15.104778424070986,95.83715016773756,2.98715187124615,4,MODERATE
236.26472575763378,16.920539942541446,93.98018990517878,54.180065109089774,1307.528327693334,23.86145550312979,86.77893228447816,3.0509498115351263,3,CRITICAL
75.30041497869007,58.88283203408524,69.1477895476056,48.84409724320084,3461.2234003352028,19.15710706301215,45.44293321784798,8.11393712344411,2,CRITICAL
169.22220865005534,25.60128904699134,49.51263195824032,18.854491229970296,2098.7975582350127,19.230428599772104,67.28429208201474,8.31653487610195,6,CRITICAL
107.57353845746195,40.483575392946925,14.039291482544623,58.41159311023511,1427.931041135117,38.69128394992863,45.70118387774822,3.297224588276676,4,CRITICAL
196.98932211236283,13.000885223796503,92.81024319903659,17.276264890284903,2932.610513382918,34.856757589493554,48.17728189122644,5.925903474444619,6,CRITICAL
72.11967386805208,76.77965771695754,52.32666004224173,53.35828342969311,2568.065343617111,44.68605740920192,72.76662386053943,1.389332294404545,1,HIGH
57.47788372044773,68.12651200137898,12.60970699023532,52.84491462445136,2634.9999120431603,29.540587308700502,32.858348174714436,4.687787382810221,8,CRITICAL
275.4717260026311,69.10316983720026,72.08389641958857,45.459456996178346,726.6807565818569,23.530264175780108,97.86209967744954,9.987928508555383,8,CRITICAL
30.54110488486107,32.541899885760415,53.36535282186323,33.80822842877111,1665.7188604215153,8.602954517875645,94.3071220804575,1.5883914770624685,8,HIGH
151.7873723204795,60.98889709657382,21.191078569816966,7.200164977013284,3023.3070513448793,44.86245678055427,56.653730051040384,9.47562639960059,4,HIGH
66.25583488890268,11.510092431182413,29.28446283792336,31.918304069789897,1788.9311263192126,27.061226117291316,66.07957136048391,8.242547219650078,9,CRITICAL
11.678988997700234,0.6895202073424223,15.804161241026165,21.407775339296073,2407.9119648026235,33.01909878760567,62.62835934874313,9.7221465094627,8,MODERATE
10.805645487427917,1.59783460624225,61.68641857377162,47.53302198932111,2078.3713789682124,21.269695487652456,91.75398450322288,1.7957876061053302,0,MODERATE
52.566531631748205,46.928138992364836,65.98265313268084,45.487752389810694,2956.130917628418,26.908628327169435,78.20213134212777,2.1351849044336424,1,HIGH
260.0311063518001,36.43159241983526,55.51680685198999,54.636750442356316,1031.734897177529,42.70310927571549,49.467787319704954,0.16867181734858683,9,CRITICAL
84.743623193108,41.44122791268158,83.53919197023534,0.8898097459024723,2035.3897087079588,11.65677751726411,61.27888781257078,7.247018129156055,4,MODERATE
285.1377511725887,0.5970512333775524,87.49079391772122,48.54619300938276,475.15960463382373,16.694903373210185,60.02761829807346,6.440946934361857,4,CRITICAL
174.48668789675807,33.81492957259405,65.4061957014814,56.30772318748013,2431.227179613164,11.082389111121294,97.1534617798743,1.780654383247321,5,CRITICAL
130.98425693062984,57.445452896068865,11.148083173668748,47.358026946489005,2575.2890423168565,36.68863615219099,42.27176373602477,7.91144965542072,7,CRITICAL
174.0266504008364,35.41549615739487,72.57066901729621,7.811667592222003,197.7887581020445,7.4818104168731825,36.270343610610034,2.9919550613172543,0,HIGH
155.00951556788033,58.57753650497778,47.61992952283164,4.876746290453264,2381.4788245165487,8.265265994053532,91.64331825131832,1.3499556933063517,9,HIGH
227.63287612719753,18.641517151746783,60.900173490374826,1.2507143884620486,1480.681031871963,16.939764511494747,92.76801926541097,4.225626650193481,8,CRITICAL
84.74881979185568,65.05136035853803,68.4172541816996,37.72471354968426,478.1342225784041,25.56752723684045,91.02173615385152,0.9096984842685607,3,CRITICAL
105.91511748009071,47.07449923627618,41.52129528943691,37.780359111593235,1498.6810395597133,21.25099202238346,65.76838409378894,2.632436562732466,7,CRITICAL
268.2282907599752,16.861047954392497,92.53886546546148,59.214822853092734,720.1036074497569,6.792652426832291,76.18210997886223,3.7133335842734616,4,CRITICAL
283.9369539451216,18.937638068306633,22.05773800748031,23.882590446245743,1483.680385825442,43.29966231483806,69.43541332926887,8.5186417451415,0,CRITICAL
267.7674682459423,50.24243716556296,70.43606265529337,19.914377093849804,1375.9696464569206,43.114780814323346,34.86134782380806,7.925487412932214,8,CRITICAL
125.83439818719407,66.39516745699547,10.392362196092238,37.46549563106355,2597.451147429398,16.174252929630395,71.70844278305057,4.427542857506182,7,CRITICAL
234.10965090206452,33.25022256233241,93.21859948646627,49.53652035045564,2721.0436756739377,34.26102461074326,30.952990307927063,7.245750577523875,4,CRITICAL
142.90071999032963,20.66403433020738,20.125371991428235,56.206436971380114,2144.248857626686,28.14301645532895,52.74911866899603,5.68649636179005,3,CRITICAL
149.26195564383065,69.36092855284804,18.539580713281715,48.187449970742314,128.26960552944402,14.499067800224964,95.2604803111217,3.408418550780681,7,CRITICAL
61.40403271718519,53.54146334006679,39.97068697470198,25.600438836948285,3262.0268627949295,15.486862069664618,51.28316887450653,7.258743434952848,8,CRITICAL
177.33909097755495,35.84683898264612,43.62096574351725,38.09485411872385,2417.5048163327447,24.646126972418017,95.78786498509736,6.8349915446637795,6,CRITICAL
55.84076932600438,39.03201562234415,29.287006509059076,51.37795960296702,167.97430222810146,21.769477659894406,47.509377000447095,6.19094442193602,3,HIGH
99.46940972015813,16.34051743491171,62.66094948344122,29.43658129870437,2874.9735022887066,16.64917312925057,52.019356832307274,6.179555210432506,6,HIGH
256.50906048598057,50.144210405187515,49.86226882377672,13.001198622323562,740.9182337770867,37.30046385220596,73.98852475069874,6.829819923269768,5,CRITICAL
62.12274276325657,28.699400843431093,13.075803013697868,10.183406384872377,2048.3131040203184,24.258516705495396,83.31388809525063,3.8454551264253825,2,MODERATE
21.347485552029845,79.65161413394794,38.76868560297706,0.009464674683403729,1659.8885763281457,31.193922495565115,65.09714376034188,8.690758150677024,9,MODERATE
20.70227778384489,38.414681220951024,82.93896222158534,43.09427969887706,1498.4437991250145,12.57094000671502,91.74809810359088,1.6230784549646082,2,MODERATE
282.2353561509324,38.87084849516906,72.07313813756818,6.66583253075943,3119.5123344291715,26.34030650065947,32.81682951274335,8.838854632391541,0,CRITICAL
152.07613138855038,45.268142992853754,75.23837682218924,14.630345981756426,1558.8964558910209,17.719041977864862,94.55363870440594,3.4228184303199436,4,HIGH
122.8236215451055,73.34048024949973,72.83052316751713,17.8725798913676,309.93720562737,26.05654441579513,43.74154599267856,1.2503161560862253,7,CRITICAL
243.26357430237553,64.06544798878002,37.987571924472995,33.6227916082061,3315.9036088915864,36.233033336437124,91.89671215592591,6.000274026791299,5,CRITICAL
250.7477783731548,36.09040558382731,18.96975298690983,23.877436637746154,3225.846547776715,35.756528403650464,58.06042256404663,3.7598666907040523,7,CRITICAL
99.65730993468138,57.495941277823675,34.522046562978645,40.480439521389705,2411.292779056516,19.168827121371038,88.29299391097263,8.154997271035192,6,CRITICAL
208.08541724213856,46.898839902460935,84.86067701666434,3.3383195597221627,1664.2292220554862,32.77108468318556,77.01658848625866,4.307854685287673,1,HIGH
231.33684475556598,39.389363896099916,98.2423718004764,7.436351655866367,370.3651816551483,42.65159801577108,42.31591427347835,6.685625255621098,7,CRITICAL
196.39520605978635,15.385261822748042,54.446231326740524,29.952690211996003,2778.081009092293,30.026773196996256,94.26332989170139,3.082579895048255,3,CRITICAL
45.47852244002981,37.11490107639128,10.8730319430738,20.21788727080979,310.3988047628999,10.936404935305486,47.18621733419218,2.094523750253401,4,MODERATE
262.7649250551171,19.66548696180597,22.604033092080613,17.748801765081584,286.6733978882525,32.1883451711638,47.089808308649935,3.880490309488238,7,CRITICAL
161.72836582080262,73.18737198813237,38.987251778463914,4.021684742251363,1903.97425641582,9.196175453972453,86.99252276461664,6.068078346024334,4,CRITICAL
84.7417279110011,26.832545079707756,62.07268137336548,53.74315048488009,602.4424286370088,39.884416351721086,37.41112789007647,6.569467392113518,4,CRITICAL
127.56845563130817,76.18112116266978,16.758428122478257,41.50911516750305,76.66942232420399,25.66641983207761,45.54251344593222,5.782066652980183,5,CRITICAL
11.271327119672215,42.64442320757689,94.90215688388935,7.297089409178962,1509.7413369354626,20.40562945246318,65.25743013947437,9.88055718624109,6,HIGH
38.360040366725265,50.52355029409283,42.85753059559607,3.902757464228437,523.3994490547275,7.280263785987695,88.13339200806371,6.9109018649516525,8,MODERATE
229.66402515475826,43.43523555914622,92.13257961323407,58.49235200587458,603.7781827183848,20.23134938368439,40.323878231608724,9.315196275969178,6,CRITICAL
0.003490426609842334,10.350449357336071,80.24696224813196,40.87035302637029,315.3417036369046,41.12826671663158,68.33677641586425,1.179331948951745,5,MODERATE
124.96974854468765,30.065697520635275,77.9893545264023,25.04736426562449,757.5734503464543,5.839319851452127,79.78684142620577,0.6137292981347886,9,HIGH
156.75305432567654,7.931688982209915,64.60476218040088,42.10386244534709,2518.4204202216433,23.985926311272195,90.24166573011658,3.1099470201195367,3,CRITICAL
16.390326000291687,49.83632353467054,66.410543534666,45.37990718880955,2840.7992099013804,42.24632364442489,95.48958921415537,1.3658893837642394,9,HIGH
291.9234488916999,35.74993561603512,67.42029116946233,46.79773214332676,1611.2410719010873,20.793639990600845,84.92479401282527,5.258685282282677,1,CRITICAL
67.83759937490159,62.23879772567494,66.58492483230239,28.672638339183457,1797.610664790891,22.127027498486015,75.69798787554014,5.189812535232788,8,CRITICAL
91.25961589088426,17.637638479949587,59.83554082585251,25.79296548749088,162.65986934999898,28.142402207964796,60.35340597189361,5.750471664439502,9,CRITICAL
91.1827536765082,13.165284674346793,98.77726166346,0.6616850561340204,289.14110173104314,23.517493343087338,37.84771079318937,7.452278808310727,4,MODERATE
69.12499863520497,32.50657847710143,75.90615106831265,55.59342690851028,938.6086534908334,11.744067649502096,79.68160347678648,9.713297002123198,4,CRITICAL
0.4421466258934248,74.12683065747049,79.92517495532691,36.198472703336584,1926.449551460359,5.742221562794416,99.49161131328408,8.782586914391464,2,HIGH
218.8034382263989,56.83374520099294,88.52165335753068,12.189236231398086,2601.4514631357256,29.392466319148063,81.57324163124699,1.183672395755816,2,CRITICAL
290.0536499397856,33.513889983433494,29.407578645326424,55.1762051652862,2137.260561616214,41.832263480312484,31.16977656164084,3.3851368877065724,0,CRITICAL
67.28804498551352,41.38177358034484,17.54237431855547,54.89591410621778,1402.8410997044195,9.254565321086625,64.73819846292872,2.5582302504804186,4,HIGH
198.91415754102673,6.737040894167867,53.46049929387388,59.351049861965755,458.21805186082673,13.438108770110135,73.02526427380327,1.768173577797928,2,CRITICAL
222.56889808761454,78.76607171008905,56.26726260573459,52.44339378833873,2743.6676603608034,19.80917943299894,78.27719407719901,5.447248766557845,1,CRITICAL
254.52761372715742,53.31258437559352,84.6263601954926,59.86706326920388,1305.061878016747,37.34968916084479,80.3808084920496,5.5326440203273055,8,CRITICAL
126.78875910408274,22.8323254770738,49.94052213541021,14.681171287396355,2589.386349965624,15.770412658839103,69.06759088515668,2.2724482788806135,9,HIGH
90.87927169212877,46.86467153721955,61.37677229898814,50.53497511195405,1819.7770046044793,40.28217617115074,45.63522329139682,7.118972503066855,5,HIGH
97.58854020690933,8.758589285519518,57.43638446621125,49.38169852774587,2598.384084788297,7.198314986002656,95.95404630335827,7.329142991695052,2,CRITICAL
213.78639992955385,77.26693350460668,13.438250538165196,13.856421553244026,3180.148987011373,42.638264850357395,78.76665273645634,0.20979994833933313,6,CRITICAL
245.03383995169082,13.982799030669275,65.36934069372225,5.906252940059447,3227.551830385617,27.429883114950595,46.578802580858664,3.9575770372231656,8,CRITICAL
54.484190326980794,51.84242544441713,84.5238957196827,58.76523082065598,1896.1183910020818,31.35110713950818,52.5625282589191,8.901406412016211,8,CRITICAL
111.28230244732956,19.636357003114433,24.175049326822347,17.76147309123662,1814.7038584414538,19.707580901454126,94.53493694412587,5.203186082438382,0,HIGH
270.58205902474504,57.40491061188286,63.489856053393616,52.25350742806837,966.5907059847885,36.279771420442415,92.12396306951351,3.476278014389943,1,CRITICAL
242.00805590842177,62.14570937922248,63.42494900017729,0.24762928047623367,3278.509418776055,11.662650003376243,58.360250685066276,2.5367615159513015,7,CRITICAL
295.45752082874276,53.87357831291461,24.776646765072286,1.2614884331761322,1629.8211268386922,6.956473011139481,32.68150553940157,2.4335451991828227,0,CRITICAL
226.27447790462423,49.1599568204154,21.111721635766244,27.952278521782105,490.1897755414511,20.820677724302286,33.39481582257567,0.9976803385080635,2,CRITICAL
117.95856030837668,71.39752751616093,98.20467486788363,14.322881036103814,1542.8319554615973,39.14782855924158,49.87428036428723,8.172264190930921,6,CRITICAL
177.19135019839132,6.290136879180643,45.43472526877338,41.39047700615786,488.33371332111363,35.197073465507785,74.03855535372996,0.8665740539417122,7,CRITICAL
198.3042762741961,26.473181262415615,30.467955585117636,33.93385953407726,1783.7343106869089,25.68623881955832,70.89362447341932,2.922947658618158,4,CRITICAL
23.536744895137186,19.86299837046768,25.419209000893744,4.649147847029487,1986.400526253932,27.885509886614138,74.36794508607599,0.4567573856635321,1,LOW
163.34908773115953,79.04111696523373,70.08415422249115,9.757697778943024,1215.2573771528694,10.195713051950218,80.20980803524748,7.813865697237005,2,HIGH
212.79624854178286,31.15118237334988,64.85007675945509,23.282956203504856,297.19461909862207,38.62726034470329,31.33225775149169,0.3928368222679046,8,CRITICAL
50.19639120031811,58.609015939231895,67.91969106886756,11.13624383732599,3305.087197934675,36.478387318567876,37.355991662071,3.083011038682084,9,HIGH
234.18951522766716,54.778013110480366,17.920542476030704,47.533340834635716,2718.068241517832,31.25881575547771,55.16384162790489,5.732973700866641,6,CRITICAL
175.1318341542335,16.966498998190218,90.41811251485933,24.9642141331968,2944.1397277426677,23.647641453157537,40.84019982651073,4.0956136029344385,0,CRITICAL
285.6665357092784,19.119814416924108,45.033975712814346,5.605912010549956,1315.6959602874915,43.5783707311805,35.27240297811879,2.8227106724910045,2,CRITICAL
12.726689462067508,22.50276508424273,38.20324657873221,29.06057413632749,2674.8670535671044,40.16127887505884,74.86750771981323,2.7518907242754165,8,MODERATE
79.59784126664009,32.890182260750336,51.61253025229653,5.450290863684851,1724.5364883337202,30.77721974058474,87.07355342437694,7.977903060062493,6,HIGH
180.46616378994722,18.746005252042146,45.10594591728654,7.736238325189031,743.7380350008585,19.872039908691516,82.68386602039978,9.73978095087245,1,CRITICAL
88.96797366177921,1.5721186197478243,87.72193028252313,14.376589921692318,479.26065032988583,29.720891147260495,87.19278450264255,3.4804107044879338,5,MODERATE
214.32724922137265,70.35144454457564,93.6334877678103,51.571662314849384,1240.4254991610962,28.017637061226615,76.60995808405141,0.39145513609016525,8,CRITICAL
227.7015847565793,77.24878651047072,37.310789480464564,55.476751939978314,524.554784589232,20.769679513396653,81.47417252699415,0.3656577790910842,3,CRITICAL
30.754789219942335,27.325630962525437,87.75422267139594,49.57546375992415,3494.027967904037,17.266958867523044,49.024514194581094,7.592134152107181,9,CRITICAL
154.15633926203031,27.08055035403783,80.33708165797604,20.044633045070835,219.7020163004761,21.280431689492897,99.51056253989151,5.52369821609127,1,HIGH
152.66716667731677,0.567345021949679,93.77269051102856,16.3467864665299,1571.945417823314,27.956456241335914,42.8215958145721,7.835926574173304,2,HIGH
110.78423106466232,54.420055066429924,32.117528096729906,32.94934144741435,1609.7226522468252,22.125393788443777,45.01457120725678,6.974970102885748,6,CRITICAL
279.8774587709016,66.0351916598903,61.92632351088812,43.31118963198674,1087.1801536067806,15.542979528055355,50.224528227109275,9.075063492653966,3,CRITICAL
248.25189596196637,11.728664028800253,34.70901262664002,59.60236728961049,2021.1629016889615,35.43853271043235,98.27327010746052,8.858242910466235,6,CRITICAL
209.16281457289102,12.77330794937206,84.16850414359368,7.894242712735573,567.4207333228292,26.25869983829652,99.18020125477342,7.883273956211774,4,HIGH
214.29799072049926,63.20665999771502,10.479177151395783,2.957519941428266,2754.4977130259563,7.707006529023999,85.64256247945482,4.7518916004214375,7,CRITICAL
138.51484314393574,49.30325986833157,60.83372465977565,41.66135333971626,1196.9446279543522,19.73266022504502,74.03403189917435,3.081264076038525,7,CRITICAL
276.2983563289728,3.588844610217361,40.528308814472624,49.933547010234335,2090.131934805314,40.39653828847974,66.40438026292294,5.070267874446399,4,CRITICAL
208.37862817598563,49.803759236982536,39.04153363700382,50.780926791985394,2518.95536443101,35.20946124799808,97.9434591980792,5.020716073198236,6,CRITICAL
218.69431849674493,24.713417827501285,68.04156914784252,40.70781294462964,3117.195306031056,17.929871357760284,78.69359620007732,6.102755488893377,5,CRITICAL
258.5072711362036,29.498012437667676,86.63360043825945,57.24094824715122,2933.4666557600904,42.527326081780366,96.13110898282211,1.860975677829041,7,CRITICAL
82.2214768026573,61.57851346375041,64.82758522539936,30.660285812675212,2148.6661469572805,8.064116334328407,52.15855596343367,6.556198804449887,8,HIGH
242.1212711600109,64.87481541380885,86.78556807820502,54.82888790017275,1389.9564723244098,43.44938815568756,53.364235458869594,4.566009242058158,4,CRITICAL
58.57218088694761,32.02853014718645,33.8137400692927,58.06872821949138,1786.0561117586255,14.828203699387025,89.83072158829049,6.202048319408592,6,CRITICAL
103.60258567346635,75.77223488050838,56.755166928848304,50.82944742018646,2702.1350371568687,5.3637672120967705,40.48984444097061,2.396048229195457,0,HIGH
100.68313628095281,32.51701743616578,50.54828851603684,18.585513795517237,3077.532121830182,22.352321460733073,96.2149502907253,4.34394893877355,7,HIGH
293.5576405167422,61.74688281840879,11.04804095527866,11.772939070217717,408.04765220951793,19.358817187480348,65.52320482643853,2.1020121445252027,2,CRITICAL
256.96116712437805,38.710181165140725,60.11309288266661,32.88720389890911,1377.7541056010346,26.563560208271753,94.84897150085884,8.753051567568017,0,CRITICAL
210.3509584770779,71.80258612176672,69.53718917315574,27.180885022811307,2727.602264526577,36.87091442279382,53.57549521080692,4.879610450415376,5,CRITICAL
218.11702848461704,72.62089949201429,63.2722963977163,52.66550053156398,1539.1985809491655,38.697232086017884,80.11712328975779,2.2498141557381213,7,CRITICAL
168.62183832077133,6.993344629686709,76.26519089050794,6.0019002640292225,1196.1857860286793,21.049199984467673,63.80125853808828,0.41208695741546286,2,MODERATE
284.12720013255574,74.91946650481806,61.42055756077694,15.464403678691117,1469.0633040402802,22.193829748254007,73.87625411718311,6.757386646535418,0,CRITICAL
148.87762586470845,66.04278732163326,16.007522936568122,45.107936671122516,2129.8143764129104,10.927109213178948,65.30607451974066,2.146447139897557,2,CRITICAL
114.15531296096836,63.30485714501335,20.48009716762403,5.699198698638728,3499.327747261615,6.90190435524654,97.6980932159953,9.895821923187784,4,CRITICAL
48.9106010794773,16.072907174841795,63.682711978955716,19.245864841302012,1750.8238804106347,30.64859960940099,78.4473778469742,5.3370037341517165,7,MODERATE
235.8616956783174,64.4095367003732,34.74812727762762,23.22932364323899,769.3059385921989,7.577505022107691,47.59232780384208,2.8897699624803206,8,CRITICAL
220.33317962267742,68.01061877480295,17.168061613128927,37.3556277937614,611.8206847128769,34.353204776858234,93.67738453335592,6.576774337926303,8,CRITICAL
115.30651155724047,23.132026756332074,48.66424691036921,9.487958743161876,196.1066287936293,26.5636058008899,50.582081670857306,2.7521992343808552,3,HIGH
7.558024187768808,76.1808062689859,59.88903382752898,51.63626942098257,1977.919460468209,12.943319129043335,56.01235695105994,8.202742939097465,7,HIGH
251.6991983154032,3.98881171193314,39.58713895146459,26.852534127976455,1928.773715636478,26.580917740505985,37.14865886141494,3.082360509299419,4,CRITICAL
3.4253950362220897,11.992740259771173,74.83903320032002,55.02130271283339,758.0570473920666,12.319908664083954,92.99765638573336,9.882477323959092,2,CRITICAL
211.1099338887153,43.00649104412115,67.93935472911201,28.072194818035896,2448.886452261356,22.54948830041648,50.02784162595041,6.051447854452936,4,CRITICAL
291.0771329178171,46.06339768978478,39.95365249825048,16.502415536444,2606.8192936223986,36.98241264968915,48.12423325519676,8.444111489426634,1,CRITICAL
131.29839844446104,51.61200666407227,77.93852760177046,8.509729721260493,943.8888085682838,23.476771736425498,94.41838185964677,0.7281546957842222,5,HIGH
70.49202149878583,1.3575303452373166,68.3825538279732,0.2247056826770888,1237.144185902591,10.94797273190193,86.38688036835234,3.482994173861882,0,MODERATE
211.46130301301451,76.82934196977043,67.3700840846112,31.929449099090135,3467.1272695980356,33.9531472729178,39.87552450635621,7.374870861661496,5,CRITICAL
245.13844260467553,3.5670474187315193,59.80849307083612,6.429401815615405,1341.212414085033,12.470736650800355,83.85271527325764,6.550590173405827,4,CRITICAL
163.9290948233542,11.44495621787219,11.025070127969752,23.503665817870694,2674.765767558551,34.54199497480438,93.91231686376535,1.9424312143375777,8,HIGH
290.11058257684385,1.1211614020845584,72.68564651292002,35.356305674225204,1611.9027218732929,24.17409156863333,35.49578527475207,3.5620293050970986,6,CRITICAL
15.50061649738833,45.348674663527575,43.84376119982408,16.541153814162016,2787.039656120367,23.149670363772064,87.76504964332011,2.634434074875409,5,MODERATE
151.43867949135844,74.58135071367778,94.834873914279,10.513457541966915,2703.1301738001353,39.05740151429899,68.31940363111391,6.13370169761843,6,CRITICAL
215.53618419676502,53.275773286437136,83.61862939694848,46.4832973565605,2353.758286934948,33.34414097362675,76.84382145651605,3.4456822945877494,9,CRITICAL
258.7921413447537,65.81259747843418,62.8925022578181,56.80747033689723,2998.9852947197483,6.31643187819757,64.4998037233456,3.090542420003498,4,CRITICAL
53.776683572337014,1.0624962766864066,32.69637836373425,6.02642507171796,3290.3038073280136,16.846972584064094,78.84621594336951,2.073779804363417,0,LOW
240.00104452910443,43.361223878378084,28.334565394989994,9.335419463100472,2050.9424555596897,39.836826433995945,32.38685031667273,4.090271209146483,8,CRITICAL
165.8121227155636,36.76503820044175,40.634635390979426,57.60075943516312,869.2677299184727,5.733046741807946,83.38947062562985,1.9550259019655358,4,CRITICAL
118.96610459698897,39.917435537663444,52.891114922201666,2.2670533087347766,1425.269917672059,26.810137850478814,32.334058850127086,9.625695873776323,3,HIGH
39.514508573728065,5.777054826815036,36.645895903505235,58.65794019302833,2666.1547116208617,34.11302676695776,61.87098934231404,1.545018114953034,5,HIGH
259.5887276726737,54.7548288855446,56.34365458532345,0.27866898509932625,2295.5480236773496,29.874243419383035,40.56754951912064,9.133047149587764,4,CRITICAL
47.18196245391461,40.257633188690754,24.883338296186736,52.42011933907988,663.4042680501082,35.421288084177455,87.6501994145915,4.284730981565819,0,HIGH
92.93635776272977,61.21190798890112,97.99415315429499,18.43951085926497,226.77641695516525,34.02767395658984,51.956263642296804,3.7786599156172205,1,HIGH
87.01365958873106,38.823250724937225,19.713209946849446,56.31533149063779,2406.217497720124,32.68122780612453,61.78654812230327,2.313198009048488,3,HIGH
261.4242102572563,11.950530898114566,93.87497256889348,19.01671731813513,916.2226329012415,37.861594437026085,60.01255189088181,6.357563343675191,7,CRITICAL
